company_id,year,net_profit_margin_pct,operating_profit_margin_pct,return_on_equity_pct,debt_to_equity,interest_coverage,asset_turnover,sales,expenses,operating_profit,opm_percentage,other_income,interest,depreciation,profit_before_tax,tax_percentage,net_profit,eps,dividend_payout,operating_activity,investing_activity,financing_activity,net_cash_flow,free_cash_flow,market_cap_crore,enterprise_value_crore,pe_ratio,pb_ratio,ev_ebitda,dividend_yield_pct,revenue_cagr_5yr,pat_cagr_5yr,eps_cagr_5yr,fcf_cagr_5yr,id,id_cf,id_mc
ABB,2012,8.77,12.22,22.41,0.0,,1.82,1653.0,1451.0,202.0,12.22,33.0,0.0,19.0,215.0,33.0,145.0,68.0,25.0,101.0,-59.0,-42.0,1.0,42.0,,,,,,,,,,,61,61.0,
ABB,2014,8.7,11.73,25.13,0.0,,2.0,2276.0,2009.0,267.0,11.73,49.0,0.0,22.0,295.0,33.0,198.0,93.0,25.0,155.0,-144.0,-42.0,-31.0,11.0,,,,,,,,,,,62,62.0,
ABB,2015,10.0,13.63,24.44,0.0,,1.67,2289.0,1977.0,312.0,13.63,48.0,0.0,15.0,344.0,34.0,229.0,108.0,29.0,215.0,-187.0,-58.0,-30.0,28.0,,,,,,,,,,,63,63.0,
ABB,2016,9.76,13.96,21.34,0.0,138.33,1.62,2614.0,2250.0,365.0,13.96,50.0,3.0,14.0,398.0,36.0,255.0,120.0,29.0,249.0,-77.0,-80.0,91.0,172.0,,,,,,,,,,,64,64.0,
ABB,2017,9.54,13.71,19.97,0.0,227.5,1.41,2903.0,2505.0,398.0,13.71,57.0,2.0,16.0,436.0,37.0,277.0,130.0,31.0,307.0,-155.0,-90.0,62.0,152.0,,,,,,,11.92,13.82,13.84,29.34,65,65.0,
ABB,2018,12.16,15.92,23.69,0.0,160.5,1.37,3298.0,2774.0,525.0,15.92,117.0,4.0,16.0,621.0,35.0,401.0,189.0,29.0,153.0,-215.0,-102.0,-165.0,-62.0,,,,,,,,,,,66,66.0,
ABB,2019,12.23,16.44,22.41,0.0,359.0,1.25,3679.0,3074.0,605.0,16.44,113.0,2.0,17.0,699.0,36.0,450.0,212.0,31.0,499.0,-257.0,-143.0,99.0,242.0,844312.98,814410.48,19.29,14.26,22.84,0.84,10.08,17.84,17.92,85.56,67,67.0,1.0
ABB,2020,14.49,18.49,24.39,0.07,96.78,1.15,4093.0,3336.0,757.0,18.49,114.0,9.0,60.0,803.0,26.0,593.0,279.0,90.0,626.0,-401.0,-217.0,8.0,225.0,923674.33,1120679.72,67.54,13.03,24.93,3.9,12.33,20.96,20.9,51.71,68,68.0,2.0
ABB,2021,16.03,21.39,26.56,0.06,55.72,1.12,4310.0,3388.0,922.0,21.39,81.0,18.0,58.0,926.0,25.0,691.0,325.0,85.0,727.0,-72.0,-582.0,73.0,655.0,1020674.09,1166450.81,62.63,6.67,7.58,1.58,10.52,22.06,22.05,30.66,69,69.0,3.0
ABB,2022,16.26,22.02,28.33,0.05,61.32,1.16,4913.0,3832.0,1082.0,22.02,83.0,19.0,66.0,1080.0,26.0,799.0,376.0,73.0,948.0,-396.0,-637.0,-86.0,552.0,1185994.82,1158637.42,18.68,4.75,6.12,3.35,11.1,23.6,23.67,29.43,70,70.0,4.0
ABB,2023,17.74,22.55,29.77,0.04,85.0,1.17,5349.0,4143.0,1206.0,22.55,154.0,16.0,70.0,1274.0,25.0,949.0,447.0,73.0,893.0,-148.0,-639.0,107.0,745.0,1161513.28,1103083.77,58.34,12.72,5.7,1.05,10.16,18.8,18.79,,71,71.0,5.0
ABB,2024,20.53,24.84,32.47,0.02,141.75,1.13,5849.0,4396.0,1453.0,24.84,248.0,12.0,71.0,1618.0,26.0,1201.0,565.0,73.0,1213.0,-416.0,-745.0,52.0,797.0,1536236.24,1619349.16,75.58,4.48,12.63,0.96,9.72,21.69,21.66,26.92,72,72.0,6.0
ADANIENSOL,2014,,,0.0,0.0,,,0.0,0.0,0.0,,0.0,0.0,0.0,0.0,0.0,0.0,0.0,,0.0,0.0,0.0,0.0,0.0,,,,,,,,,,,86,84.0,
ADANIENSOL,2015,-5.34,77.1,-0.65,8.96,1.42,0.01,131.0,29.0,101.0,77.1,3.0,73.0,37.0,-5.0,34.0,-7.0,0.0,0.0,-35.0,-1864.0,1902.0,3.0,-1899.0,,,,,,,,,,,87,85.0,
ADANIENSOL,2016,16.77,87.83,13.77,3.21,2.09,0.19,2194.0,267.0,1927.0,87.83,70.0,957.0,560.0,480.0,23.0,368.0,3.0,0.0,1544.0,-816.0,-722.0,6.0,728.0,,,,,,,,,,,88,86.0,
ADANIENSOL,2017,14.46,68.95,14.12,3.05,2.22,0.22,2876.0,893.0,1983.0,68.95,22.0,904.0,569.0,532.0,22.0,416.0,4.0,0.0,2189.0,-1730.0,-455.0,4.0,459.0,,,,,,,,,,,89,87.0,
ADANIENSOL,2018,28.98,71.65,18.87,1.72,3.31,0.23,3944.0,1118.0,2826.0,71.65,111.0,886.0,579.0,1472.0,22.0,1143.0,10.0,0.0,2198.0,-3192.0,1589.0,596.0,-994.0,,,,,,,,,,,90,88.0,
ADANIENSOL,2019,7.65,38.03,6.95,2.5,2.24,0.22,7305.0,4528.0,2778.0,38.03,336.0,1391.0,882.0,840.0,33.0,559.0,5.0,0.0,2591.0,-3050.0,38.0,-421.0,-459.0,171905.69,222090.81,76.72,12.85,34.64,2.97,,,,,91,89.0,7.0
ADANIENSOL,2020,6.18,37.3,8.31,2.85,2.02,0.29,11416.0,7158.0,4258.0,37.3,261.0,2238.0,1174.0,1107.0,36.0,706.0,7.0,0.0,5437.0,-5643.0,1250.0,1045.0,-206.0,217135.25,213517.12,35.93,9.79,35.62,2.97,144.37,,,,92,90.0,8.0
ADANIENSOL,2021,13.0,39.79,14.46,3.04,2.39,0.23,9926.0,5976.0,3950.0,39.79,1115.0,2117.0,1329.0,1620.0,20.0,1290.0,11.0,0.0,3784.0,-4009.0,-745.0,-969.0,-225.0,275655.59,300348.76,59.65,14.71,10.37,4.17,35.24,28.51,29.67,,93,91.0,9.0
ADANIENSOL,2022,10.98,37.36,12.47,3.02,2.32,0.24,11258.0,7051.0,4206.0,37.36,1286.0,2365.0,1427.0,1700.0,27.0,1236.0,11.0,0.0,4097.0,-3936.0,-235.0,-75.0,161.0,306303.52,354481.15,71.21,6.44,19.65,2.37,31.38,24.33,22.42,-18.9,94,92.0,10.0
ADANIENSOL,2023,9.64,33.99,10.9,2.92,2.19,0.25,13293.0,8775.0,4518.0,33.99,1583.0,2781.0,1608.0,1712.0,25.0,1281.0,11.0,0.0,3777.0,-4699.0,923.0,2.0,-922.0,263283.51,289260.77,28.96,13.96,8.07,2.07,27.51,2.31,1.92,,95,93.0,11.0
ADANIENSOL,2024,7.2,34.39,9.46,2.93,2.28,0.28,16607.0,10896.0,5711.0,34.39,611.0,2767.0,1776.0,1780.0,33.0,1196.0,10.0,0.0,6038.0,-4943.0,-543.0,551.0,1095.0,348517.36,439276.19,58.5,9.05,14.83,1.65,17.85,16.43,14.87,,96,94.0,12.0
ADANIENT,2013,2.63,12.98,5.69,3.24,2.23,0.41,46375.0,40354.0,6021.0,12.98,1775.0,3492.0,2298.0,2005.0,39.0,1218.0,15.0,10.0,7666.0,-14790.0,7199.0,75.0,-7124.0,,,,,,,,,,,98,95.0,
ADANIENT,2014,4.82,17.08,11.14,3.03,1.85,0.47,54947.0,45564.0,9383.0,17.08,1157.0,5703.0,3223.0,1614.0,-64.0,2646.0,20.0,7.0,8228.0,-8007.0,-1109.0,-888.0,221.0,,,,,,,,,,,99,96.0,
ADANIENT,2015,3.56,19.31,8.93,3.25,1.88,0.49,64465.0,52015.0,12450.0,19.31,792.0,7056.0,3522.0,2663.0,14.0,2298.0,18.0,8.0,8532.0,-11465.0,3445.0,512.0,-2933.0,,,,,,,,,,,100,97.0,
ADANIENT,2016,2.94,4.95,7.47,1.43,2.01,0.82,34008.0,32325.0,1684.0,4.95,1044.0,1357.0,314.0,1056.0,7.0,1000.0,9.0,4.0,5112.0,-1825.0,-3448.0,-161.0,3287.0,,,,,,,,,,,101,98.0,
ADANIENT,2017,2.53,5.21,6.54,1.47,2.11,0.77,36533.0,34631.0,1902.0,5.21,749.0,1257.0,315.0,1079.0,25.0,925.0,9.0,4.0,774.0,-1460.0,716.0,30.0,-686.0,,,,,,,,,,,102,99.0,
ADANIENT,2018,1.65,5.67,3.94,1.17,1.92,0.64,35924.0,33886.0,2038.0,5.67,363.0,1250.0,664.0,487.0,23.0,594.0,7.0,6.0,2942.0,-7649.0,5120.0,413.0,-4707.0,,,,,,,-4.98,-13.38,-14.14,,103,100.0,
ADANIENT,2019,1.25,4.88,3.43,0.76,1.52,0.95,40379.0,38409.0,1969.0,4.88,504.0,1625.0,390.0,459.0,32.0,506.0,7.0,6.0,3236.0,2487.0,-6158.0,-436.0,5723.0,173718.83,178851.86,56.08,5.69,21.25,2.5,-5.98,-28.17,-18.94,91.71,104,101.0,13.0
ADANIENT,2020,2.4,5.29,6.14,0.73,2.01,0.93,43403.0,41108.0,2294.0,5.29,872.0,1572.0,472.0,1122.0,29.0,1040.0,10.0,10.0,2454.0,-1082.0,-221.0,1151.0,1372.0,217309.44,213933.01,36.71,2.39,7.65,2.72,-7.61,-14.66,-11.09,,105,102.0,14.0
ADANIENT,2021,2.65,6.34,6.1,0.95,2.18,0.77,39537.0,37031.0,2506.0,6.34,494.0,1377.0,537.0,1086.0,31.0,1046.0,8.0,12.0,4043.0,-8611.0,3109.0,-1459.0,-4568.0,205258.66,189642.53,72.59,8.25,9.71,0.24,3.06,0.9,-2.33,,106,103.0,15.0
ADANIENT,2022,1.14,5.35,3.54,1.87,1.87,0.68,69420.0,65707.0,3714.0,5.35,1012.0,2526.0,1248.0,952.0,50.0,788.0,7.0,14.0,1385.0,-17041.0,15901.0,246.0,-15656.0,186771.02,203306.77,56.13,9.8,10.05,2.85,13.7,-3.16,-4.9,,107,104.0,16.0
ADANIENT,2023,1.9,6.91,7.33,1.61,2.43,0.9,127540.0,118722.0,8818.0,6.91,834.0,3969.0,2436.0,3247.0,32.0,2422.0,22.0,6.0,17626.0,-15459.0,-1198.0,970.0,2167.0,196563.95,213448.3,65.7,5.32,10.14,3.93,28.84,32.46,25.74,,108,105.0,17.0
ADANIENT,2024,3.46,11.8,8.53,1.67,2.75,0.6,96421.0,85044.0,11377.0,11.8,1146.0,4555.0,3042.0,4926.0,33.0,3335.0,28.0,5.0,10312.0,-18767.0,8879.0,424.0,-8455.0,187927.97,191237.75,58.87,10.41,33.01,0.83,19.02,45.81,31.95,,109,106.0,18.0
ADANIGREEN,2017,-9.36,80.28,-3.91,3.61,1.45,0.08,502.0,98.0,403.0,80.28,80.0,334.0,333.0,-184.0,-75.0,-47.0,0.0,0.0,28.0,-1511.0,1559.0,76.0,-1483.0,,,,,,,,,,,111,107.0,
ADANIGREEN,2018,-9.32,56.96,-10.29,7.36,1.6,0.09,1480.0,637.0,843.0,56.96,42.0,552.0,543.0,-210.0,-35.0,-138.0,-1.0,0.0,649.0,-4428.0,3942.0,162.0,-3779.0,,,,,,,,,,,112,108.0,
ADANIGREEN,2019,-23.08,74.15,-24.57,5.76,1.43,0.14,2058.0,532.0,1526.0,74.15,73.0,1121.0,1062.0,-585.0,-19.0,-475.0,-3.0,0.0,1625.0,-2666.0,1045.0,3.0,-1041.0,485373.12,541878.15,29.07,10.49,5.01,0.27,,,,,113,109.0,19.0
ADANIGREEN,2020,-2.67,56.89,-2.89,6.31,1.35,0.14,2549.0,1098.0,1450.0,56.89,-111.0,995.0,394.0,-50.0,23.0,-68.0,0.0,0.0,1965.0,-3743.0,2161.0,383.0,-1778.0,517543.72,664150.23,72.14,14.91,19.59,0.21,,,,,114,110.0,20.0
ADANIGREEN,2021,5.83,71.73,8.27,11.0,1.35,0.11,3124.0,883.0,2241.0,71.73,391.0,1953.0,486.0,193.0,6.0,182.0,1.0,0.0,1601.0,-9137.0,7083.0,-453.0,-7536.0,519085.0,607489.51,17.73,4.85,6.97,2.14,,,,,115,111.0,21.0
ADANIGREEN,2022,9.53,68.42,18.71,20.21,1.54,0.09,5133.0,1621.0,3512.0,68.42,507.0,2617.0,849.0,553.0,12.0,489.0,3.0,0.0,3127.0,-18730.0,15986.0,383.0,-15603.0,495446.05,463984.83,37.61,5.59,23.81,3.37,59.2,,,,116,112.0,22.0
ADANIGREEN,2023,12.51,63.91,13.32,7.42,1.94,0.12,7776.0,2806.0,4970.0,63.91,667.0,2911.0,1300.0,1426.0,32.0,973.0,6.0,0.0,7265.0,-3857.0,-2973.0,435.0,3408.0,449015.01,546204.41,9.89,6.92,25.56,4.31,39.35,,,,117,113.0,23.0
ADANIGREEN,2024,13.67,79.37,12.81,6.6,1.71,0.1,9220.0,1902.0,7318.0,79.37,1262.0,5006.0,1903.0,1671.0,25.0,1260.0,7.0,0.0,7713.0,-21060.0,13953.0,606.0,-13347.0,510512.78,491878.9,45.26,6.24,21.78,0.89,34.98,,,,118,114.0,24.0
ADANIPORTS,2013,45.82,66.59,25.63,1.82,5.03,0.17,3577.0,1195.0,2382.0,66.59,344.0,542.0,422.0,1762.0,7.0,1639.0,8.0,12.0,1379.0,-5136.0,4138.0,381.0,-3757.0,,,,,,,,,,,120,115.0,
ADANIPORTS,2014,36.05,60.43,19.86,1.48,3.69,0.2,4830.0,1910.0,2919.0,60.43,685.0,977.0,649.0,1978.0,12.0,1741.0,8.0,12.0,1132.0,-2510.0,772.0,-606.0,-1378.0,,,,,,,,,,,121,116.0,
ADANIPORTS,2015,37.78,63.43,21.59,1.65,3.9,0.19,6152.0,2250.0,3902.0,63.43,686.0,1175.0,912.0,2501.0,7.0,2324.0,11.0,10.0,3057.0,-2485.0,-237.0,335.0,572.0,,,,,,,,,,,122,117.0,
ADANIPORTS,2016,40.17,64.38,21.15,1.65,4.72,0.19,7109.0,2532.0,4577.0,64.38,730.0,1124.0,1063.0,3119.0,9.0,2856.0,14.0,8.0,2381.0,-4153.0,2170.0,398.0,-1772.0,,,,,,,,,,,123,118.0,
ADANIPORTS,2017,46.24,64.2,22.26,1.27,5.78,0.19,8439.0,3021.0,5418.0,64.2,1037.0,1116.0,1160.0,4179.0,7.0,3902.0,19.0,7.0,4063.0,-2629.0,-1325.0,109.0,1434.0,,,,,,,,,,,124,119.0,
ADANIPORTS,2018,32.59,63.21,17.65,1.07,5.07,0.24,11323.0,4166.0,7157.0,63.21,844.0,1579.0,1188.0,5234.0,30.0,3690.0,18.0,11.0,5608.0,-3846.0,-1889.0,-127.0,1762.0,,,,,,,25.92,17.62,17.61,,125,120.0,
ADANIPORTS,2019,37.03,60.38,16.6,1.14,5.69,0.19,10925.0,4330.0,6596.0,60.38,1289.0,1385.0,1373.0,5126.0,21.0,4045.0,19.0,1.0,6029.0,-4368.0,2313.0,3975.0,1661.0,697221.18,835004.1,50.76,1.64,36.14,2.77,17.73,18.37,18.89,,126,121.0,25.0
ADANIPORTS,2020,31.88,50.09,14.87,1.19,4.04,0.19,11873.0,5926.0,5947.0,50.09,1928.0,1951.0,1680.0,4244.0,11.0,3785.0,19.0,17.0,7402.0,-749.0,-4256.0,2397.0,6653.0,702836.27,645384.3,53.52,5.91,36.77,0.16,14.05,10.25,11.55,63.35,127,122.0,26.0
ADANIPORTS,2021,40.23,69.23,16.59,1.18,4.73,0.17,12550.0,3862.0,8688.0,69.23,1967.0,2255.0,2107.0,6292.0,20.0,5049.0,25.0,20.0,7556.0,-14064.0,3514.0,-2994.0,-6508.0,611152.14,782103.44,77.47,0.9,30.06,1.0,12.04,12.07,12.3,,128,123.0,27.0
ADANIPORTS,2022,28.93,55.66,11.84,1.15,4.47,0.17,17119.0,7591.0,9528.0,55.66,1832.0,2544.0,3099.0,5717.0,13.0,4953.0,23.0,22.0,10420.0,-5493.0,-586.0,4341.0,4927.0,733808.16,915420.63,15.26,3.96,5.84,0.2,15.2,4.89,3.9,28.0,129,124.0,28.0
ADANIPORTS,2023,25.85,52.5,11.88,1.18,4.77,0.19,20852.0,9905.0,10947.0,52.5,327.0,2363.0,3425.0,5487.0,2.0,5391.0,25.0,20.0,11900.0,-16716.0,-2734.0,-7550.0,-4816.0,634603.85,774389.91,29.48,7.65,32.57,2.23,12.99,7.88,6.79,,130,125.0,29.0
ADANIPORTS,2024,30.34,58.36,15.35,0.94,5.95,0.23,26711.0,11121.0,15589.0,58.36,671.0,2733.0,3888.0,9639.0,16.0,8104.0,38.0,16.0,15018.0,-6768.0,-7800.0,450.0,8250.0,675598.01,611165.74,48.9,2.31,31.76,1.16,19.58,14.91,14.87,37.79,131,126.0,30.0
ADANIPOWER,2013,-34.29,14.35,-53.46,9.74,0.69,0.12,6692.0,5732.0,960.0,14.35,215.0,1703.0,1290.0,-1818.0,26.0,-2295.0,-10.0,0.0,3001.0,-4064.0,861.0,-203.0,-1063.0,,,,,,,,,,,146,127.0,
ADANIPOWER,2014,-1.9,29.96,-4.45,6.75,1.14,0.26,15328.0,10735.0,4593.0,29.96,137.0,4162.0,1937.0,-1370.0,-79.0,-291.0,-1.0,0.0,3238.0,-4700.0,1631.0,169.0,-1462.0,,,,,,,,,,,147,128.0,
ADANIPOWER,2015,-4.37,25.04,-14.25,7.82,1.21,0.32,18683.0,14005.0,4678.0,25.04,1188.0,4864.0,1818.0,-816.0,0.0,-816.0,-3.0,0.0,5824.0,-4737.0,-1144.0,-58.0,1087.0,,,,,,,,,,,148,129.0,
ADANIPOWER,2016,2.17,34.68,7.38,7.06,1.55,0.33,25377.0,16575.0,8802.0,34.68,-201.0,5560.0,2666.0,375.0,-47.0,551.0,2.0,0.0,5257.0,-2692.0,-2713.0,-148.0,2565.0,,,,,,,,,,,149,130.0,
ADANIPOWER,2017,-27.3,26.44,-205.8,17.49,0.39,0.32,22616.0,16635.0,5980.0,26.44,-3666.0,5902.0,2672.0,-6260.0,-1.0,-6174.0,-16.0,0.0,4725.0,-1212.0,-3539.0,-26.0,3513.0,,,,,,,,,,,150,131.0,
ADANIPOWER,2018,-10.36,26.77,-236.56,59.43,1.11,0.29,20304.0,14868.0,5436.0,26.77,754.0,5570.0,2699.0,-2079.0,0.0,-2103.0,-5.0,0.0,5101.0,-520.0,-4600.0,-19.0,4581.0,,,,,,,24.85,,,,151,132.0,
ADANIPOWER,2019,-4.12,20.86,-12.76,6.09,1.31,0.35,23884.0,18901.0,4983.0,20.86,2448.0,5657.0,2751.0,-976.0,1.0,-984.0,-3.0,0.0,5610.0,-984.0,-4663.0,-37.0,4626.0,1188256.85,1362538.77,27.22,4.37,35.21,0.06,9.28,,,,152,133.0,31.0
ADANIPOWER,2020,-8.6,21.66,-35.1,8.52,1.14,0.35,26468.0,20734.0,5734.0,21.66,323.0,5315.0,3006.0,-2265.0,0.0,-2275.0,-6.0,0.0,5598.0,-2304.0,-2377.0,917.0,3294.0,1117866.08,1278915.22,66.83,5.7,27.87,2.51,7.21,,,24.82,153,134.0,32.0
ADANIPOWER,2021,4.84,33.13,9.69,4.01,2.08,0.33,26221.0,17533.0,8688.0,33.13,1909.0,5106.0,3202.0,2289.0,45.0,1270.0,3.0,0.0,7014.0,-2188.0,-5655.0,-828.0,4826.0,986259.76,1132916.67,66.6,14.89,6.04,2.97,0.66,18.18,8.45,13.47,154,135.0,33.0
ADANIPOWER,2022,17.73,35.66,26.61,2.66,3.37,0.34,27711.0,17830.0,9881.0,35.66,3908.0,4095.0,3118.0,6577.0,25.0,4912.0,13.0,0.0,10233.0,774.0,-10338.0,669.0,11007.0,1042747.57,942555.33,52.23,2.28,18.25,1.18,4.15,,,25.66,155,136.0,34.0
ADANIPOWER,2023,27.67,26.04,35.91,1.42,4.29,0.45,38773.0,28677.0,10096.0,26.04,4216.0,3334.0,3304.0,7675.0,-40.0,10727.0,28.0,0.0,8431.0,1545.0,-10408.0,-433.0,9976.0,1074636.56,1178960.38,33.86,8.51,13.35,2.86,13.81,,,16.84,156,137.0,35.0
ADANIPOWER,2024,41.37,36.2,48.28,0.8,8.3,0.55,50351.0,32124.0,18228.0,36.2,9883.0,3388.0,3931.0,20792.0,0.0,20829.0,54.0,0.0,14170.0,3481.0,-16864.0,787.0,17651.0,1372183.55,1357949.64,44.57,9.91,24.76,1.65,16.09,,,30.71,157,138.0,36.0
AMBUJACEM,2012,13.25,25.37,14.69,0.01,32.59,0.79,9749.0,7276.0,2473.0,25.37,69.0,78.0,569.0,1896.0,32.0,1292.0,8.0,43.0,1860.0,-388.0,-509.0,962.0,1472.0,,,,,,,,,,,159,139.0,
AMBUJACEM,2013,13.95,18.22,13.51,0.01,30.73,0.71,9161.0,7492.0,1669.0,18.22,390.0,67.0,494.0,1498.0,15.0,1278.0,8.0,44.0,1267.0,-496.0,-672.0,99.0,771.0,,,,,,,,,,,160,140.0,
AMBUJACEM,2014,14.94,19.43,14.77,0.0,35.65,0.72,9955.0,8022.0,1934.0,19.43,419.0,66.0,513.0,1774.0,16.0,1487.0,10.0,46.0,1675.0,-456.0,-721.0,498.0,1219.0,,,,,,,,,,,161,141.0,
AMBUJACEM,2015,8.56,16.34,7.87,0.0,20.6,0.67,9437.0,7895.0,1542.0,16.34,353.0,92.0,630.0,1173.0,31.0,808.0,5.0,54.0,1557.0,-83.0,-900.0,574.0,1474.0,,,,,,,,,,,162,142.0,
AMBUJACEM,2016,7.14,15.83,7.23,0.0,23.67,0.61,20094.0,16913.0,3181.0,15.83,441.0,153.0,1461.0,2008.0,29.0,1434.0,6.0,50.0,2810.0,-4165.0,-958.0,-2312.0,-1355.0,,,,,,,,,,,163,143.0,
AMBUJACEM,2017,8.24,16.34,9.41,0.0,20.35,0.66,23609.0,19751.0,3858.0,16.34,335.0,206.0,1219.0,2768.0,30.0,1945.0,8.0,47.0,3416.0,-738.0,-1015.0,1663.0,2678.0,,,,,,,19.35,8.53,0.0,12.71,164,144.0,
AMBUJACEM,2018,11.42,15.4,13.29,0.0,24.96,0.7,26041.0,22030.0,4011.0,15.4,232.0,170.0,1154.0,2919.0,-2.0,2973.0,11.0,14.0,1703.0,-765.0,-719.0,220.0,938.0,,,,,,,23.24,18.39,6.58,4.0,165,145.0,
AMBUJACEM,2019,10.27,16.96,11.56,0.0,30.58,0.67,27104.0,22507.0,4597.0,16.96,601.0,170.0,1153.0,3875.0,28.0,2783.0,11.0,14.0,4739.0,-1191.0,-629.0,2919.0,3548.0,833955.32,873953.9,46.35,0.8,22.77,2.94,22.18,13.35,1.92,23.82,166,146.0,37.0
AMBUJACEM,2020,12.67,20.42,13.65,0.02,37.81,0.62,24516.0,19511.0,5006.0,20.42,288.0,140.0,1162.0,3992.0,22.0,3107.0,12.0,151.0,4832.0,-1317.0,-3956.0,-441.0,3515.0,1025434.68,969394.29,79.32,9.29,17.71,1.12,21.04,30.91,19.14,18.98,167,147.0,38.0
AMBUJACEM,2021,12.81,21.44,14.64,0.02,44.26,0.64,28965.0,22755.0,6210.0,21.44,252.0,146.0,1152.0,5164.0,28.0,3711.0,14.0,45.0,5309.0,-2007.0,-516.0,2786.0,3302.0,1165353.63,1459820.61,45.48,10.09,17.52,1.75,7.59,20.95,18.47,,168,148.0,39.0
AMBUJACEM,2023,7.77,13.15,,0.02,,,38937.0,33815.0,5122.0,13.15,447.0,195.0,1645.0,3729.0,19.0,3024.0,13.0,19.0,735.0,-14481.0,2931.0,-10815.0,-13746.0,1410892.33,1458659.98,73.29,1.59,6.74,0.57,8.38,0.34,3.4,,169,149.0,41.0
AMBUJACEM,2024,14.29,19.3,11.43,0.02,28.26,0.51,33160.0,26760.0,6400.0,19.3,1401.0,276.0,1623.0,5901.0,20.0,4738.0,16.0,12.0,5646.0,-8941.0,5689.0,2394.0,-3295.0,1281411.04,1198290.68,55.62,9.21,27.67,3.1,4.12,11.23,7.78,,170,150.0,42.0
APOLLOHOSP,2013,8.04,16.24,11.03,0.44,6.26,0.78,3769.0,3157.0,612.0,16.24,33.0,103.0,142.0,399.0,26.0,303.0,22.0,25.0,443.0,-733.0,373.0,83.0,-290.0,,,,,,,,,,,172,151.0,
APOLLOHOSP,2014,7.23,15.52,10.58,0.45,5.83,0.81,4357.0,3681.0,676.0,15.52,18.0,119.0,168.0,407.0,25.0,315.0,23.0,25.0,373.0,-356.0,-63.0,-46.0,17.0,,,,,,,,,,,173,152.0,
APOLLOHOSP,2015,6.53,14.37,10.56,0.63,6.64,0.79,5129.0,4392.0,737.0,14.37,47.0,118.0,212.0,455.0,29.0,335.0,24.0,24.0,470.0,-759.0,392.0,103.0,-289.0,,,,,,,,,,,174,153.0,
APOLLOHOSP,2016,3.82,11.12,7.05,0.85,4.31,0.84,6150.0,5465.0,684.0,11.12,92.0,180.0,264.0,332.0,29.0,235.0,17.0,35.0,597.0,-888.0,330.0,39.0,-291.0,,,,,,,,,,,175,154.0,
APOLLOHOSP,2017,1.81,10.12,3.95,0.94,3.09,0.9,7256.0,6522.0,734.0,10.12,60.0,257.0,314.0,222.0,41.0,131.0,16.0,38.0,623.0,-1152.0,477.0,-52.0,-529.0,,,,,,,,,,,176,155.0,
APOLLOHOSP,2018,0.73,9.72,1.85,1.05,2.8,0.96,8243.0,7442.0,801.0,9.72,24.0,295.0,359.0,171.0,65.0,60.0,8.0,59.0,537.0,-405.0,-108.0,24.0,132.0,,,,,,,16.94,-27.67,-18.32,,177,156.0,
APOLLOHOSP,2019,2.08,11.13,6.0,1.1,3.35,1.05,9617.0,8548.0,1070.0,11.13,26.0,327.0,396.0,373.0,47.0,200.0,17.0,35.0,905.0,-711.0,-215.0,-20.0,194.0,1083786.88,1245185.95,49.76,14.18,13.13,0.26,17.16,-8.68,-5.87,62.73,178,157.0,43.0
APOLLOHOSP,2020,3.84,14.15,12.93,1.08,3.4,1.0,11247.0,9656.0,1591.0,14.15,222.0,533.0,620.0,660.0,34.0,432.0,33.0,18.0,1293.0,-289.0,-910.0,94.0,1004.0,1275343.54,1525399.05,28.39,8.78,7.08,4.32,17.0,5.22,6.58,,179,158.0,44.0
APOLLOHOSP,2021,1.3,10.8,2.98,0.9,2.77,0.93,10560.0,9420.0,1140.0,10.8,103.0,449.0,573.0,221.0,38.0,137.0,10.0,29.0,1265.0,-880.0,-340.0,44.0,385.0,1154138.06,1069918.55,11.18,6.7,8.4,3.35,11.42,-10.23,-10.07,,180,159.0,45.0
APOLLOHOSP,2022,7.56,14.93,19.7,0.72,6.75,1.11,14663.0,12474.0,2189.0,14.93,368.0,379.0,601.0,1578.0,30.0,1108.0,73.0,16.0,1696.0,-747.0,-792.0,158.0,949.0,1499729.8,1505860.05,53.27,1.11,18.53,1.32,15.11,53.27,35.47,,181,160.0,46.0
APOLLOHOSP,2023,5.08,12.43,13.62,0.7,5.62,1.15,16612.0,14548.0,2065.0,12.43,75.0,381.0,615.0,1144.0,22.0,844.0,57.0,26.0,1377.0,-857.0,-633.0,-113.0,520.0,1446203.76,1674544.0,17.38,12.98,28.27,3.2,15.04,69.68,48.1,31.55,182,161.0,47.0
APOLLOHOSP,2024,4.91,12.56,13.48,0.77,5.57,1.14,19059.0,16665.0,2394.0,12.56,105.0,449.0,687.0,1362.0,33.0,935.0,63.0,26.0,1920.0,-1537.0,-311.0,72.0,383.0,1905622.43,2433382.94,47.72,7.68,16.74,3.22,14.66,36.13,29.95,14.57,183,162.0,48.0
ASIANPAINT,2013,11.04,16.54,34.28,0.07,44.07,1.55,10504.0,8767.0,1737.0,16.54,114.0,42.0,155.0,1655.0,30.0,1160.0,12.0,40.0,1187.0,-463.0,-601.0,123.0,724.0,,,,,,,,,,,185,163.0,
ASIANPAINT,2014,10.34,16.4,31.27,0.06,44.33,1.51,12220.0,10217.0,2004.0,16.4,124.0,48.0,246.0,1834.0,31.0,1263.0,13.0,42.0,1402.0,-586.0,-626.0,190.0,816.0,,,,,,,,,,,186,164.0,
ASIANPAINT,2015,10.48,16.47,30.09,0.09,56.79,1.53,13615.0,11372.0,2243.0,16.47,142.0,42.0,266.0,2077.0,31.0,1427.0,15.0,42.0,1188.0,-465.0,-576.0,147.0,723.0,,,,,,,,,,,187,165.0,
ASIANPAINT,2016,12.63,19.09,27.63,0.05,59.96,1.35,14271.0,11546.0,2725.0,19.09,213.0,49.0,276.0,2614.0,32.0,1803.0,18.0,41.0,2243.0,-866.0,-849.0,528.0,1377.0,,,,,,,,,,,188,166.0,
ASIANPAINT,2017,13.38,19.88,26.51,0.07,90.05,1.21,15062.0,12068.0,2994.0,19.88,338.0,37.0,335.0,2960.0,32.0,2016.0,20.0,51.0,1527.0,-681.0,-756.0,90.0,846.0,,,,,,,,,,,189,167.0,
ASIANPAINT,2018,12.47,19.04,24.95,0.06,86.34,1.22,16825.0,13621.0,3204.0,19.04,336.0,41.0,360.0,3138.0,33.0,2098.0,21.0,41.0,2113.0,-1556.0,-1379.0,-822.0,557.0,,,,,,,9.88,12.58,11.84,-5.11,190,168.0,
ASIANPAINT,2019,11.48,19.57,23.31,0.14,36.72,1.18,19240.0,15475.0,3765.0,19.57,274.0,110.0,622.0,3306.0,33.0,2208.0,22.0,47.0,2470.0,-918.0,-1117.0,434.0,1552.0,1065817.17,1060968.11,30.34,5.08,33.21,0.45,9.5,11.82,11.1,13.72,191,169.0,49.0
ASIANPAINT,2020,13.73,20.57,27.38,0.11,44.24,1.25,20211.0,16054.0,4157.0,20.57,355.0,102.0,780.0,3629.0,24.0,2774.0,28.0,43.0,3038.0,-518.0,-2871.0,-351.0,2520.0,1148763.92,1230363.26,13.27,6.46,22.97,0.29,8.22,14.22,13.3,28.37,192,170.0,50.0
ASIANPAINT,2021,14.77,22.36,25.04,0.09,56.39,1.07,21713.0,16857.0,4856.0,22.36,332.0,92.0,791.0,4304.0,26.0,3207.0,33.0,55.0,3683.0,-541.0,-650.0,2492.0,3142.0,1269304.94,1629400.62,78.48,8.21,23.03,1.28,8.76,12.21,12.89,17.94,193,171.0,51.0
ASIANPAINT,2022,10.6,16.51,22.34,0.11,53.68,1.27,29101.0,24298.0,4804.0,16.51,296.0,95.0,816.0,4188.0,26.0,3085.0,32.0,61.0,986.0,-317.0,-1808.0,-1138.0,669.0,1711731.0,1728320.53,40.61,0.54,17.22,0.32,14.08,8.88,9.86,-4.59,194,172.0,52.0
ASIANPAINT,2023,12.16,18.15,26.23,0.12,46.47,1.34,34489.0,28229.0,6260.0,18.15,431.0,144.0,858.0,5689.0,26.0,4195.0,43.0,60.0,4193.0,-1282.0,-2140.0,771.0,2911.0,2091585.31,2351790.62,49.2,4.65,33.52,0.01,15.44,14.86,15.41,39.2,195,173.0,53.0
ASIANPAINT,2024,15.66,21.37,29.68,0.13,41.0,1.19,35495.0,27910.0,7585.0,21.37,821.0,205.0,853.0,7348.0,24.0,5558.0,57.0,58.0,6104.0,-2548.0,-2982.0,573.0,3556.0,2126725.18,2475080.63,73.37,3.9,23.94,2.42,13.03,20.28,20.97,18.04,196,174.0,54.0
ATGL,2018,11.79,26.64,15.94,1.32,3.57,0.49,1374.0,1008.0,366.0,26.64,80.0,125.0,61.0,259.0,36.0,162.0,6.0,0.0,,,,,,,,,,,,,,,,198,,
ATGL,2019,13.32,26.47,20.78,0.36,5.71,0.84,1719.0,1264.0,455.0,26.47,59.0,90.0,67.0,357.0,36.0,229.0,2.0,12.0,,,,,,1148243.4,1228379.56,21.14,0.81,10.15,4.39,,,,,199,,55.0
ATGL,2020,23.25,31.73,29.64,0.29,15.59,0.76,1875.0,1280.0,595.0,31.73,44.0,41.0,51.0,547.0,20.0,436.0,4.0,6.0,,,,,,1099356.08,1400593.18,22.78,14.0,27.91,0.51,,,,,200,,56.0
ATGL,2021,27.3,41.51,23.94,0.27,18.35,0.53,1696.0,991.0,704.0,41.51,30.0,40.0,63.0,631.0,25.0,463.0,4.0,6.0,,,,,,1254318.65,1288694.02,35.59,6.88,19.79,2.99,,,,,201,,57.0
ATGL,2022,16.75,25.44,21.07,0.43,15.45,0.69,3038.0,2265.0,773.0,25.44,46.0,53.0,83.0,684.0,26.0,509.0,5.0,5.0,,,,,,1548060.05,1597088.78,74.55,14.11,6.42,0.07,,,,,202,,58.0
ATGL,2023,12.47,19.87,18.57,0.48,11.85,0.78,4378.0,3508.0,870.0,19.87,54.0,78.0,113.0,733.0,25.0,546.0,5.0,5.0,,,,,,1644865.15,1868991.35,28.01,4.26,28.74,2.71,26.08,27.51,-3.58,,203,,59.0
ATGL,2024,14.93,24.67,18.66,0.43,10.5,0.68,4475.0,3371.0,1104.0,24.67,62.0,111.0,158.0,896.0,26.0,668.0,6.0,4.0,,,,,,1535602.41,1925338.89,56.96,5.76,28.93,0.51,21.09,23.88,24.57,,204,,60.0
AXISBANK,2013,19.05,30.58,15.62,8.93,1.27,0.08,27183.0,17516.0,8313.0,30.58,5.0,6551.0,352.0,7553.0,31.0,5179.0,22.0,16.0,2573.0,-10939.0,14931.0,6566.0,-8366.0,,,,,,,,,,,219,196.0,
AXISBANK,2014,20.29,31.47,16.19,8.68,1.3,0.08,30641.0,18690.0,9644.0,31.47,8.0,7405.0,364.0,9349.0,33.0,6218.0,26.0,15.0,14464.0,-14166.0,7785.0,8082.0,298.0,,,,,,,,,,,220,197.0,
AXISBANK,2015,20.74,31.36,16.37,9.05,1.33,0.08,35479.0,21254.0,11127.0,31.36,9.0,8365.0,406.0,11057.0,33.0,7358.0,31.0,15.0,-15162.0,-7972.0,31045.0,7910.0,-23134.0,,,,,,,,,,,221,198.0,
AXISBANK,2016,20.06,32.61,15.36,8.82,1.43,0.08,40988.0,24155.0,13367.0,32.61,8.0,9371.0,444.0,12394.0,34.0,8224.0,35.0,14.0,-34495.0,9211.0,22495.0,-2789.0,-25284.0,,,,,,,,,,,222,199.0,
AXISBANK,2017,8.26,53.45,6.53,9.36,2.04,0.07,44542.0,26449.0,23808.0,53.45,-13.0,11691.0,509.0,5468.0,33.0,3679.0,15.0,33.0,32209.0,-12458.0,-2487.0,17263.0,19751.0,,,,,,,,,,,223,200.0,
AXISBANK,2018,0.6,63.12,0.43,9.52,2.63,0.07,45780.0,27163.0,28895.0,63.12,-22.0,10967.0,568.0,122.0,-99.0,276.0,1.0,0.0,-38390.0,-10007.0,41342.0,-7055.0,-48397.0,,,,,,,10.99,-44.37,-46.11,,224,201.0,
AXISBANK,2019,8.51,49.39,6.9,10.5,2.07,0.07,54986.0,33278.0,27155.0,49.39,-10.0,13130.0,710.0,6974.0,33.0,4677.0,18.0,6.0,37125.0,-18674.0,5643.0,24094.0,18451.0,658857.1,603890.3,32.36,2.69,27.17,3.03,12.41,-5.54,-7.09,128.22,225,202.0,61.0
AXISBANK,2020,2.6,55.98,1.88,9.23,2.26,0.07,62635.0,37429.0,35066.0,55.98,-16.0,15537.0,773.0,4904.0,67.0,1627.0,6.0,0.0,30416.0,-9485.0,8865.0,29795.0,20931.0,609012.03,554106.67,65.08,0.53,17.04,2.23,12.04,-26.05,-28.0,,226,203.0,62.0
AXISBANK,2021,10.4,50.12,6.36,8.21,2.59,0.06,63346.0,34107.0,31749.0,50.12,-4.0,12264.0,948.0,8806.0,25.0,6588.0,22.0,0.0,12633.0,-54288.0,7279.0,-34375.0,-41655.0,766941.69,947497.75,60.2,4.08,30.21,1.11,9.1,-4.34,-8.87,,227,204.0,63.0
AXISBANK,2022,19.33,44.47,11.01,8.63,1.97,0.06,67377.0,34245.0,29962.0,44.47,5.0,15221.0,1008.0,17383.0,25.0,13025.0,42.0,2.0,28137.0,-27112.0,47894.0,48919.0,1025.0,734196.42,821456.53,56.88,1.27,7.1,3.53,8.63,28.77,22.87,-44.66,228,205.0,64.0
AXISBANK,2023,11.25,34.16,7.38,8.88,1.8,0.06,85164.0,42218.0,29089.0,34.16,16.0,16143.0,13094.0,16906.0,43.0,9580.0,31.0,3.0,22075.0,-32351.0,6641.0,-3636.0,-10276.0,939586.86,1072798.07,38.88,12.76,30.51,2.61,13.22,103.28,98.73,,229,206.0,65.0
AXISBANK,2024,22.73,34.69,15.83,8.25,1.69,0.07,109369.0,59474.0,37943.0,34.69,11.0,22442.0,1334.0,33060.0,25.0,24861.0,81.0,1.0,-5555.0,-9001.0,22341.0,7785.0,-14556.0,948868.63,929130.29,38.14,4.66,16.87,2.32,14.74,39.67,35.1,,230,207.0,66.0
BAJAJ-AUTO,2013,15.65,18.26,38.85,0.01,4446.0,1.58,20025.0,16370.0,3656.0,18.26,790.0,1.0,168.0,4277.0,29.0,3133.0,108.0,42.0,2218.0,-1394.0,-1445.0,-621.0,824.0,,,,,,,,,,,206,208.0,
BAJAJ-AUTO,2014,16.79,20.67,33.24,0.01,4837.0,1.32,20137.0,15974.0,4163.0,20.67,674.0,1.0,181.0,4655.0,31.0,3380.0,117.0,43.0,3502.0,-2072.0,-1496.0,-66.0,1430.0,,,,,,,,,,,207,209.0,
BAJAJ-AUTO,2015,14.01,19.12,27.27,0.01,726.0,1.35,21595.0,17467.0,4128.0,19.12,228.0,6.0,267.0,4083.0,31.0,3026.0,105.0,48.0,2114.0,-380.0,-1644.0,90.0,1734.0,,,,,,,,,,,208,210.0,
BAJAJ-AUTO,2016,17.99,21.23,28.97,0.01,5987.0,1.31,22574.0,17781.0,4793.0,21.23,1194.0,1.0,307.0,5679.0,28.0,4061.0,140.0,39.0,3690.0,-68.0,-3384.0,238.0,3622.0,,,,,,,,,,,209,211.0,
BAJAJ-AUTO,2017,18.75,20.36,22.84,0.01,5897.0,1.01,21755.0,17326.0,4429.0,20.36,1468.0,1.0,307.0,5588.0,27.0,4079.0,141.0,39.0,3267.0,-3610.0,-190.0,-532.0,-343.0,,,,,,,,,,,210,212.0,
BAJAJ-AUTO,2018,16.74,19.22,20.66,0.01,6250.0,1.0,25210.0,20364.0,4846.0,19.22,1404.0,1.0,315.0,5933.0,29.0,4219.0,146.0,41.0,4328.0,-1954.0,-1885.0,488.0,2374.0,,,,,,,4.71,6.13,6.21,23.57,211,213.0,
BAJAJ-AUTO,2019,16.23,17.12,21.21,0.01,1806.5,1.05,30358.0,25160.0,5198.0,17.12,2028.0,4.0,266.0,6956.0,29.0,4928.0,170.0,35.0,2487.0,-273.0,-2074.0,140.0,2214.0,323040.49,309541.21,42.63,11.32,21.98,1.62,8.56,7.83,7.76,9.14,212,214.0,67.0
BAJAJ-AUTO,2020,17.42,17.08,24.06,0.01,2313.67,1.13,29919.0,24809.0,5109.0,17.08,1832.0,3.0,246.0,6692.0,22.0,5212.0,180.0,67.0,3850.0,1766.0,-6247.0,-630.0,5616.0,351288.98,435411.55,79.31,9.65,32.77,0.07,6.74,11.49,11.38,26.5,213,215.0,68.0
BAJAJ-AUTO,2021,17.51,17.8,17.81,0.0,929.71,0.83,27741.0,22803.0,4938.0,17.8,1570.0,7.0,259.0,6241.0,22.0,4857.0,168.0,83.0,3120.0,-2869.0,-20.0,231.0,251.0,453226.79,580864.47,49.41,11.43,22.95,1.29,4.21,3.64,3.71,-41.37,214,216.0,69.0
BAJAJ-AUTO,2022,18.6,15.87,20.65,0.0,881.11,0.94,33145.0,27886.0,5259.0,15.87,2671.0,9.0,270.0,7652.0,19.0,6166.0,213.0,66.0,4197.0,276.0,-4056.0,417.0,4473.0,578373.58,658614.05,49.72,10.06,34.96,3.29,8.79,8.62,8.6,,215,217.0,70.0
BAJAJ-AUTO,2023,16.62,17.73,20.64,0.0,204.2,1.04,36455.0,29991.0,6465.0,17.73,1703.0,40.0,286.0,7842.0,23.0,6060.0,214.0,65.0,5277.0,1211.0,-7181.0,-692.0,6488.0,552671.87,600604.78,78.58,8.54,37.84,3.66,7.66,7.51,7.95,22.27,216,218.0,71.0
BAJAJ-AUTO,2024,17.18,19.53,26.61,0.07,174.42,1.14,44870.0,36106.0,8765.0,19.53,1700.0,60.0,365.0,10040.0,23.0,7708.0,276.0,29.0,6558.0,-72.0,-6167.0,319.0,6486.0,653817.3,679803.97,29.91,9.83,20.14,3.59,8.13,9.36,10.18,23.98,217,219.0,72.0
BAJAJFINSV,2013,27.49,48.8,28.38,1.67,3.27,0.12,8055.0,4124.0,3931.0,48.8,2.0,1204.0,22.0,2708.0,18.0,2214.0,10.0,2.0,-6922.0,2953.0,4592.0,623.0,-3969.0,,,,,,,,,,,232,232.0,
BAJAJFINSV,2014,36.38,74.56,23.53,2.09,2.88,0.08,6023.0,1531.0,4491.0,74.56,3.0,1562.0,31.0,2902.0,24.0,2191.0,10.0,2.0,-9807.0,3764.0,6521.0,478.0,-6043.0,,,,,,,,,,,233,233.0,
BAJAJFINSV,2015,21.25,48.62,21.72,2.37,2.47,0.13,11335.0,5823.0,5511.0,48.62,8.0,2230.0,38.0,3251.0,26.0,2409.0,11.0,2.0,-10731.0,3709.0,6839.0,-183.0,-7022.0,,,,,,,,,,,234,234.0,
BAJAJFINSV,2016,13.51,32.82,20.41,2.65,2.34,0.2,20533.0,13795.0,6739.0,32.82,0.0,2877.0,58.0,3804.0,27.0,2775.0,12.0,1.0,-9795.0,-886.0,11602.0,921.0,-10681.0,,,,,,,,,,,235,235.0,
BAJAJFINSV,2017,14.08,35.55,21.36,2.99,2.34,0.19,24507.0,15794.0,8713.0,35.55,0.0,3716.0,73.0,4925.0,30.0,3450.0,14.0,1.0,-10922.0,151.0,12513.0,1742.0,-10771.0,,,,,,,,,,,236,236.0,
BAJAJFINSV,2018,12.71,32.83,20.39,3.21,2.38,0.2,32862.0,22074.0,10788.0,32.83,1.0,4531.0,160.0,6099.0,32.0,4176.0,17.0,1.0,-19580.0,-922.0,19590.0,-911.0,-20502.0,,,,,,,32.47,13.53,11.2,,237,237.0,
BAJAJFINSV,2019,12.61,35.29,22.64,4.2,2.26,0.2,42605.0,27569.0,15037.0,35.29,2.0,6657.0,226.0,8155.0,34.0,5374.0,20.0,1.0,-27076.0,-6903.0,34535.0,555.0,-33979.0,1148808.62,1356848.11,43.61,5.19,19.45,4.03,47.89,19.66,14.87,,238,238.0,73.0
BAJAJFINSV,2020,11.03,33.59,19.15,4.06,1.92,0.22,54351.0,36094.0,18258.0,33.59,0.0,9500.0,457.0,8302.0,28.0,5994.0,21.0,2.0,-23369.0,-9948.0,34479.0,1162.0,-33317.0,1182995.84,1200693.12,33.33,3.61,24.06,0.66,36.82,20.0,13.81,,239,239.0,74.0
BAJAJFINSV,2021,12.16,32.42,20.56,3.59,2.12,0.22,60592.0,40950.0,19641.0,32.42,-7.0,9274.0,498.0,9862.0,25.0,7367.0,28.0,1.0,4547.0,-3684.0,1687.0,2551.0,863.0,1489062.77,1474517.75,51.06,2.31,39.25,2.05,24.16,21.56,18.47,,240,240.0,75.0
BAJAJFINSV,2022,12.15,31.36,20.66,4.0,2.23,0.21,68406.0,46951.0,21455.0,31.36,8.0,9629.0,563.0,11271.0,26.0,8314.0,29.0,1.0,-33670.0,1445.0,32326.0,101.0,-32225.0,1877835.72,2267409.89,59.39,12.5,8.52,3.05,22.79,19.23,15.68,,241,241.0,76.0
BAJAJFINSV,2023,14.88,36.39,26.31,4.57,2.41,0.2,82072.0,52204.0,29868.0,36.39,1.0,12380.0,678.0,16811.0,27.0,12210.0,40.0,2.0,-39480.0,-13945.0,51016.0,-2409.0,-53425.0,1845750.3,2241384.41,76.89,13.57,9.02,1.66,20.09,23.93,18.66,,242,242.0,77.0
BAJAJFINSV,2024,14.13,37.04,25.85,4.79,2.2,0.21,110382.0,69497.0,40886.0,37.04,-4.0,18607.0,900.0,21375.0,27.0,15595.0,51.0,2.0,-68674.0,-10960.0,82709.0,3075.0,-79634.0,1905112.17,1807796.2,15.07,6.08,39.72,2.56,20.97,23.75,20.59,,243,243.0,78.0
BAJAJHLDNG,2013,550.74,95.55,17.94,0.0,,0.03,337.0,15.0,322.0,95.55,3.0,0.0,2.0,322.0,21.0,1856.0,167.0,15.0,473.0,-369.0,-332.0,-228.0,104.0,,,,,,,,,,,245,244.0,
BAJAJHLDNG,2014,469.98,94.56,16.57,0.0,,0.03,423.0,23.0,400.0,94.56,5.0,0.0,5.0,400.0,20.0,1988.0,179.0,17.0,872.0,-519.0,-326.0,27.0,353.0,,,,,,,,,,,246,245.0,
BAJAJHLDNG,2015,387.21,92.37,15.15,0.0,,0.04,524.0,40.0,484.0,92.37,35.0,0.0,6.0,513.0,19.0,2029.0,182.0,19.0,796.0,-464.0,-391.0,-59.0,332.0,,,,,,,,,,,247,246.0,
BAJAJHLDNG,2016,481.91,91.28,14.81,0.0,,0.03,470.0,42.0,429.0,91.28,7.0,0.0,5.0,430.0,21.0,2265.0,204.0,16.0,1147.0,1019.0,-761.0,1406.0,2166.0,,,,,,,,,,,248,247.0,
BAJAJHLDNG,2017,293.71,74.58,13.88,0.0,,0.05,842.0,215.0,628.0,74.58,8.0,0.0,5.0,630.0,21.0,2473.0,222.0,15.0,-923.0,-372.0,-110.0,-1406.0,-1295.0,,,,,,,,,,,249,248.0,
BAJAJHLDNG,2018,632.14,84.52,10.54,0.0,,0.02,420.0,65.0,355.0,84.52,2390.0,0.0,5.0,2739.0,3.0,2655.0,239.0,17.0,1631.0,-1123.0,-434.0,74.0,508.0,,,,,,,4.5,7.42,7.43,37.33,250,249.0,
BAJAJHLDNG,2019,707.19,80.51,11.31,0.0,,0.02,431.0,85.0,347.0,80.51,2827.0,0.0,4.0,3170.0,4.0,3048.0,274.0,12.0,628.0,-163.0,-536.0,-72.0,465.0,1014477.55,1181797.59,76.88,9.04,7.28,2.22,0.38,8.92,8.89,5.67,251,250.0,79.0
BAJAJHLDNG,2020,708.05,69.2,11.09,0.01,258.38,0.01,435.0,134.0,301.0,69.2,3058.0,13.0,33.0,3314.0,7.0,3080.0,269.0,15.0,1920.0,-800.0,-1028.0,92.0,1120.0,1365867.86,1440937.45,50.76,2.05,9.94,3.94,-3.65,8.71,8.13,27.53,252,251.0,80.0
BAJAJHLDNG,2021,799.56,77.02,9.83,0.0,950.75,0.01,457.0,106.0,352.0,77.02,3451.0,4.0,34.0,3766.0,3.0,3654.0,328.0,12.0,272.0,-308.0,-37.0,-73.0,-36.0,1366103.22,1396404.09,35.88,14.51,7.95,3.68,-0.56,10.04,9.96,,253,252.0,81.0
BAJAJHLDNG,2022,852.48,75.83,9.63,0.0,1421.0,0.01,484.0,117.0,367.0,75.83,3896.0,3.0,34.0,4226.0,2.0,4126.0,364.0,32.0,1610.0,-151.0,-1460.0,-1.0,1459.0,1394489.39,1728870.12,79.41,5.56,9.53,0.65,-10.48,10.78,10.4,,254,253.0,82.0
BAJAJHLDNG,2023,947.51,72.8,11.19,0.0,721.86,0.01,522.0,142.0,380.0,72.8,4673.0,7.0,34.0,5012.0,1.0,4946.0,436.0,28.0,1728.0,-137.0,-1587.0,4.0,1591.0,1714344.05,1642287.8,26.75,3.46,17.45,0.33,4.44,13.25,12.78,25.65,255,254.0,83.0
BAJAJHLDNG,2024,432.73,91.77,13.58,0.0,3764.5,0.03,1702.0,140.0,1562.0,91.77,5967.0,2.0,34.0,7493.0,2.0,7365.0,653.0,20.0,1941.0,-472.0,-1455.0,14.0,1469.0,2191568.13,2726439.01,37.73,9.38,27.47,3.37,31.61,19.3,18.97,25.87,256,255.0,84.0
BAJFINANCE,2015,16.65,32.49,18.71,5.55,68.35,0.16,5392.0,2274.0,1752.0,32.49,25.0,26.0,36.0,1357.0,34.0,898.0,18.0,10.0,-7064.0,-360.0,6867.0,-557.0,-7424.0,,,,,,,,,,,258,256.0,
BAJFINANCE,2016,17.52,32.25,17.22,4.99,68.03,0.16,7299.0,2959.0,2354.0,32.25,27.0,35.0,56.0,1965.0,35.0,1279.0,24.0,10.0,-9870.0,-687.0,11656.0,1100.0,-10557.0,,,,,,,,,,,259,257.0,
BAJFINANCE,2017,18.42,32.6,19.12,5.13,149.05,0.16,9970.0,3853.0,3250.0,32.6,29.0,22.0,71.0,2817.0,35.0,1836.0,33.0,11.0,-10439.0,-3047.0,12513.0,-972.0,-13486.0,,,,,,,,,,,260,258.0,
BAJFINANCE,2018,19.58,32.28,15.75,4.2,414.6,0.15,12746.0,4696.0,4115.0,32.28,31.0,10.0,102.0,3843.0,35.0,2496.0,43.0,9.0,-20566.0,1075.0,19503.0,13.0,-19491.0,,,,,,,,,,,261,259.0,
BAJFINANCE,2019,21.61,29.5,20.28,5.16,422.15,0.15,18487.0,6723.0,5454.0,29.5,34.0,13.0,144.0,6179.0,35.0,3995.0,69.0,9.0,-29062.0,-5379.0,34449.0,9.0,-34441.0,865823.64,997880.37,58.62,5.53,16.56,1.21,,,,,262,260.0,85.0
BAJFINANCE,2020,19.96,34.73,16.28,4.02,1020.89,0.16,26374.0,9608.0,9159.0,34.73,29.0,9.0,295.0,7322.0,28.0,5264.0,87.0,11.0,-24412.0,-8758.0,34167.0,998.0,-33170.0,973552.26,1016449.19,46.9,6.39,34.29,0.33,37.37,42.43,37.04,,263,261.0,86.0
BAJFINANCE,2021,16.57,40.64,11.97,3.57,3621.0,0.16,26673.0,9519.0,10839.0,40.64,24.0,3.0,325.0,5992.0,26.0,4420.0,73.0,14.0,-807.0,-429.0,1741.0,505.0,-1236.0,1106057.88,1250121.36,35.63,6.6,33.0,1.26,29.59,28.15,24.92,,264,262.0,87.0
BAJFINANCE,2022,22.21,37.55,16.08,3.78,-700.65,0.15,31641.0,9855.0,11880.0,37.55,31.0,-17.0,385.0,9504.0,26.0,7028.0,116.0,17.0,-37090.0,6347.0,32275.0,1532.0,-30743.0,1422060.71,1789716.47,54.84,11.71,26.45,2.36,25.98,30.8,28.58,,265,263.0,88.0
BAJFINANCE,2023,27.79,30.65,21.17,3.99,-2546.4,0.15,41411.0,12701.0,12693.0,30.65,39.0,-5.0,485.0,15528.0,26.0,11508.0,190.0,16.0,-42112.0,-10394.0,50675.0,-1831.0,-52506.0,1896088.83,1920855.51,19.1,4.67,26.51,0.83,26.58,35.75,34.6,,266,264.0,89.0
BAJFINANCE,2024,26.29,29.29,18.84,3.82,2689.17,0.15,54972.0,18886.0,16099.0,29.29,36.0,6.0,683.0,19310.0,25.0,14451.0,233.0,15.0,-72760.0,-7171.0,82415.0,2484.0,-79931.0,2473271.58,2632574.41,69.2,4.11,15.96,0.27,24.35,29.32,27.56,,267,265.0,90.0
BANKBARODA,2013,13.25,30.05,14.51,15.3,2.43,0.07,36442.0,24486.0,10950.0,30.05,3.0,4511.0,322.0,5195.0,9.0,4829.0,23.0,19.0,23196.0,-514.0,-790.0,21892.0,22682.0,,,,,,,,,,,269,266.0,
BANKBARODA,2014,12.45,29.78,13.31,16.3,2.17,0.06,40463.0,27604.0,12049.0,29.78,2.0,5555.0,368.0,5996.0,18.0,5036.0,23.0,19.0,42233.0,-730.0,5151.0,46654.0,41503.0,,,,,,,,,,,270,267.0,
BANKBARODA,2015,8.79,29.98,9.4,15.84,2.47,0.06,44915.0,30547.0,13466.0,29.98,2.0,5449.0,368.0,5983.0,36.0,3950.0,18.0,18.0,17838.0,-556.0,-6.0,17276.0,17282.0,,,,,,,,,,,271,268.0,
BANKBARODA,2016,-10.99,55.44,-11.84,14.6,4.23,0.07,45799.0,32107.0,25391.0,55.44,-26.0,5992.0,525.0,-6233.0,-19.0,-5033.0,-22.0,0.0,-10011.0,-4005.0,-616.0,-14632.0,-14016.0,,,,,,,,,,,272,269.0,
BANKBARODA,2017,4.17,43.28,4.31,15.06,2.42,0.06,44473.0,29596.0,19250.0,43.28,-10.0,7937.0,540.0,3024.0,41.0,1855.0,8.0,15.0,17865.0,-551.0,-198.0,17116.0,17314.0,,,,,,,,,,,273,270.0,
BANKBARODA,2018,-3.99,56.65,-3.94,14.44,3.26,0.06,46056.0,29160.0,26093.0,56.65,-20.0,7992.0,901.0,-2106.0,-9.0,-1836.0,-7.0,0.0,-59692.0,-414.0,3413.0,-56692.0,-60106.0,,,,,,,4.79,,,,274,271.0,
BANKBARODA,2019,2.2,48.79,2.12,13.35,3.27,0.06,52906.0,32506.0,25815.0,48.79,-10.0,7887.0,948.0,1525.0,29.0,1166.0,4.0,0.0,-1449.0,-2537.0,4449.0,462.0,-3986.0,427508.41,546550.16,36.0,9.78,19.97,0.21,5.51,-25.37,-29.52,,275,272.0,91.0
BANKBARODA,2020,1.24,51.44,1.29,14.05,3.33,0.07,78895.0,50040.0,40583.0,51.44,-15.0,12191.0,1697.0,-1234.0,-99.0,981.0,2.0,0.0,18531.0,-139.0,14729.0,33120.0,18392.0,471014.36,436331.44,71.63,11.42,18.25,2.88,11.93,-24.31,-35.56,1.25,276,273.0,92.0
BANKBARODA,2021,2.18,51.23,1.97,12.95,2.59,0.06,74314.0,43201.0,38070.0,51.23,-9.0,14687.0,1357.0,6373.0,77.0,1620.0,3.0,0.0,-887.0,-471.0,-986.0,-2344.0,-1358.0,426745.64,503995.99,67.24,12.42,14.95,1.19,10.16,,,,277,274.0,93.0
BANKBARODA,2022,10.81,51.12,8.64,12.9,2.61,0.05,73385.0,38815.0,37518.0,51.12,-4.0,14395.0,1438.0,10008.0,23.0,7933.0,15.0,19.0,6210.0,-3645.0,-998.0,1567.0,2565.0,473985.89,610071.44,74.28,5.71,32.29,4.15,10.54,33.73,13.4,-31.74,278,275.0,94.0
BANKBARODA,2023,15.88,40.45,14.28,12.78,2.35,0.06,94503.0,49942.0,38231.0,40.45,7.0,16275.0,2040.0,20565.0,29.0,15005.0,29.0,19.0,-21354.0,-1096.0,-5405.0,-27855.0,-22450.0,464725.74,572597.07,27.29,5.48,11.96,2.28,15.46,,,,279,276.0,95.0
BANKBARODA,2024,15.94,37.49,15.76,12.14,1.9,0.07,118379.0,69899.0,44379.0,37.49,3.0,23399.0,1702.0,25799.0,29.0,18869.0,36.0,21.0,-6274.0,-1285.0,5476.0,-2084.0,-7559.0,590971.02,656699.32,16.89,4.15,24.7,2.62,17.48,74.51,55.18,,280,277.0,96.0
BEL,2013,14.52,10.66,15183.33,4.0,184.43,139.4,6273.0,5604.0,669.0,10.66,622.0,7.0,136.0,1147.0,21.0,911.0,1.0,20.0,-1539.0,1753.0,-158.0,56.0,214.0,,,,,,,,,,,295,278.0,
BEL,2014,14.61,14.19,13600.0,3.0,194.71,141.7,6518.0,5593.0,925.0,14.19,438.0,7.0,150.0,1206.0,21.0,952.0,1.0,20.0,-569.0,759.0,-213.0,-23.0,190.0,,,,,,,,,,,296,279.0,
BEL,2015,16.88,16.62,17100.0,3.71,240.86,144.76,7093.0,5913.0,1179.0,16.62,507.0,7.0,166.0,1513.0,21.0,1197.0,2.0,20.0,1434.0,-839.0,-209.0,386.0,595.0,,,,,,,,,,,297,280.0,
BEL,2016,18.18,18.94,11141.67,2.08,196.6,141.42,7354.0,5961.0,1393.0,18.94,573.0,10.0,192.0,1764.0,24.0,1337.0,2.0,31.0,2260.0,-1470.0,-318.0,472.0,790.0,,,,,,,,,,,298,281.0,
BEL,2017,17.59,20.7,10153.33,1.93,122.89,112.42,8656.0,6864.0,1792.0,20.7,420.0,18.0,212.0,1983.0,24.0,1523.0,2.0,33.0,-61.0,3115.0,-2857.0,197.0,3054.0,,,,,,,,,,,299,282.0,
BEL,2018,13.76,19.6,4616.13,1.55,372.5,85.96,10401.0,8361.0,2039.0,19.6,196.0,6.0,272.0,1957.0,28.0,1431.0,2.0,34.0,-687.0,-6.0,-1202.0,-1895.0,-693.0,,,,,,,10.64,9.45,14.87,,300,283.0,
BEL,2019,15.51,23.91,3851.02,0.96,186.38,96.54,12164.0,9255.0,2909.0,23.91,73.0,16.0,338.0,2628.0,30.0,1887.0,3.0,44.0,1514.0,-896.0,-663.0,-45.0,618.0,770752.45,926042.39,73.48,7.9,30.16,4.11,13.29,14.66,24.57,26.6,301,284.0,97.0
BEL,2020,14.07,21.28,3318.18,0.8,357.25,106.3,12968.0,10209.0,2759.0,21.28,99.0,8.0,372.0,2478.0,28.0,1825.0,3.0,37.0,2570.0,-649.0,-1061.0,861.0,1921.0,902791.12,1056022.12,59.94,4.28,25.39,3.79,12.83,8.8,8.45,26.42,302,285.0,98.0
BEL,2021,14.88,22.78,3559.32,0.83,333.9,92.82,14109.0,10895.0,3214.0,22.78,125.0,10.0,387.0,2942.0,30.0,2100.0,3.0,46.0,5093.0,-2595.0,-1076.0,1422.0,2498.0,901058.99,1134314.51,52.67,6.64,26.81,1.81,13.92,9.45,8.45,25.89,303,286.0,99.0
BEL,2022,15.62,21.76,3478.26,0.84,397.33,94.28,15368.0,12024.0,3344.0,21.76,232.0,9.0,401.0,3166.0,26.0,2400.0,3.0,46.0,4207.0,-4872.0,-1078.0,-1742.0,-665.0,1143459.9,1249718.69,72.89,7.89,28.11,4.49,12.17,9.52,8.45,,304,287.0,100.0
BEL,2023,16.84,23.06,3981.33,0.52,230.05,123.15,17734.0,13645.0,4090.0,23.06,281.0,19.0,429.0,3923.0,25.0,2986.0,4.0,44.0,1199.0,2708.0,-1262.0,2645.0,3907.0,1055965.69,1261553.4,18.0,12.66,25.88,4.22,11.26,15.85,14.87,,305,288.0,101.0
BEL,2024,19.66,24.92,4744.05,0.51,476.75,125.89,20268.0,15217.0,5051.0,24.92,670.0,12.0,443.0,5266.0,25.0,3985.0,5.0,40.0,4659.0,-5924.0,-1475.0,-2739.0,-1265.0,1354781.06,1259877.04,17.89,9.22,23.14,0.76,10.75,16.13,10.76,,306,289.0,102.0
BHARTIARTL,2013,2.95,29.84,4.5,1.33,5.34,0.49,76947.0,53987.0,22960.0,29.84,1159.0,4519.0,14815.0,4785.0,53.0,2267.0,4.0,17.0,22608.0,-18676.0,-4566.0,-634.0,3932.0,,,,,,,,,,,282,290.0,
BHARTIARTL,2014,3.52,30.88,5.05,1.27,5.0,0.47,85864.0,59352.0,26512.0,30.88,2881.0,5879.0,15650.0,7864.0,62.0,3019.0,5.0,26.0,26233.0,-25181.0,2774.0,3826.0,1052.0,,,,,,,,,,,283,291.0,
BHARTIARTL,2015,5.25,34.97,12.69,2.1,7.84,0.53,96101.0,62499.0,33602.0,34.97,1243.0,4446.0,19858.0,10540.0,52.0,5048.0,8.0,33.0,28059.0,-22301.0,-9672.0,-3914.0,5758.0,,,,,,,,,,,284,292.0,
BHARTIARTL,2016,7.14,35.2,10.32,1.51,4.55,0.43,96532.0,62548.0,33984.0,35.2,4858.0,8546.0,17450.0,12846.0,46.0,6893.0,11.0,9.0,27942.0,-14091.0,-11946.0,1905.0,13851.0,,,,,,,,,,,285,293.0,
BHARTIARTL,2017,4.44,37.01,6.29,1.59,3.88,0.41,95468.0,60138.0,35330.0,37.01,1713.0,9547.0,19773.0,7723.0,45.0,4241.0,7.0,11.0,28280.0,-30680.0,-351.0,-2752.0,-2400.0,,,,,,,,,,,286,294.0,
BHARTIARTL,2018,2.64,36.4,3.14,1.6,3.41,0.33,82639.0,52560.0,30079.0,36.4,1756.0,9326.0,19243.0,3267.0,33.0,2184.0,2.0,194.0,29854.0,-27940.0,1920.0,3835.0,1914.0,,,,,,,1.44,-0.74,-12.94,-13.41,287,295.0,
BHARTIARTL,2019,2.09,31.89,2.36,1.76,2.85,0.29,80780.0,55016.0,25764.0,31.89,4474.0,10622.0,21348.0,-1732.0,-99.0,1688.0,1.0,244.0,20070.0,-28286.0,9464.0,1248.0,-8216.0,224578.88,206515.69,70.91,12.2,32.49,0.07,-1.21,-10.98,-27.52,,288,296.0,103.0
BHARTIARTL,2020,-35.03,41.82,-39.75,1.92,-0.08,0.24,87539.0,50930.0,36610.0,41.82,-37775.0,13992.0,27690.0,-42846.0,-28.0,-30664.0,-55.0,-3.0,18129.0,-29598.0,19144.0,7675.0,-11469.0,196241.62,219777.99,79.6,5.46,17.05,0.6,-1.85,,,,289,297.0,104.0
BHARTIARTL,2021,-12.29,45.0,-20.97,2.76,2.72,0.29,100616.0,55337.0,45279.0,45.0,-4215.0,15091.0,29404.0,-3432.0,99.0,-12364.0,-26.0,0.0,48205.0,-27286.0,-24910.0,-3991.0,20919.0,232971.76,269937.54,15.3,7.28,28.35,2.22,0.83,,,8.6,290,298.0,105.0
BHARTIARTL,2022,7.13,49.37,12.48,2.55,3.74,0.32,116547.0,59013.0,57534.0,49.37,4656.0,16616.0,33091.0,12483.0,33.0,8305.0,7.0,39.0,55017.0,-41478.0,-15203.0,-1664.0,13539.0,276579.83,339227.42,57.38,9.43,34.88,4.05,4.07,14.39,0.0,,291,299.0,106.0
BHARTIARTL,2023,8.83,51.22,15.84,2.91,3.75,0.31,139145.0,67871.0,71274.0,51.22,1019.0,19300.0,36432.0,16561.0,26.0,12287.0,15.0,27.0,65325.0,-39232.0,-24470.0,1623.0,26093.0,288871.93,280003.55,66.89,3.6,37.51,0.1,10.98,41.27,49.63,68.62,292,300.0,107.0
BHARTIARTL,2024,5.71,52.2,10.36,2.61,3.31,0.34,149982.0,71691.0,78292.0,52.2,-3428.0,22648.0,39538.0,12679.0,32.0,8558.0,13.0,62.0,78898.0,-51089.0,-27778.0,31.0,27809.0,378605.83,429972.49,63.78,6.28,39.71,1.02,13.17,38.36,67.03,,293,301.0,108.0
BHEL,2013,13.69,19.39,21.91,0.09,82.93,0.68,48903.0,39420.0,9483.0,19.39,1132.0,128.0,957.0,9531.0,30.0,6693.0,18.0,20.0,1759.0,-1113.0,472.0,1118.0,646.0,,,,,,,,,,,308,302.0,
BHEL,2014,8.85,11.57,10.56,0.14,46.59,0.53,39561.0,34982.0,4579.0,11.57,1617.0,133.0,985.0,5078.0,31.0,3502.0,10.0,20.0,4512.0,-868.0,523.0,4167.0,3644.0,,,,,,,,,,,309,303.0,
BHEL,2015,4.63,6.84,4.24,0.06,36.54,0.44,31323.0,29183.0,2141.0,6.84,1221.0,92.0,1082.0,2187.0,34.0,1450.0,4.0,20.0,821.0,650.0,-3543.0,-2071.0,1471.0,,,,,,,,,,,310,304.0,
BHEL,2016,-2.77,-5.32,-2.18,0.01,0.38,0.39,25505.0,26862.0,-1357.0,-5.32,1492.0,360.0,937.0,-1161.0,-39.0,-706.0,-2.0,-14.0,374.0,23.0,-122.0,275.0,397.0,,,,,,,,,,,311,305.0,
BHEL,2017,1.6,3.85,1.4,0.0,4.47,0.46,28465.0,27370.0,1095.0,3.85,753.0,413.0,850.0,586.0,22.0,455.0,1.0,85.0,560.0,-565.0,-468.0,-473.0,-5.0,,,,,,,,,,,312,306.0,
BHEL,2018,1.52,5.73,1.35,0.0,7.07,0.45,28827.0,27174.0,1653.0,5.73,679.0,330.0,787.0,1215.0,64.0,438.0,1.0,151.0,989.0,961.0,-667.0,1283.0,1950.0,,,,,,,-10.03,-42.03,-43.9,24.73,313,307.0,
BHEL,2019,3.29,6.68,3.24,0.08,7.13,0.47,30441.0,28409.0,2032.0,6.68,662.0,378.0,476.0,1840.0,46.0,1002.0,3.0,69.0,-3860.0,1919.0,-32.0,-1973.0,-1941.0,350456.18,447248.44,40.83,10.29,29.06,3.94,-5.11,-22.14,-21.4,,314,308.0,109.0
BHEL,2020,-6.84,-0.62,-5.12,0.18,0.75,0.36,21463.0,21596.0,-133.0,-0.62,590.0,613.0,503.0,-659.0,99.0,-1468.0,-4.0,0.0,-2892.0,1877.0,1622.0,608.0,-1015.0,414401.34,466122.13,59.14,11.39,11.51,0.49,-7.28,,,,315,309.0,110.0
BHEL,2021,-15.6,-17.62,-10.39,0.19,-5.69,0.31,17309.0,20357.0,-3049.0,-17.62,393.0,467.0,473.0,-3596.0,-25.0,-2700.0,-8.0,0.0,560.0,-42.0,-394.0,123.0,518.0,367749.87,385998.13,43.86,9.43,38.53,1.49,-7.46,,,5.46,316,310.0,111.0
BHEL,2022,2.1,3.9,1.68,0.18,2.75,0.37,21211.0,20383.0,828.0,3.9,405.0,448.0,314.0,470.0,5.0,445.0,1.0,31.0,660.0,-1118.0,-329.0,-787.0,-458.0,452493.05,503418.0,23.85,9.42,38.85,0.56,-5.71,-0.44,0.0,,317,311.0,112.0
BHEL,2023,2.8,4.47,2.68,0.22,2.59,0.41,23365.0,22321.0,1044.0,4.47,544.0,612.0,260.0,716.0,9.0,654.0,2.0,21.0,-741.0,1480.0,89.0,829.0,739.0,499389.38,459759.51,31.13,9.5,34.44,3.29,-4.11,8.35,14.87,-17.64,318,312.0,113.0
BHEL,2024,1.18,2.98,1.15,0.36,1.59,0.4,23893.0,23182.0,711.0,2.98,608.0,828.0,249.0,243.0,-16.0,282.0,1.0,31.0,-3713.0,1331.0,2656.0,274.0,-2382.0,540053.85,682460.17,29.8,11.43,21.59,4.04,-4.73,-22.4,-19.73,,319,313.0,114.0
BOSCHLTD,2012,11.06,15.59,17.19,0.04,286.5,1.1,8659.0,7310.0,1350.0,15.59,369.0,6.0,367.0,1346.0,29.0,958.0,305.0,20.0,871.0,-824.0,-156.0,-108.0,47.0,,,,,,,,,,,321,314.0,
BOSCHLTD,2013,10.11,14.72,14.06,0.03,,0.98,8757.0,7468.0,1289.0,14.72,353.0,0.0,384.0,1257.0,30.0,885.0,282.0,20.0,1057.0,-846.0,-238.0,-27.0,211.0,,,,,,,,,,,322,315.0,
BOSCHLTD,2015,11.07,16.39,18.21,0.02,179.86,1.16,12086.0,10104.0,1981.0,16.39,537.0,14.0,548.0,1956.0,32.0,1338.0,426.0,20.0,1396.0,-1183.0,-237.0,-24.0,213.0,,,,,,,,,,,323,316.0,
BOSCHLTD,2016,15.78,19.36,16.06,0.01,192.38,0.78,9701.0,7823.0,1878.0,19.36,623.0,13.0,386.0,2102.0,27.0,1531.0,488.0,17.0,1318.0,-995.0,-356.0,-33.0,323.0,,,,,,,,,,,324,317.0,
BOSCHLTD,2017,16.68,18.81,19.79,0.0,106.48,0.88,10435.0,8473.0,1963.0,18.81,912.0,27.0,456.0,2391.0,27.0,1741.0,570.0,29.0,1457.0,1246.0,-2670.0,33.0,2703.0,,,,,,,3.8,12.69,13.32,124.88,325,318.0,
BOSCHLTD,2018,11.73,17.9,13.74,0.0,837.0,0.84,11690.0,9597.0,2093.0,17.9,418.0,3.0,467.0,2041.0,33.0,1371.0,449.0,22.0,1729.0,-1170.0,-325.0,234.0,559.0,,,,,,,5.95,9.15,9.75,21.51,326,319.0,
BOSCHLTD,2019,13.22,17.82,17.51,0.0,211.85,0.95,12085.0,9931.0,2154.0,17.82,600.0,13.0,402.0,2339.0,32.0,1598.0,542.0,19.0,593.0,1766.0,-2531.0,-172.0,2359.0,1557190.4,1534921.24,56.11,11.21,30.98,2.27,,,,,327,320.0,115.0
BOSCHLTD,2020,6.6,15.07,7.01,0.01,137.8,0.74,9842.0,8358.0,1483.0,15.07,-105.0,10.0,383.0,985.0,34.0,650.0,220.0,48.0,1336.0,-873.0,-399.0,64.0,463.0,1332371.44,1338463.46,31.28,12.85,34.43,0.47,-4.02,-13.45,-12.38,16.8,328,321.0,116.0
BOSCHLTD,2021,4.96,11.97,4.91,0.01,65.86,0.66,9718.0,8555.0,1163.0,11.97,-241.0,14.0,341.0,567.0,15.0,482.0,164.0,70.0,835.0,-463.0,-338.0,34.0,372.0,1765282.83,1717590.17,37.83,3.62,35.11,3.37,0.04,-20.64,-19.59,2.87,329,322.0,117.0
BOSCHLTD,2022,10.33,12.41,11.39,0.01,63.9,0.76,11782.0,10319.0,1462.0,12.41,391.0,29.0,324.0,1500.0,19.0,1217.0,413.0,51.0,271.0,-33.0,-383.0,-146.0,238.0,1812529.57,2125646.68,21.27,6.04,18.2,1.07,2.46,-6.91,-6.24,-38.49,330,323.0,118.0
BOSCHLTD,2023,9.54,12.12,12.93,0.0,190.08,0.92,14929.0,13120.0,1810.0,12.12,471.0,12.0,386.0,1882.0,24.0,1424.0,483.0,99.0,1214.0,262.0,-1239.0,236.0,1476.0,2334820.89,2735332.08,28.16,4.01,5.63,1.56,5.01,0.76,1.47,21.43,331,324.0,119.0
BOSCHLTD,2024,14.89,12.52,20.64,0.0,71.78,0.96,16727.0,14632.0,2095.0,12.52,1566.0,51.0,430.0,3181.0,22.0,2490.0,844.0,44.0,1253.0,283.0,-1452.0,84.0,1536.0,2599556.05,2628370.51,58.43,6.47,16.07,4.23,6.72,9.28,9.26,-8.22,332,325.0,120.0
BPCL,2013,0.8,2.77,11.54,1.98,3.26,3.04,242181.0,235472.0,6709.0,2.77,1492.0,2518.0,2463.0,3220.0,40.0,1936.0,4.0,42.0,5926.0,-3604.0,-846.0,1476.0,2322.0,,,,,,,,,,,334,326.0,
BPCL,2014,1.53,3.56,20.85,1.71,5.43,2.99,264421.0,255007.0,9414.0,3.56,1344.0,1982.0,2611.0,6166.0,34.0,4053.0,9.0,31.0,9588.0,-6881.0,-3736.0,-1029.0,2707.0,,,,,,,,,,,335,327.0,
BPCL,2015,2.09,4.03,22.52,1.13,10.08,2.81,242598.0,232818.0,9780.0,4.03,2117.0,1180.0,3027.0,7690.0,34.0,5082.0,11.0,34.0,20742.0,-10536.0,-9792.0,414.0,10206.0,,,,,,,,,,,336,328.0,
BPCL,2016,4.31,6.91,29.1,0.84,21.89,2.17,187815.0,174844.0,12971.0,6.91,1913.0,680.0,2072.0,12132.0,33.0,8089.0,19.0,25.0,11119.0,-9233.0,-1332.0,555.0,1886.0,,,,,,,,,,,337,329.0,
BPCL,2017,4.72,6.85,30.85,1.16,23.71,1.84,201251.0,187468.0,13783.0,6.85,2721.0,696.0,2108.0,13700.0,31.0,9507.0,20.0,49.0,9041.0,-15274.0,4804.0,-1429.0,-6233.0,,,,,,,,,,,338,330.0,
BPCL,2018,4.15,6.49,26.74,1.03,15.38,1.96,235895.0,220578.0,15317.0,6.49,2927.0,1186.0,2885.0,14174.0,31.0,9792.0,21.0,46.0,11068.0,-7066.0,-4218.0,-215.0,4002.0,,,,,,,-0.52,38.29,39.33,11.5,339,331.0,
BPCL,2019,2.86,5.07,22.0,1.16,10.25,2.18,298226.0,283113.0,15112.0,5.07,2975.0,1764.0,3418.0,12905.0,34.0,8528.0,18.0,48.0,10157.0,-10451.0,207.0,-87.0,-294.0,417435.04,439524.17,25.37,3.65,15.58,3.89,2.44,16.04,14.87,,340,332.0,121.0
BPCL,2020,1.29,3.15,10.04,1.79,3.93,1.89,284572.0,275597.0,8975.0,3.15,1393.0,2637.0,4080.0,3652.0,0.0,3666.0,7.0,106.0,7881.0,-11135.0,3583.0,329.0,-3254.0,514923.42,603696.12,40.91,7.86,14.35,0.33,3.24,-6.32,-8.64,,341,333.0,122.0
BPCL,2021,7.52,9.12,32.34,1.02,16.54,1.43,230171.0,209170.0,21001.0,9.12,7489.0,1723.0,4334.0,22432.0,23.0,17320.0,37.0,102.0,23455.0,-2474.0,-13981.0,7000.0,20981.0,522915.18,574282.97,12.13,1.78,14.21,1.65,4.15,16.45,14.26,61.9,342,334.0,123.0
BPCL,2022,3.37,5.52,22.51,1.24,9.24,1.85,346791.0,327654.0,19137.0,5.52,4939.0,2606.0,5434.0,16037.0,27.0,11682.0,27.0,29.0,20336.0,-8138.0,-17672.0,-5474.0,12198.0,547313.57,518390.47,24.26,4.29,7.37,1.47,11.5,4.21,6.19,,343,335.0,124.0
BPCL,2023,0.45,2.3,3.98,1.3,3.45,2.52,473187.0,462288.0,10899.0,2.3,2036.0,3745.0,6369.0,2821.0,24.0,2131.0,5.0,40.0,12466.0,-7806.0,-4402.0,257.0,4660.0,484980.46,572947.73,35.8,5.24,9.43,1.02,14.94,-26.29,-24.95,3.09,344,336.0,125.0
BPCL,2024,5.99,9.84,35.51,0.72,11.36,2.21,448083.0,404001.0,44082.0,9.84,3032.0,4149.0,6771.0,36194.0,26.0,26859.0,62.0,33.0,35936.0,-10521.0,-25427.0,-12.0,25415.0,468662.13,606487.07,68.15,0.72,26.59,1.15,8.48,25.79,28.06,,345,337.0,126.0
BRITANNIA,2013,4.2,6.81,46.59,0.68,11.54,3.28,6185.0,5765.0,421.0,6.81,52.0,41.0,73.0,358.0,27.0,260.0,11.0,39.0,320.0,28.0,-378.0,-30.0,348.0,,,,,,,,,,,347,338.0,
BRITANNIA,2014,5.71,9.07,49.5,0.19,82.62,3.28,6913.0,6286.0,627.0,9.07,34.0,8.0,83.0,569.0,30.0,395.0,16.0,36.0,671.0,-246.0,-357.0,68.0,425.0,,,,,,,,,,,348,339.0,
BRITANNIA,2015,8.77,11.07,55.34,0.12,274.5,2.81,7858.0,6988.0,870.0,11.07,228.0,4.0,144.0,950.0,28.0,689.0,29.0,28.0,584.0,-450.0,-181.0,-47.0,134.0,,,,,,,,,,,349,340.0,
BRITANNIA,2016,9.82,14.58,39.44,0.06,267.8,2.4,8397.0,7174.0,1224.0,14.58,115.0,5.0,113.0,1220.0,32.0,825.0,34.0,29.0,959.0,-705.0,-246.0,8.0,254.0,,,,,,,,,,,350,341.0,
BRITANNIA,2017,9.77,14.12,32.83,0.05,285.8,2.2,9054.0,7776.0,1278.0,14.12,151.0,5.0,119.0,1304.0,32.0,885.0,37.0,30.0,441.0,-150.0,-295.0,-4.0,291.0,,,,,,,,,,,351,342.0,
BRITANNIA,2018,10.13,15.14,29.48,0.06,208.38,1.91,9914.0,8413.0,1501.0,15.14,166.0,8.0,142.0,1518.0,34.0,1004.0,42.0,30.0,1249.0,-957.0,-232.0,60.0,292.0,,,,,,,9.9,31.02,30.73,-3.45,352,343.0,
BRITANNIA,2019,10.45,15.67,27.16,0.04,215.33,1.77,11055.0,9322.0,1732.0,15.67,206.0,9.0,162.0,1768.0,35.0,1155.0,48.0,31.0,1156.0,-852.0,-353.0,-49.0,304.0,193703.11,184529.76,39.95,9.67,24.41,4.4,9.84,23.94,24.57,-6.48,353,344.0,127.0
BRITANNIA,2020,12.02,15.89,31.66,0.35,27.35,1.48,11600.0,9756.0,1843.0,15.89,263.0,77.0,185.0,1844.0,24.0,1394.0,58.0,60.0,1485.0,-1526.0,58.0,17.0,-41.0,240748.04,291227.45,33.6,0.62,30.7,4.5,8.1,15.14,14.87,,354,345.0,128.0
BRITANNIA,2021,14.09,19.1,52.17,0.6,25.42,1.64,13136.0,10627.0,2509.0,19.1,313.0,111.0,198.0,2514.0,26.0,1851.0,77.0,204.0,1876.0,433.0,-2242.0,66.0,2309.0,253493.14,328072.69,18.2,4.8,10.98,2.14,9.36,17.54,17.76,55.5,355,346.0,129.0
BRITANNIA,2022,10.72,15.57,59.27,0.97,16.83,1.88,14136.0,11935.0,2201.0,15.57,222.0,144.0,201.0,2078.0,27.0,1516.0,63.0,89.0,1300.0,914.0,-2246.0,-32.0,2214.0,316483.82,327961.01,73.25,8.4,21.29,3.54,9.32,11.37,11.23,50.06,356,347.0,130.0
BRITANNIA,2023,14.21,17.37,65.53,0.85,20.28,1.74,16301.0,13470.0,2831.0,17.37,597.0,169.0,226.0,3033.0,24.0,2316.0,96.0,75.0,2526.0,-1507.0,-1028.0,-9.0,1019.0,285063.86,344785.02,25.49,4.57,25.98,4.06,10.46,18.2,17.98,28.4,357,348.0,131.0
BRITANNIA,2024,12.73,18.89,54.15,0.52,20.6,1.85,16769.0,13603.0,3167.0,18.89,211.0,164.0,300.0,2913.0,27.0,2134.0,89.0,83.0,2573.0,477.0,-2830.0,219.0,3050.0,324745.74,376568.58,63.91,4.26,33.95,1.88,8.69,13.06,13.14,58.59,358,349.0,132.0
CANBK,2013,8.79,21.18,11.9,14.94,2.18,0.08,34070.0,26198.0,7217.0,21.18,2.0,3308.0,191.0,3771.0,22.0,2995.0,12.0,19.0,8010.0,-435.0,-1043.0,6532.0,7575.0,,,,,,,,,,,360,350.0,
CANBK,2014,6.75,24.35,8.85,14.84,2.32,0.08,39570.0,30606.0,9636.0,24.35,-2.0,4144.0,230.0,3242.0,20.0,2672.0,10.0,19.0,14244.0,-380.0,-3771.0,10092.0,13864.0,,,,,,,,,,,361,351.0,
CANBK,2015,6.69,23.51,9.02,15.37,2.18,0.08,43813.0,34133.0,10302.0,23.51,-1.0,4733.0,429.0,3683.0,22.0,2931.0,11.0,17.0,6344.0,-1104.0,-1464.0,3776.0,5240.0,,,,,,,,,,,362,352.0,
CANBK,2016,-5.76,40.38,-7.82,15.63,3.37,0.08,44039.0,34263.0,17785.0,40.38,-18.0,5266.0,172.0,-2914.0,-13.0,-2535.0,-9.0,0.0,9346.0,-443.0,-806.0,8096.0,8903.0,,,,,,,,,,,363,353.0,
CANBK,2017,3.4,37.85,4.07,15.42,2.0,0.07,41457.0,31540.0,15691.0,37.85,-14.0,7852.0,331.0,1746.0,29.0,1411.0,5.0,4.0,2575.0,-476.0,124.0,2224.0,2099.0,,,,,,,,,,,364,354.0,
CANBK,2018,-9.37,61.87,-10.5,15.28,3.45,0.07,41345.0,29113.0,25582.0,61.87,-32.0,7398.0,456.0,-6408.0,-36.0,-3873.0,-11.0,0.0,-11120.0,-487.0,2865.0,-8743.0,-11607.0,,,,,,,3.95,,,,365,355.0,
CANBK,2019,1.45,56.73,1.85,16.99,2.74,0.07,47951.0,32339.0,27202.0,56.73,-24.0,9907.0,429.0,-2111.0,-99.0,696.0,2.0,0.0,18237.0,-745.0,-1185.0,16307.0,17492.0,274311.19,273886.68,24.47,4.6,11.33,3.0,3.92,-23.59,-27.52,4.76,366,356.0,133.0
CANBK,2020,-3.86,53.88,-4.66,16.22,2.27,0.07,49759.0,35817.0,26809.0,53.88,-26.0,11799.0,446.0,-1514.0,34.0,-1921.0,-4.0,0.0,-5289.0,-445.0,7792.0,2059.0,-5734.0,312713.63,362552.91,32.75,11.66,9.54,2.57,2.58,,,,367,357.0,134.0
CANBK,2021,4.21,61.83,4.74,17.0,1.88,0.06,70253.0,45182.0,43437.0,61.83,-26.0,23086.0,838.0,3882.0,30.0,2957.0,4.0,0.0,59118.0,-1116.0,290.0,58291.0,58002.0,308875.53,343174.3,31.3,11.96,36.19,3.34,9.79,,,45.47,368,358.0,135.0
CANBK,2022,8.72,58.39,8.8,16.19,1.74,0.06,70614.0,43035.0,41235.0,58.39,-19.0,23643.0,841.0,9145.0,37.0,6158.0,7.0,19.0,919.0,-1429.0,4035.0,3525.0,-510.0,289660.96,292542.15,74.19,6.84,37.94,1.77,11.24,34.27,6.96,,369,359.0,136.0
CANBK,2023,13.21,49.8,14.53,15.85,1.69,0.06,85885.0,52990.0,42772.0,49.8,-12.0,25325.0,1021.0,14427.0,25.0,11345.0,12.0,19.0,-39978.0,-1156.0,445.0,-40689.0,-41134.0,384057.8,487866.93,55.56,0.63,19.01,4.1,15.74,,,,370,360.0,137.0
CANBK,2024,13.94,41.75,16.72,14.87,1.61,0.07,110519.0,72118.0,46146.0,41.75,-7.0,28646.0,902.0,20000.0,26.0,15401.0,17.0,19.0,15046.0,-1750.0,-3834.0,9462.0,13296.0,496415.88,483983.21,36.74,12.61,25.23,3.81,18.18,85.78,53.42,-5.34,371,361.0,138.0
CHOLAFIN,2013,11.98,26.77,15.78,7.82,706.0,0.14,2570.0,1410.0,688.0,26.77,18.0,1.0,22.0,452.0,32.0,308.0,4.0,16.0,-3754.0,5.0,4067.0,317.0,-3749.0,,,,,,,,,,,373,362.0,
CHOLAFIN,2014,11.22,28.42,16.09,7.9,950.0,0.15,3279.0,1769.0,932.0,28.42,18.0,1.0,25.0,554.0,34.0,368.0,5.0,14.0,-2447.0,-83.0,2749.0,219.0,-2530.0,,,,,,,,,,,374,363.0,
CHOLAFIN,2015,11.95,28.56,16.6,7.46,,0.16,3715.0,1958.0,1061.0,28.56,19.0,0.0,30.0,666.0,33.0,444.0,6.0,11.0,-2264.0,-40.0,1819.0,-485.0,-2304.0,,,,,,,,,,,375,364.0,
CHOLAFIN,2016,13.64,30.04,15.67,6.14,643.5,0.15,4214.0,2048.0,1266.0,30.04,21.0,2.0,22.0,879.0,35.0,575.0,7.0,12.0,-2809.0,-137.0,3031.0,85.0,-2946.0,,,,,,,,,,,376,365.0,
CHOLAFIN,2017,15.3,28.16,16.71,5.6,448.67,0.15,4694.0,2228.0,1322.0,28.16,24.0,3.0,39.0,1107.0,35.0,718.0,9.0,12.0,-1468.0,-222.0,1692.0,2.0,-1690.0,,,,,,,,,,,377,366.0,
CHOLAFIN,2018,16.51,26.1,17.91,7.48,,0.13,5559.0,2657.0,1451.0,26.1,26.0,0.0,51.0,1401.0,34.0,918.0,12.0,11.0,-7926.0,-60.0,8009.0,22.0,-7986.0,,,,,,,16.68,24.41,24.57,,378,367.0,
CHOLAFIN,2019,16.84,22.96,19.28,8.15,1659.0,0.12,7108.0,3588.0,1632.0,22.96,27.0,1.0,57.0,1832.0,35.0,1197.0,15.0,8.0,-9317.0,-11.0,12191.0,2862.0,-9328.0,1617575.24,1531662.97,18.46,1.7,37.73,2.14,16.74,26.6,24.57,,379,368.0,139.0
CHOLAFIN,2020,12.1,27.79,12.85,6.71,,0.14,8712.0,4592.0,2421.0,27.79,20.0,0.0,111.0,1588.0,34.0,1054.0,13.0,13.0,-2075.0,-54.0,2452.0,323.0,-2129.0,1426964.45,1467792.7,33.3,12.24,30.74,3.1,18.59,18.88,16.72,,380,369.0,140.0
CHOLAFIN,2021,15.87,30.4,15.84,6.64,52.41,0.13,9583.0,4576.0,2913.0,30.4,22.0,56.0,102.0,2048.0,26.0,1521.0,19.0,11.0,-8848.0,-1746.0,8707.0,-1888.0,-10594.0,1228519.04,1553189.98,23.52,9.62,7.16,0.37,17.86,21.48,22.1,,381,370.0,141.0
CHOLAFIN,2022,21.23,28.83,18.3,5.88,35.18,0.12,10148.0,4298.0,2926.0,28.83,29.0,84.0,101.0,2908.0,26.0,2154.0,26.0,8.0,-5571.0,1640.0,5150.0,1218.0,-3931.0,1050124.13,1182829.42,53.32,1.23,15.17,3.83,16.67,24.57,23.64,,382,371.0,142.0
CHOLAFIN,2023,20.68,28.1,18.58,6.79,16.58,0.11,12884.0,5748.0,3621.0,28.1,27.0,220.0,121.0,3615.0,26.0,2665.0,32.0,6.0,-27105.0,-2148.0,27466.0,-1787.0,-29253.0,945798.69,933142.83,38.56,12.71,13.92,4.49,18.31,23.76,21.67,,383,372.0,143.0
CHOLAFIN,2024,17.85,28.1,17.46,6.86,21.21,0.12,19163.0,9231.0,5385.0,28.1,24.0,255.0,198.0,4605.0,26.0,3420.0,41.0,5.0,-35683.0,-2855.0,38471.0,-66.0,-38538.0,971931.96,1024979.49,16.79,10.36,13.52,2.83,21.94,23.36,22.28,,384,373.0,144.0
CIPLA,2013,18.66,73.26,17.13,0.11,24.87,0.71,8279.0,34.0,6065.0,73.26,27.0,245.0,330.0,2095.0,26.0,1545.0,19.0,10.0,1398.0,-2063.0,718.0,53.0,-665.0,,,,,,,,,,,386,374.0,
CIPLA,2014,13.8,78.9,13.97,0.12,32.06,0.76,10173.0,146.0,8026.0,78.9,21.0,251.0,373.0,1880.0,25.0,1404.0,17.0,12.0,1563.0,-1265.0,-266.0,33.0,298.0,,,,,,,,,,,387,375.0,
CIPLA,2015,10.83,80.94,11.38,0.16,56.11,0.72,11345.0,168.0,9183.0,80.94,19.0,164.0,505.0,1654.0,24.0,1229.0,15.0,14.0,1173.0,-950.0,165.0,388.0,223.0,,,,,,,,,,,388,376.0,
CIPLA,2016,10.03,82.02,12.01,0.45,54.46,0.66,13790.0,207.0,11310.0,82.02,18.0,208.0,754.0,1727.0,19.0,1383.0,17.0,12.0,1741.0,-4533.0,3104.0,312.0,-2792.0,,,,,,,,,,,389,377.0,
CIPLA,2017,7.19,82.66,8.25,0.33,57.28,0.69,14394.0,159.0,11898.0,82.66,17.0,208.0,1323.0,1222.0,15.0,1035.0,13.0,16.0,2382.0,-1304.0,-1326.0,-248.0,1078.0,,,,,,,,,,,390,378.0,
CIPLA,2018,9.35,81.35,9.96,0.29,44.1,0.67,15156.0,114.0,12329.0,81.35,19.0,280.0,1323.0,1669.0,15.0,1417.0,18.0,17.0,1463.0,-834.0,-385.0,243.0,629.0,,,,,,,12.86,-1.71,-1.08,,391,379.0,
CIPLA,2019,9.12,81.07,9.94,0.29,27.85,0.69,16362.0,168.0,13265.0,81.07,19.0,477.0,1326.0,2079.0,27.0,1492.0,19.0,16.0,1691.0,-1688.0,-349.0,-345.0,3.0,353498.49,439281.56,61.2,2.74,26.27,2.83,9.97,1.22,2.25,-60.14,392,380.0,145.0
CIPLA,2020,8.76,81.29,9.52,0.18,40.54,0.73,17132.0,197.0,13926.0,81.29,19.0,344.0,1175.0,2178.0,29.0,1500.0,19.0,21.0,3068.0,114.0,-2949.0,234.0,3182.0,316481.63,343801.04,26.77,7.27,32.2,0.71,8.59,4.07,4.84,70.17,393,381.0,146.0
CIPLA,2021,12.47,77.8,13.04,0.11,56.12,0.77,19160.0,161.0,14907.0,77.8,22.0,266.0,1068.0,3290.0,27.0,2389.0,30.0,17.0,3755.0,-2374.0,-1240.0,141.0,1381.0,288521.14,290750.43,76.56,11.34,5.68,1.8,6.8,11.55,12.03,,394,382.0,147.0
CIPLA,2022,11.7,79.08,12.22,0.05,174.06,0.81,21763.0,106.0,17211.0,79.08,21.0,99.0,1052.0,3493.0,27.0,2547.0,31.0,16.0,3326.0,-1858.0,-1600.0,-132.0,1468.0,282375.35,326216.33,41.07,14.49,12.66,2.65,8.62,19.73,18.98,6.37,395,383.0,148.0
CIPLA,2023,12.45,77.91,12.1,0.03,60.57,0.78,22753.0,110.0,17726.0,77.91,22.0,293.0,1172.0,4038.0,30.0,2833.0,35.0,24.0,3238.0,-2376.0,-958.0,-97.0,862.0,338880.07,416899.01,37.3,10.46,15.61,1.96,8.47,14.86,14.22,6.51,396,384.0,149.0
CIPLA,2024,16.12,75.59,15.55,0.02,35.34,0.79,25774.0,90.0,19483.0,75.59,24.0,552.0,1051.0,5702.0,27.0,4154.0,51.0,25.0,4134.0,-2982.0,-1200.0,-49.0,1152.0,439803.15,562931.78,59.75,5.93,33.7,0.12,9.51,22.73,21.83,228.75,397,385.0,150.0
COALINDIA,2013,25.41,73.52,35.81,0.03,5.74,0.62,68303.0,46.0,50216.0,73.52,26.0,8752.0,1813.0,24979.0,31.0,17356.0,27.0,51.0,9109.0,-1833.0,-7852.0,-575.0,7276.0,,,,,,,,,,,399,386.0,
COALINDIA,2014,21.4,74.84,35.64,0.0,7.37,0.67,70608.0,59.0,52842.0,74.84,25.0,7169.0,1996.0,22880.0,34.0,15112.0,24.0,121.0,14525.0,8580.0,-25350.0,-2246.0,23105.0,,,,,,,,,,,400,387.0,
COALINDIA,2015,18.52,76.6,34.02,0.01,8.65,0.67,74120.0,9.0,56777.0,76.6,23.0,6570.0,2320.0,21584.0,36.0,13727.0,22.0,95.0,14382.0,894.0,-15026.0,250.0,15276.0,,,,,,,,,,,401,388.0,
COALINDIA,2016,18.32,75.96,40.96,0.03,9.96,0.69,77861.0,388.0,59147.0,75.96,24.0,5939.0,2826.0,21440.0,33.0,14267.0,23.0,121.0,13154.0,8154.0,-19587.0,1721.0,21308.0,,,,,,,,,,,402,389.0,
COALINDIA,2017,11.87,84.07,37.85,0.12,12.36,0.66,78164.0,410.0,65716.0,84.07,16.0,5316.0,2907.0,14446.0,36.0,9280.0,15.0,133.0,16461.0,455.0,-17598.0,-682.0,16916.0,,,,,,,,,,,403,390.0,
COALINDIA,2018,8.26,89.1,34.88,0.08,15.27,0.68,85244.0,430.0,75956.0,89.1,11.0,4975.0,3063.0,10770.0,35.0,7038.0,11.0,146.0,21115.0,-7747.0,-13564.0,-196.0,13368.0,,,,,,,4.53,-16.52,-16.44,12.94,404,391.0,
COALINDIA,2019,17.54,74.89,66.01,0.08,12.79,0.75,99586.0,264.0,74579.0,74.89,25.0,5834.0,3450.0,27127.0,36.0,17464.0,28.0,46.0,16356.0,-7896.0,-10885.0,-2426.0,8460.0,187263.0,190352.73,76.5,6.82,20.03,3.05,7.12,2.94,3.13,-18.2,405,392.0,151.0
COALINDIA,2020,17.38,77.54,51.93,0.2,11.56,0.64,96080.0,503.0,74500.0,77.54,22.0,6444.0,3451.0,24071.0,31.0,16700.0,27.0,44.0,4977.0,1033.0,-4791.0,1219.0,6010.0,231042.15,251887.58,23.41,11.71,16.21,0.79,5.33,4.0,4.18,-17.02,406,393.0,152.0
COALINDIA,2021,14.11,79.31,34.78,0.16,19.09,0.56,90026.0,642.0,71398.0,79.31,21.0,3742.0,3718.0,18009.0,29.0,12702.0,21.0,78.0,10592.0,182.0,-8453.0,2321.0,10774.0,269353.58,252163.83,77.94,9.67,39.51,1.53,2.95,-2.3,-1.8,-12.75,407,394.0,153.0
COALINDIA,2022,15.84,77.47,40.28,0.08,21.99,0.61,109715.0,541.0,84995.0,77.47,23.0,3866.0,4429.0,23616.0,26.0,17378.0,28.0,60.0,41107.0,-25715.0,-13441.0,1951.0,15392.0,359749.33,344720.77,10.93,0.98,21.27,0.37,7.02,13.37,13.3,-1.87,408,395.0,154.0
COALINDIA,2023,22.95,68.01,52.14,0.07,14.34,0.62,138252.0,684.0,94020.0,68.01,32.0,6560.0,6833.0,43275.0,27.0,31723.0,52.0,47.0,35734.0,-23465.0,-13704.0,-1436.0,12269.0,397912.96,410248.34,32.17,9.72,10.71,3.45,10.15,35.14,36.43,-1.7,409,396.0,155.0
COALINDIA,2024,26.26,66.29,45.17,0.08,11.24,0.6,142324.0,819.0,94352.0,66.29,34.0,8396.0,6735.0,48813.0,23.0,37369.0,61.0,42.0,18103.0,-4486.0,-13899.0,-282.0,13617.0,454024.84,574785.39,34.27,14.75,25.15,4.38,7.4,16.43,16.85,9.99,410,397.0,156.0
DABUR,2013,12.48,16.16,36.56,0.55,18.51,1.3,6140.0,5148.0,992.0,16.16,100.0,59.0,85.0,948.0,19.0,766.0,4.0,34.0,870.0,-622.0,-234.0,13.0,248.0,,,,,,,,,,,412,398.0,
DABUR,2014,12.98,16.46,34.49,0.27,23.85,1.33,7058.0,5897.0,1162.0,16.46,126.0,54.0,97.0,1136.0,19.0,916.0,5.0,33.0,1098.0,-104.0,-804.0,190.0,994.0,,,,,,,,,,,413,399.0,
DABUR,2015,13.7,16.93,31.84,0.22,36.85,1.28,7795.0,6475.0,1320.0,16.93,154.0,40.0,115.0,1319.0,19.0,1068.0,6.0,33.0,1047.0,-876.0,-417.0,-245.0,171.0,,,,,,,,,,,414,400.0,
DABUR,2016,16.12,19.51,30.06,0.19,36.15,1.12,7780.0,6261.0,1518.0,19.51,217.0,48.0,133.0,1554.0,19.0,1254.0,7.0,32.0,1187.0,-730.0,-374.0,82.0,457.0,,,,,,,,,,,415,401.0,
DABUR,2017,16.81,19.86,26.41,0.2,33.48,0.98,7614.0,6102.0,1512.0,19.86,296.0,54.0,143.0,1611.0,21.0,1280.0,7.0,31.0,1227.0,-807.0,-339.0,81.0,420.0,,,,,,,,,,,416,402.0,
DABUR,2018,17.59,20.94,23.8,0.16,36.0,0.89,7722.0,6104.0,1617.0,20.94,291.0,53.0,162.0,1693.0,20.0,1358.0,8.0,81.0,1092.0,-541.0,-577.0,-27.0,551.0,,,,,,,4.69,12.13,14.87,17.31,417,403.0,
DABUR,2019,16.98,20.43,25.67,0.12,32.7,1.01,8515.0,6775.0,1740.0,20.43,222.0,60.0,177.0,1725.0,16.0,1446.0,8.0,34.0,1499.0,338.0,-1888.0,-51.0,1837.0,55182.65,67689.73,11.83,8.9,33.07,2.52,3.82,9.56,9.86,13.07,418,404.0,157.0
DABUR,2020,16.67,20.63,21.92,0.08,39.94,0.93,8685.0,6892.0,1792.0,20.63,205.0,50.0,220.0,1728.0,16.0,1448.0,8.0,37.0,1614.0,-517.0,-1043.0,54.0,1097.0,48665.96,57298.27,12.36,12.35,6.51,0.62,2.19,6.28,5.92,45.02,419,405.0,158.0
DABUR,2021,17.73,20.94,22.12,0.07,75.06,0.88,9562.0,7560.0,2002.0,20.94,325.0,31.0,240.0,2056.0,18.0,1695.0,10.0,50.0,2115.0,-1404.0,-613.0,97.0,711.0,48060.25,55430.1,78.3,2.21,9.99,1.66,4.21,6.21,7.39,9.24,420,406.0,159.0
DABUR,2022,16.0,20.68,20.78,0.12,65.64,0.89,10889.0,8637.0,2252.0,20.68,308.0,39.0,253.0,2269.0,23.0,1742.0,10.0,53.0,1802.0,-1273.0,-490.0,38.0,529.0,60945.67,66241.38,31.16,8.64,14.12,1.81,7.42,6.36,7.39,4.72,421,407.0,160.0
DABUR,2023,14.75,18.75,18.96,0.13,33.42,0.84,11530.0,9367.0,2162.0,18.75,445.0,78.0,311.0,2219.0,23.0,1701.0,10.0,54.0,1488.0,-583.0,-1035.0,-130.0,905.0,61939.24,75668.46,74.55,11.51,20.37,2.27,8.35,4.61,4.56,10.43,422,408.0,161.0
DABUR,2024,14.6,19.35,18.36,0.14,23.24,0.82,12404.0,10004.0,2400.0,19.35,482.0,124.0,399.0,2359.0,23.0,1811.0,10.0,53.0,2013.0,-971.0,-1161.0,-119.0,1042.0,56521.84,67755.32,50.95,13.59,12.02,3.42,7.81,4.6,4.56,-10.72,423,409.0,162.0
DIVISLAB,2013,28.07,38.04,24.07,0.01,287.0,0.68,2145.0,1329.0,816.0,38.04,45.0,3.0,77.0,781.0,23.0,602.0,23.0,33.0,480.0,-255.0,-231.0,-5.0,225.0,,,,,,,,,,,425,410.0,
DIVISLAB,2014,30.53,40.21,26.08,0.01,362.0,0.68,2532.0,1514.0,1018.0,40.21,68.0,3.0,92.0,991.0,22.0,773.0,29.0,34.0,557.0,-305.0,-248.0,3.0,252.0,,,,,,,,,,,426,411.0,
DIVISLAB,2015,27.35,37.66,24.37,0.01,403.67,0.71,3115.0,1942.0,1173.0,37.66,38.0,3.0,136.0,1072.0,21.0,852.0,32.0,31.0,826.0,-521.0,-303.0,3.0,305.0,,,,,,,,,,,427,412.0,
DIVISLAB,2016,29.82,37.69,26.23,0.01,303.2,0.77,3776.0,2354.0,1423.0,37.69,93.0,5.0,118.0,1393.0,19.0,1126.0,42.0,24.0,1038.0,-406.0,-631.0,0.0,632.0,,,,,,,,,,,428,413.0,
DIVISLAB,2017,26.08,35.68,19.79,0.01,507.33,0.66,4064.0,2615.0,1450.0,35.68,72.0,3.0,123.0,1395.0,24.0,1060.0,40.0,25.0,1150.0,-1140.0,2.0,13.0,10.0,,,,,,,,,,,429,414.0,
DIVISLAB,2018,22.54,32.61,14.8,0.01,688.0,0.57,3891.0,2622.0,1269.0,32.61,107.0,2.0,142.0,1231.0,29.0,877.0,33.0,30.0,776.0,-478.0,-314.0,-17.0,298.0,,,,,,,12.65,7.82,7.49,5.78,430,415.0,
DIVISLAB,2019,27.36,37.89,19.45,0.02,405.6,0.62,4946.0,3072.0,1874.0,37.89,154.0,5.0,169.0,1855.0,27.0,1353.0,51.0,31.0,954.0,-685.0,-246.0,23.0,269.0,1011018.76,1179809.82,74.55,13.82,30.19,0.22,14.33,11.85,11.95,1.31,431,416.0,163.0
DIVISLAB,2020,25.53,33.85,18.84,0.01,287.43,0.63,5394.0,3568.0,1826.0,33.85,186.0,7.0,186.0,1819.0,24.0,1377.0,52.0,31.0,1216.0,-83.0,-1091.0,41.0,1133.0,1300303.75,1512398.18,30.35,3.22,9.07,0.23,11.61,10.08,10.2,30.01,432,417.0,164.0
DIVISLAB,2021,28.47,41.14,21.34,0.0,1462.0,0.65,6969.0,4102.0,2867.0,41.14,57.0,2.0,256.0,2666.0,26.0,1984.0,75.0,27.0,1947.0,75.0,-35.0,1987.0,2022.0,1595539.83,1586504.61,9.75,6.26,21.89,0.76,13.04,12.0,12.3,26.19,433,418.0,165.0
DIVISLAB,2022,33.04,43.36,25.24,0.0,1998.5,0.67,8960.0,5075.0,3885.0,43.36,112.0,2.0,312.0,3684.0,20.0,2960.0,112.0,27.0,1912.0,-2195.0,-532.0,-816.0,-283.0,1391349.3,1357470.21,56.9,1.69,24.43,0.66,17.13,22.8,22.87,,434,419.0,166.0
DIVISLAB,2023,23.48,30.51,14.29,0.0,1357.0,0.54,7767.0,5397.0,2370.0,30.51,344.0,2.0,343.0,2369.0,23.0,1824.0,69.0,44.0,2459.0,-2707.0,-797.0,-1045.0,-248.0,1318782.9,1394258.36,15.26,3.01,17.21,1.48,14.83,15.77,15.9,,435,420.0,167.0
DIVISLAB,2024,20.4,28.17,11.79,0.0,636.25,0.51,7845.0,5635.0,2210.0,28.17,335.0,4.0,378.0,2163.0,26.0,1600.0,60.0,50.0,1261.0,-269.0,-799.0,193.0,992.0,1615028.67,1501836.03,69.95,12.34,31.81,1.39,9.66,3.41,3.3,29.82,436,421.0,168.0
DLF,2013,8.58,33.87,2.59,1.03,1.69,0.12,7773.0,5140.0,2633.0,33.87,1279.0,2314.0,796.0,802.0,17.0,667.0,4.0,48.0,2009.0,1995.0,-3951.0,52.0,4004.0,,,,,,,,,,,438,422.0,
DLF,2014,7.11,30.04,2.15,0.88,1.47,0.13,8298.0,5805.0,2493.0,30.04,1133.0,2463.0,663.0,500.0,-16.0,590.0,4.0,55.0,1468.0,3924.0,-4532.0,860.0,5392.0,,,,,,,,,,,439,423.0,
DLF,2015,6.63,39.4,1.85,0.89,1.53,0.12,7649.0,4635.0,3014.0,39.4,503.0,2304.0,545.0,668.0,24.0,507.0,3.0,66.0,2037.0,98.0,-1547.0,588.0,2135.0,,,,,,,,,,,440,424.0,
DLF,2016,3.07,39.96,1.27,1.05,1.67,0.16,9926.0,5960.0,3966.0,39.96,506.0,2680.0,766.0,1026.0,55.0,305.0,2.0,117.0,2957.0,-818.0,-1929.0,210.0,2139.0,,,,,,,,,,,441,425.0,
DLF,2017,8.61,41.92,2.88,1.19,1.54,0.13,8221.0,4775.0,3446.0,41.92,1135.0,2980.0,572.0,1030.0,22.0,708.0,4.0,50.0,-898.0,872.0,787.0,761.0,-26.0,,,,,,,,,,,442,426.0,
DLF,2018,66.75,35.46,12.68,0.5,4.1,0.11,6707.0,4329.0,2378.0,35.46,9722.0,2951.0,534.0,8615.0,50.0,4477.0,25.0,8.0,270.0,-2102.0,-232.0,-2064.0,-1832.0,,,,,,,-2.91,46.34,44.27,,443,427.0,
DLF,2019,15.71,25.68,3.91,0.51,1.42,0.13,8366.0,6218.0,2148.0,25.68,784.0,2062.0,225.0,646.0,43.0,1314.0,6.0,33.0,2043.0,3.0,875.0,2921.0,2046.0,1162826.35,1104410.24,11.24,14.12,15.78,4.13,0.16,17.37,8.45,-17.62,444,428.0,169.0
DLF,2020,-9.7,18.84,-1.71,0.24,1.6,0.11,6083.0,4937.0,1146.0,18.84,1135.0,1427.0,200.0,653.0,99.0,-590.0,-2.0,-85.0,356.0,6508.0,-9522.0,-2658.0,6864.0,1146903.51,1448569.4,73.08,13.89,22.37,3.9,-4.48,,,26.31,445,429.0,170.0
DLF,2021,20.0,27.13,3.06,0.19,2.17,0.1,5414.0,3945.0,1469.0,27.13,383.0,853.0,159.0,840.0,43.0,1083.0,4.0,45.0,1460.0,150.0,-2184.0,-573.0,1610.0,1520086.36,1565456.04,38.16,10.93,15.51,3.39,-11.42,28.84,14.87,-5.52,446,430.0,171.0
DLF,2022,26.24,30.49,4.13,0.12,3.1,0.11,5717.0,3974.0,1743.0,30.49,195.0,625.0,149.0,1165.0,28.0,1500.0,6.0,49.0,2832.0,267.0,-3828.0,-729.0,3099.0,1348234.63,1495730.62,16.81,4.75,14.05,3.78,-7.01,16.2,8.45,,447,431.0,172.0
DLF,2023,35.72,30.31,5.4,0.09,5.21,0.11,5695.0,3969.0,1726.0,30.31,317.0,392.0,149.0,1502.0,27.0,2034.0,8.0,49.0,2375.0,-461.0,-2013.0,-98.0,1914.0,1276452.77,1561585.72,65.17,7.73,13.18,1.02,-3.22,-14.6,-20.38,,448,432.0,173.0
DLF,2024,42.38,33.05,6.91,0.12,7.46,0.11,6427.0,4303.0,2124.0,33.05,531.0,356.0,148.0,2151.0,24.0,2724.0,11.0,45.0,2539.0,-1529.0,177.0,1186.0,1010.0,1381712.03,1248409.43,46.26,14.32,10.41,2.58,-5.14,15.7,12.89,-13.17,449,433.0,174.0
DMART,2013,2.81,6.44,11.91,0.67,5.35,2.24,3341.0,3126.0,215.0,6.44,15.0,43.0,46.0,141.0,34.0,94.0,2.0,0.0,127.0,-231.0,118.0,14.0,-104.0,,,,,,,,,,,451,434.0,
DMART,2014,3.44,7.28,16.84,0.67,6.38,2.59,4686.0,4345.0,341.0,7.28,16.0,56.0,57.0,245.0,34.0,161.0,3.0,0.0,198.0,-270.0,65.0,-7.0,-72.0,,,,,,,,,,,452,435.0,
DMART,2015,3.29,7.08,17.67,0.75,6.61,2.73,6439.0,5983.0,456.0,7.08,20.0,72.0,82.0,323.0,34.0,212.0,4.0,0.0,222.0,-474.0,234.0,-17.0,-252.0,,,,,,,,,,,453,436.0,
DMART,2016,3.73,7.74,21.04,0.78,7.48,2.77,8584.0,7919.0,664.0,7.74,17.0,91.0,98.0,492.0,35.0,320.0,6.0,0.0,433.0,-633.0,196.0,-3.0,-200.0,,,,,,,,,,,454,437.0,
DMART,2017,4.03,8.14,12.47,0.39,8.17,2.04,11898.0,10929.0,969.0,8.14,28.0,122.0,128.0,747.0,36.0,479.0,8.0,0.0,455.0,-2482.0,2025.0,-1.0,-2027.0,,,,,,,,,,,455,438.0,
DMART,2018,5.36,9.0,17.26,0.09,24.02,2.66,15033.0,13680.0,1353.0,9.0,88.0,60.0,159.0,1222.0,34.0,806.0,13.0,0.0,730.0,464.0,-1159.0,34.0,1194.0,,,,,,,35.09,53.69,45.41,,456,439.0,
DMART,2019,4.51,8.16,16.14,0.13,35.77,2.86,20005.0,18371.0,1633.0,8.16,48.0,47.0,212.0,1422.0,37.0,902.0,14.0,0.0,807.0,-958.0,209.0,57.0,-151.0,1847236.39,2290853.98,67.17,4.98,36.17,4.24,33.68,41.15,36.08,,457,440.0,175.0
DMART,2020,5.23,8.56,11.74,0.03,31.71,2.06,24870.0,22742.0,2128.0,8.56,60.0,69.0,374.0,1745.0,25.0,1301.0,20.0,0.0,1280.0,-4657.0,3357.0,-19.0,-3377.0,2028073.83,2112904.95,37.82,5.35,12.43,2.78,31.03,43.74,37.97,,458,441.0,176.0
DMART,2021,4.55,7.23,9.02,0.03,46.17,1.77,24143.0,22398.0,1745.0,7.23,194.0,42.0,414.0,1483.0,26.0,1099.0,17.0,0.0,1375.0,-1110.0,-180.0,86.0,265.0,2294356.77,2489455.16,14.9,12.05,11.12,0.52,22.98,27.99,23.16,,459,442.0,177.0
DMART,2022,4.82,8.08,10.91,0.05,48.44,2.0,30976.0,28474.0,2502.0,8.08,114.0,54.0,498.0,2064.0,28.0,1492.0,23.0,0.0,1372.0,-1289.0,-179.0,-96.0,83.0,2664977.29,2823430.83,12.31,5.66,32.01,2.77,21.09,25.51,23.52,,460,443.0,178.0
DMART,2023,5.55,8.49,14.79,0.04,56.22,2.37,42840.0,39201.0,3639.0,8.49,128.0,67.0,639.0,3060.0,22.0,2378.0,37.0,0.0,2630.0,-2313.0,-205.0,112.0,317.0,2748638.95,2684655.9,53.49,13.37,27.62,3.66,23.3,24.16,23.27,-23.3,461,444.0,179.0
DMART,2024,4.99,8.08,13.56,0.03,73.29,2.4,50789.0,46683.0,4106.0,8.08,145.0,58.0,731.0,3461.0,27.0,2536.0,39.0,0.0,2746.0,-2468.0,-148.0,130.0,278.0,3053088.97,3624591.94,72.53,11.71,36.84,1.94,20.48,22.97,22.74,,462,445.0,180.0
DRREDDY,2013,12.9,22.56,23.98,0.58,28.15,0.88,11833.0,9164.0,2669.0,22.56,146.0,100.0,550.0,2165.0,29.0,1527.0,18.0,17.0,1378.0,-1437.0,-157.0,-216.0,-59.0,,,,,,,,,,,464,446.0,
DRREDDY,2014,14.63,24.23,24.96,0.57,26.94,0.84,13415.0,10164.0,3251.0,24.23,170.0,127.0,648.0,2646.0,26.0,1963.0,23.0,16.0,1970.0,-1604.0,-24.0,342.0,366.0,,,,,,,,,,,465,447.0,
DRREDDY,2015,15.55,23.35,23.71,0.44,34.89,0.81,15023.0,11515.0,3508.0,23.35,260.0,108.0,760.0,2900.0,19.0,2336.0,27.0,15.0,2524.0,-2370.0,-433.0,-280.0,154.0,,,,,,,,,,,466,448.0,
DRREDDY,2016,13.69,23.03,16.95,0.27,46.75,0.77,15568.0,11983.0,3585.0,23.03,295.0,83.0,939.0,2859.0,26.0,2131.0,25.0,16.0,3263.0,-1610.0,-1700.0,-47.0,1653.0,,,,,,,,,,,467,449.0,
DRREDDY,2017,9.1,17.41,10.54,0.4,33.47,0.66,14196.0,11724.0,2472.0,17.41,172.0,79.0,1027.0,1554.0,19.0,1292.0,16.0,26.0,2144.0,-1890.0,-369.0,-114.0,254.0,,,,,,,,,,,468,450.0,
DRREDDY,2018,6.63,16.46,7.53,0.4,31.72,0.64,14281.0,11930.0,2351.0,16.46,155.0,79.0,1077.0,1350.0,32.0,947.0,11.0,35.0,1803.0,-1483.0,-444.0,-124.0,320.0,,,,,,,3.83,-9.11,-9.38,,469,451.0,
DRREDDY,2019,12.62,20.57,13.9,0.27,39.99,0.69,15448.0,12270.0,3178.0,20.57,381.0,89.0,1135.0,2336.0,17.0,1950.0,23.0,17.0,2870.0,-769.0,-2133.0,-31.0,2101.0,1574961.99,1965583.28,10.84,10.04,34.68,0.78,2.86,-0.13,0.0,41.84,470,452.0,181.0
DRREDDY,2020,11.57,14.14,12.99,0.14,32.11,0.75,17517.0,15040.0,2477.0,14.14,670.0,98.0,1163.0,1886.0,-7.0,2026.0,24.0,21.0,2984.0,-495.0,-2516.0,-27.0,2489.0,1859862.32,2287596.96,28.73,6.38,24.93,2.34,3.12,-2.81,-2.33,74.46,471,453.0,182.0
DRREDDY,2021,10.25,20.34,11.07,0.17,43.39,0.72,19048.0,15173.0,3874.0,20.34,335.0,97.0,1229.0,2884.0,32.0,1952.0,23.0,21.0,3570.0,-2255.0,-30.0,1286.0,1315.0,1617326.41,1519427.76,15.23,4.3,13.61,3.34,4.12,-1.74,-1.65,-4.47,472,454.0,183.0
DRREDDY,2022,10.13,17.49,11.36,0.18,45.03,0.72,21545.0,17778.0,3768.0,17.49,555.0,96.0,1165.0,3061.0,29.0,2182.0,26.0,23.0,2811.0,-2565.0,-242.0,3.0,246.0,1837884.76,2215736.28,13.03,7.54,16.33,3.82,8.7,11.05,10.2,-0.64,473,455.0,184.0
DRREDDY,2023,18.27,26.23,19.35,0.06,52.03,0.77,24670.0,18200.0,6470.0,26.23,971.0,143.0,1250.0,6048.0,25.0,4507.0,54.0,15.0,5888.0,-4109.0,-2686.0,-907.0,1779.0,2212619.5,2760692.84,11.34,10.95,23.9,3.71,11.55,36.62,37.47,40.93,474,456.0,185.0
DRREDDY,2024,19.91,28.32,19.74,0.07,51.71,0.72,28011.0,20078.0,7933.0,28.32,909.0,171.0,1470.0,7201.0,23.0,5578.0,67.0,12.0,4543.0,-4034.0,-376.0,133.0,509.0,2441803.28,2725256.67,11.73,10.19,14.56,0.09,12.64,23.39,23.84,-24.69,475,457.0,186.0
EICHERMOT,2012,7.43,8.61,27.07,0.01,171.5,1.43,6390.0,5840.0,550.0,8.61,136.0,4.0,82.0,600.0,21.0,475.0,12.0,17.0,496.0,-773.0,-111.0,-388.0,-277.0,,,,,,,,,,,477,458.0,
EICHERMOT,2013,7.71,10.5,25.55,0.04,101.0,1.28,6810.0,6094.0,715.0,10.5,93.0,8.0,130.0,671.0,22.0,525.0,15.0,21.0,716.0,-790.0,-47.0,-121.0,-74.0,,,,,,,,,,,478,459.0,
EICHERMOT,2014,8.03,12.79,27.9,0.02,122.3,1.36,8738.0,7621.0,1118.0,12.79,105.0,10.0,220.0,993.0,29.0,702.0,23.0,22.0,1047.0,-1214.0,-162.0,-329.0,-167.0,,,,,,,,,,,479,460.0,
EICHERMOT,2016,21.68,27.38,36.63,0.01,1008.0,1.25,6173.0,4484.0,1690.0,27.38,326.0,2.0,137.0,1877.0,29.0,1338.0,49.0,20.0,1463.0,-1001.0,-466.0,-4.0,462.0,,,,,,,,,,,480,461.0,
EICHERMOT,2017,23.7,30.91,31.19,0.02,647.5,1.0,7033.0,4859.0,2174.0,30.91,416.0,4.0,154.0,2433.0,30.0,1667.0,61.0,16.0,1708.0,-1744.0,25.0,-10.0,-36.0,,,,,,,1.94,28.54,38.43,,481,462.0,
EICHERMOT,2018,21.86,31.33,27.88,0.02,669.0,0.94,8965.0,6156.0,2809.0,31.33,536.0,5.0,223.0,3116.0,30.0,1960.0,72.0,15.0,2482.0,-2145.0,-262.0,75.0,337.0,,,,,,,5.65,30.14,36.85,,482,463.0,
EICHERMOT,2019,22.49,29.64,24.7,0.02,515.0,0.86,9797.0,6893.0,2904.0,29.64,701.0,7.0,300.0,3297.0,33.0,2203.0,81.0,15.0,1575.0,-660.0,-292.0,623.0,915.0,138608.74,143935.61,70.5,14.42,38.01,3.97,2.31,25.7,28.63,,483,464.0,187.0
EICHERMOT,2020,19.96,23.85,18.3,0.02,145.0,0.74,9154.0,6971.0,2183.0,23.85,572.0,19.0,382.0,2355.0,22.0,1827.0,67.0,19.0,1694.0,-1508.0,-858.0,-673.0,186.0,179834.03,182640.02,18.91,9.77,22.08,0.44,,,,,484,465.0,188.0
EICHERMOT,2021,15.45,20.45,11.78,0.02,141.56,0.6,8720.0,6937.0,1783.0,20.45,482.0,16.0,451.0,2203.0,25.0,1347.0,49.0,34.0,1691.0,-1625.0,-15.0,51.0,66.0,213781.42,240534.88,70.14,9.33,25.09,1.98,7.15,0.13,0.0,-32.24,485,466.0,189.0
EICHERMOT,2022,16.28,21.15,13.3,0.01,140.74,0.64,10298.0,8120.0,2178.0,21.15,496.0,19.0,452.0,2203.0,24.0,1677.0,61.0,34.0,1527.0,-983.0,-593.0,-50.0,544.0,231181.84,296317.9,17.97,6.97,27.95,1.95,7.93,0.12,0.0,,486,467.0,190.0
EICHERMOT,2023,20.18,23.86,19.44,0.02,155.5,0.75,14442.0,10996.0,3446.0,23.86,908.0,28.0,526.0,3800.0,23.0,2914.0,107.0,35.0,2823.0,-2397.0,-417.0,8.0,426.0,229241.72,232667.27,24.82,5.49,35.51,2.27,10.01,8.25,8.25,4.8,487,468.0,191.0
EICHERMOT,2024,24.2,26.18,22.17,0.02,114.71,0.72,16536.0,12206.0,4329.0,26.18,1521.0,51.0,598.0,5202.0,23.0,4001.0,146.0,35.0,3724.0,-2834.0,-844.0,45.0,890.0,222391.83,234358.89,15.62,13.61,19.29,4.41,11.04,12.68,12.51,-0.55,488,469.0,192.0
GAIL,2013,8.57,14.57,15.17,0.57,19.03,0.85,50974.0,43547.0,7427.0,14.57,887.0,437.0,1319.0,6558.0,34.0,4367.0,6.0,28.0,6603.0,-8626.0,3642.0,1618.0,-2023.0,,,,,,,,,,,490,470.0,
GAIL,2014,7.75,12.93,14.75,0.57,13.8,0.92,61765.0,53777.0,7988.0,12.93,1247.0,669.0,1644.0,6922.0,32.0,4786.0,7.0,28.0,4615.0,-4466.0,-3.0,146.0,149.0,,,,,,,,,,,491,471.0,
GAIL,2015,5.22,9.3,9.29,0.54,10.09,0.87,60557.0,54926.0,5631.0,9.3,945.0,652.0,1433.0,4492.0,32.0,3160.0,5.0,24.0,4214.0,-2809.0,-3058.0,-1653.0,1405.0,,,,,,,,,,,492,472.0,
GAIL,2016,3.6,8.71,5.15,0.25,6.41,0.88,52053.0,47517.0,4536.0,8.71,731.0,822.0,1496.0,2949.0,37.0,1874.0,3.0,37.0,3960.0,-904.0,-3028.0,29.0,3056.0,,,,,,,,,,,493,473.0,
GAIL,2017,6.95,12.4,8.58,0.17,14.21,0.83,48552.0,42531.0,6021.0,12.4,1212.0,509.0,1541.0,5183.0,35.0,3374.0,5.0,56.0,6024.0,-334.0,-5275.0,415.0,5690.0,,,,,,,,,,,494,474.0,
GAIL,2018,8.82,14.32,11.53,0.09,29.66,0.89,54496.0,46695.0,7802.0,14.32,948.0,295.0,1527.0,6928.0,31.0,4805.0,7.0,43.0,8769.0,-2660.0,-5252.0,858.0,6109.0,,,,,,,1.35,1.93,3.13,,495,475.0,
GAIL,2019,8.6,13.04,14.24,0.05,73.31,1.11,76190.0,66252.0,9938.0,13.04,1719.0,159.0,1667.0,9831.0,33.0,6553.0,10.0,25.0,7984.0,-5701.0,-3364.0,-1081.0,2283.0,665248.74,666947.87,13.48,0.96,26.22,1.4,4.29,6.49,7.39,72.61,496,476.0,193.0
GAIL,2020,13.12,12.44,19.31,0.14,41.48,0.97,72518.0,63495.0,9022.0,12.44,3796.0,309.0,2080.0,10429.0,9.0,9515.0,14.0,31.0,8345.0,-8299.0,281.0,328.0,46.0,712986.95,875162.11,25.86,4.98,34.59,2.22,3.67,24.66,22.87,-49.53,497,477.0,194.0
GAIL,2021,10.71,12.63,11.55,0.15,56.3,0.71,57372.0,50127.0,7245.0,12.63,2833.0,179.0,2174.0,7725.0,20.0,6143.0,9.0,36.0,8993.0,-4640.0,-3471.0,882.0,4353.0,901096.13,945962.07,36.68,2.92,37.07,4.04,1.96,26.8,24.57,7.33,498,478.0,195.0
GAIL,2022,13.26,16.34,19.19,0.14,89.53,0.96,92770.0,77608.0,15161.0,16.34,2925.0,202.0,2420.0,15464.0,20.0,12304.0,18.0,36.0,9420.0,-5490.0,-3917.0,13.0,3930.0,1209368.79,1283114.71,66.94,6.52,20.9,3.73,13.83,29.53,29.2,-7.13,499,479.0,196.0
GAIL,2023,3.84,5.15,8.62,0.27,28.28,1.35,145668.0,138168.0,7500.0,5.15,2822.0,365.0,2702.0,7256.0,23.0,5596.0,9.0,59.0,3205.0,-7453.0,2972.0,-1276.0,-4248.0,1135214.39,1121733.01,30.66,11.93,18.04,1.61,21.73,3.09,5.15,,500,480.0,197.0
GAIL,2024,7.43,10.74,12.86,0.28,23.62,1.07,133228.0,118914.0,14314.0,10.74,2672.0,719.0,3672.0,12595.0,21.0,9903.0,15.0,37.0,12586.0,-8226.0,-3457.0,902.0,4360.0,1531867.57,1613856.89,25.84,9.54,33.07,0.31,11.83,8.61,8.45,13.81,501,481.0,198.0
GODREJCP,2013,13.18,15.52,25.51,0.74,13.67,0.83,6412.0,5417.0,995.0,15.52,194.0,87.0,77.0,1025.0,17.0,845.0,8.0,22.0,820.0,-865.0,282.0,237.0,-45.0,,,,,,,,,,,503,482.0,
GODREJCP,2014,10.78,15.38,21.7,0.63,10.26,0.91,7599.0,6430.0,1169.0,15.38,62.0,120.0,82.0,1030.0,20.0,819.0,7.0,24.0,1116.0,-494.0,-620.0,1.0,622.0,,,,,,,,,,,504,483.0,
GODREJCP,2015,11.8,16.67,22.64,0.63,12.96,0.91,8273.0,6894.0,1379.0,16.67,73.0,112.0,91.0,1249.0,22.0,976.0,9.0,21.0,1027.0,-1236.0,-12.0,-221.0,-209.0,,,,,,,,,,,505,484.0,
GODREJCP,2016,9.86,19.67,19.48,0.68,10.9,0.87,8424.0,6766.0,1657.0,19.67,-262.0,128.0,101.0,1167.0,29.0,831.0,8.0,24.0,847.0,-622.0,-202.0,23.0,225.0,,,,,,,,,,,506,485.0,
GODREJCP,2017,14.11,20.58,24.67,0.75,12.88,0.72,9268.0,7361.0,1907.0,20.58,76.0,154.0,142.0,1687.0,22.0,1308.0,13.0,39.0,1860.0,-2243.0,665.0,282.0,-383.0,,,,,,,,,,,507,486.0,
GODREJCP,2018,16.59,21.16,26.11,0.56,13.68,0.71,9847.0,7763.0,2084.0,21.16,283.0,173.0,156.0,2039.0,20.0,1634.0,16.0,42.0,1723.0,-336.0,-1384.0,3.0,1387.0,,,,,,,8.96,14.1,14.87,,508,487.0,
GODREJCP,2019,22.71,20.67,32.23,0.47,10.48,0.73,10314.0,8183.0,2132.0,20.67,362.0,238.0,170.0,2085.0,-12.0,2342.0,23.0,44.0,1729.0,274.0,-2039.0,-36.0,2003.0,807328.65,896565.06,26.5,4.95,21.35,4.17,6.3,23.38,26.86,26.35,509,488.0,199.0
GODREJCP,2020,15.1,21.73,18.95,0.45,9.59,0.67,9911.0,7757.0,2154.0,21.73,32.0,228.0,197.0,1760.0,15.0,1497.0,15.0,55.0,1588.0,-552.0,-1295.0,-259.0,1036.0,973100.39,1240448.27,55.52,0.6,14.3,4.08,3.68,8.93,10.76,,510,489.0,200.0
GODREJCP,2021,15.6,21.75,18.23,0.2,17.55,0.77,11029.0,8629.0,2399.0,21.75,23.0,138.0,204.0,2080.0,17.0,1721.0,17.0,0.0,2030.0,-292.0,-1816.0,-79.0,1738.0,1140203.87,1473894.68,19.23,4.8,17.68,1.47,5.54,15.67,16.27,50.51,511,490.0,201.0
GODREJCP,2022,14.52,19.62,15.43,0.15,20.39,0.76,12276.0,9867.0,2409.0,19.62,78.0,122.0,210.0,2155.0,17.0,1783.0,17.0,0.0,1451.0,-844.0,-380.0,227.0,607.0,1112834.15,1198952.25,54.25,5.01,7.79,3.19,5.78,6.39,5.51,,512,491.0,202.0
GODREJCP,2023,12.78,18.35,12.34,0.08,13.6,0.76,13316.0,10873.0,2443.0,18.35,114.0,188.0,236.0,2133.0,20.0,1702.0,17.0,0.0,2151.0,-1754.0,-794.0,-398.0,397.0,1201313.68,1348586.23,40.79,13.41,24.56,4.15,6.22,0.82,1.22,-22.13,513,492.0,203.0
GODREJCP,2024,-3.98,20.98,-4.45,0.26,2.41,0.77,14096.0,11139.0,2957.0,20.98,-2209.0,310.0,241.0,198.0,99.0,-561.0,-5.0,,2070.0,-3435.0,1406.0,41.0,-1365.0,1327797.2,1350416.57,33.59,8.07,23.55,3.09,6.45,,,,514,493.0,204.0
GRASIM,2013,13.54,21.23,19.22,0.49,20.83,0.63,27909.0,21986.0,5924.0,21.23,824.0,324.0,1252.0,5171.0,28.0,3778.0,57.0,8.0,4242.0,-5687.0,1348.0,-97.0,-1445.0,,,,,,,,,,,516,494.0,
GRASIM,2014,10.43,17.35,13.67,0.45,12.28,0.59,28331.0,23416.0,4915.0,17.35,576.0,447.0,1457.0,3586.0,20.0,2954.0,44.0,9.0,3549.0,-2336.0,-1046.0,168.0,1213.0,,,,,,,,,,,517,495.0,
GRASIM,2015,8.14,16.21,11.16,0.52,8.51,0.59,31734.0,26590.0,5144.0,16.21,530.0,667.0,1563.0,3443.0,30.0,2582.0,37.0,9.0,4594.0,-2359.0,-2278.0,-42.0,2235.0,,,,,,,,,,,518,496.0,
GRASIM,2016,10.02,17.14,12.6,0.46,10.07,0.58,34487.0,28576.0,5911.0,17.14,1320.0,718.0,1834.0,4679.0,26.0,3455.0,51.0,9.0,5868.0,-4515.0,-1365.0,-11.0,1353.0,,,,,,,,,,,519,497.0,
GRASIM,2017,11.77,20.48,13.53,0.29,12.06,0.57,36068.0,28682.0,7387.0,20.48,1076.0,702.0,1808.0,5952.0,29.0,4246.0,66.0,8.0,7288.0,-3509.0,-3799.0,-20.0,3779.0,,,,,,,,,,,520,498.0,
GRASIM,2018,6.6,20.78,6.43,1.17,3.28,0.27,55894.0,44281.0,11612.0,20.78,410.0,3663.0,2724.0,5635.0,35.0,3688.0,39.0,15.0,-4140.0,1546.0,3449.0,856.0,-2594.0,,,,,,,14.9,-0.48,-7.31,,521,499.0,
GRASIM,2019,3.56,21.55,4.73,1.46,2.44,0.32,77200.0,60560.0,16640.0,21.55,-1846.0,6060.0,3571.0,5163.0,47.0,2745.0,25.0,27.0,-1659.0,-2212.0,4158.0,287.0,-3871.0,401734.34,486675.12,56.71,7.49,39.71,1.82,22.2,-1.46,-10.69,,522,500.0,205.0
GRASIM,2020,9.73,15.2,11.72,1.5,2.53,0.28,68252.0,57880.0,10373.0,15.2,7076.0,6890.0,4004.0,6554.0,-1.0,6639.0,65.0,6.0,16620.0,-11364.0,-3418.0,1838.0,5256.0,362884.74,445840.81,23.28,10.84,11.26,0.08,16.55,20.79,11.93,18.65,523,501.0,206.0
GRASIM,2021,9.14,24.39,10.67,1.21,3.45,0.29,76404.0,57769.0,18635.0,24.39,1130.0,5723.0,4033.0,10009.0,30.0,6987.0,63.0,14.0,15075.0,-7146.0,-8003.0,-75.0,7929.0,337446.27,354587.01,15.68,3.37,31.76,3.46,17.24,15.12,4.32,42.42,524,502.0,207.0
GRASIM,2022,11.71,21.35,14.8,0.99,4.62,0.33,95701.0,75270.0,20431.0,21.35,1648.0,4776.0,4161.0,13143.0,15.0,11206.0,111.0,9.0,7038.0,-1053.0,-6733.0,-748.0,5985.0,424758.5,525197.79,38.27,13.08,23.41,2.12,21.55,21.42,10.96,9.63,525,503.0,208.0
GRASIM,2023,9.42,18.35,14.07,1.31,4.19,0.35,117627.0,96038.0,21589.0,18.35,3733.0,6044.0,4552.0,14727.0,25.0,11078.0,100.0,10.0,-12685.0,-13712.0,26469.0,72.0,-26397.0,513646.94,506213.11,64.84,6.73,9.46,0.54,16.05,24.6,20.72,,526,504.0,209.0
GRASIM,2024,7.58,20.76,11.2,1.55,3.02,0.32,130978.0,103783.0,27195.0,20.76,783.0,9277.0,5001.0,13700.0,28.0,9926.0,85.0,12.0,-10719.0,-23114.0,33908.0,75.0,-33833.0,478951.82,601673.21,79.35,5.68,15.23,0.98,11.15,29.31,27.73,,527,505.0,210.0
HAL,2013,20.92,5.36,,,820.6,,14328.0,13560.0,768.0,5.36,3335.0,5.0,601.0,3497.0,14.0,2997.0,124.0,28.0,,,,,,,,,,,,,,,,529,,
HAL,2014,17.79,10.37,,,523.5,,15135.0,13565.0,1570.0,10.37,2618.0,8.0,603.0,3578.0,25.0,2693.0,28.0,33.0,,,,,,,,,,,,,,,,530,,
HAL,2015,15.18,14.95,,,266.2,,15730.0,13379.0,2351.0,14.95,1642.0,15.0,806.0,3173.0,25.0,2388.0,25.0,20.0,,,,,,,,,,,,,,,,531,,
HAL,2016,11.92,14.79,1665.0,0.15,679.33,95.22,16758.0,14281.0,2478.0,14.79,1598.0,6.0,863.0,3207.0,38.0,1998.0,28.0,31.0,,,,,,,,,,,,,,,,532,,
HAL,2017,14.57,18.03,1966.92,0.02,267.5,105.59,17950.0,14714.0,3236.0,18.03,1044.0,16.0,681.0,3583.0,27.0,2616.0,36.0,31.0,-423.0,3021.0,-164.0,2433.0,2598.0,,,,,,,,,,,533,506.0,
HAL,2018,10.73,18.68,1528.46,0.02,120.6,111.56,18519.0,15059.0,3460.0,18.68,761.0,35.0,947.0,3240.0,39.0,1987.0,30.0,54.0,-734.0,594.0,-2540.0,-2680.0,-140.0,,,,,,,5.27,-7.89,-24.71,,534,507.0,
HAL,2019,11.73,22.84,1763.91,0.06,27.94,114.33,20008.0,15440.0,4569.0,22.84,376.0,177.0,1024.0,3742.0,37.0,2346.0,35.0,28.0,-7694.0,5292.0,2321.0,-80.0,-2402.0,1180468.36,1498765.19,56.05,13.51,24.39,3.11,5.74,-2.72,4.56,,535,508.0,211.0
HAL,2020,13.25,22.76,2059.42,0.01,14.75,123.96,21445.0,16565.0,4880.0,22.76,415.0,359.0,998.0,3938.0,28.0,2842.0,42.0,39.0,1537.0,-1334.0,64.0,266.0,203.0,1369023.45,1687291.54,68.18,9.05,27.14,4.15,6.39,3.54,10.93,,536,509.0,212.0
HAL,2021,14.16,23.34,2249.31,0.04,21.35,123.02,22882.0,17541.0,5341.0,23.34,360.0,267.0,1157.0,4277.0,24.0,3239.0,48.0,31.0,15124.0,-1190.0,-7070.0,6864.0,13934.0,1800174.45,2098463.2,8.56,2.01,35.03,0.38,6.43,10.14,11.38,,537,510.0,213.0
HAL,2022,20.66,22.01,3324.18,0.08,98.55,121.88,24620.0,19200.0,5420.0,22.01,986.0,65.0,1110.0,5231.0,3.0,5086.0,76.0,26.0,10180.0,-12789.0,-1464.0,-4072.0,-2609.0,1722334.17,1708932.12,51.22,8.86,15.13,0.93,6.52,14.22,16.12,,538,511.0,214.0
HAL,2023,21.58,24.77,3283.05,0.27,130.33,99.37,26928.0,20258.0,6669.0,24.77,1672.0,64.0,1784.0,6493.0,10.0,5811.0,87.0,32.0,8836.0,-5734.0,-1731.0,1370.0,3102.0,2122373.86,2704291.55,11.8,2.43,27.48,3.62,7.77,23.94,23.73,,539,512.0,215.0
HAL,2024,25.0,32.09,3816.58,0.62,270.88,67.51,30381.0,20631.0,9749.0,32.09,1899.0,43.0,1406.0,10199.0,26.0,7595.0,114.0,31.0,8226.0,-6412.0,-1999.0,-185.0,1814.0,2643616.86,3140281.78,71.89,3.65,8.76,2.77,8.71,26.49,26.64,,540,513.0,216.0
HAVELLS,2013,8.14,9.45,40.29,0.68,7.28,1.6,7135.0,6461.0,674.0,9.45,222.0,123.0,110.0,664.0,12.0,581.0,9.0,16.0,638.0,-144.0,-252.0,242.0,494.0,,,,,,,,,,,542,514.0,
HAVELLS,2014,5.54,9.65,26.77,0.63,7.96,1.51,8051.0,7274.0,777.0,9.65,35.0,102.0,116.0,594.0,25.0,446.0,7.0,42.0,868.0,-376.0,-310.0,183.0,492.0,,,,,,,,,,,543,515.0,
HAVELLS,2015,4.55,8.92,21.18,0.23,8.36,1.77,8468.0,7713.0,755.0,8.92,48.0,96.0,139.0,569.0,32.0,385.0,6.0,49.0,963.0,-485.0,-754.0,-277.0,478.0,,,,,,,,,,,544,516.0,
HAVELLS,2016,17.12,10.48,42.95,0.04,19.18,1.73,7594.0,6798.0,796.0,10.48,949.0,91.0,134.0,1520.0,14.0,1300.0,21.0,29.0,513.0,-121.0,-621.0,-229.0,392.0,,,,,,,,,,,545,517.0,
HAVELLS,2017,8.06,13.3,15.08,0.06,65.92,1.19,6130.0,5315.0,815.0,13.3,42.0,13.0,121.0,723.0,32.0,494.0,8.0,44.0,767.0,-220.0,-98.0,450.0,547.0,,,,,,,,,,,546,518.0,
HAVELLS,2018,8.14,12.73,17.72,0.03,45.2,1.23,8116.0,7083.0,1033.0,12.73,97.0,25.0,140.0,965.0,31.0,661.0,11.0,4.0,1100.0,-946.0,-409.0,-255.0,154.0,,,,,,,2.61,2.61,4.1,-20.79,547,519.0,
HAVELLS,2019,7.82,11.8,18.77,0.02,82.06,1.41,10073.0,8885.0,1189.0,11.8,124.0,16.0,149.0,1147.0,31.0,788.0,13.0,36.0,501.0,185.0,-318.0,368.0,686.0,1408366.0,1810030.57,65.28,10.66,7.11,0.48,4.58,12.06,13.18,6.87,548,520.0,217.0
HAVELLS,2020,7.79,11.3,17.05,0.02,23.02,1.33,9440.0,8374.0,1067.0,11.3,107.0,51.0,218.0,904.0,19.0,735.0,12.0,34.0,827.0,-548.0,-716.0,-437.0,279.0,1749780.42,1713551.51,10.08,13.71,36.18,0.98,2.2,13.81,14.87,-10.21,549,521.0,218.0
HAVELLS,2021,9.98,15.2,20.17,0.1,19.73,1.18,10457.0,8868.0,1589.0,15.2,187.0,90.0,249.0,1438.0,27.0,1044.0,17.0,39.0,660.0,-763.0,190.0,87.0,-103.0,2169908.17,1994561.94,28.52,9.54,31.71,0.05,6.61,-4.29,-4.14,,550,522.0,219.0
HAVELLS,2022,8.58,12.73,19.92,0.1,28.87,1.32,13938.0,12163.0,1775.0,12.73,159.0,67.0,261.0,1607.0,26.0,1196.0,19.0,39.0,1728.0,-759.0,-547.0,421.0,969.0,2198343.31,2166991.03,79.91,10.23,19.2,0.34,17.85,19.34,18.89,12.12,551,523.0,220.0
HAVELLS,2023,6.34,9.59,16.18,0.03,32.71,1.52,16911.0,15290.0,1621.0,9.59,178.0,55.0,296.0,1447.0,26.0,1072.0,17.0,44.0,565.0,31.0,-907.0,-311.0,596.0,2526633.19,2922507.57,66.78,4.68,39.35,1.98,15.82,10.15,9.1,31.08,552,524.0,221.0
HAVELLS,2024,6.84,10.12,17.07,0.04,25.36,1.5,18590.0,16709.0,1881.0,10.12,249.0,84.0,338.0,1707.0,26.0,1271.0,20.0,44.0,1953.0,-1618.0,-534.0,-199.0,335.0,2521508.87,2620805.22,45.41,14.08,30.73,2.6,13.04,10.03,9.0,-13.35,553,525.0,222.0
HCLTECH,2013,15.79,22.2,30.69,0.08,56.72,1.14,25581.0,19901.0,5680.0,22.2,332.0,106.0,637.0,5270.0,23.0,4040.0,14.0,21.0,4492.0,-2361.0,-2086.0,44.0,2131.0,,,,,,,,,,,555,526.0,
HCLTECH,2014,20.31,25.0,33.39,0.05,76.42,1.07,32144.0,24108.0,8035.0,25.0,677.0,114.0,681.0,7917.0,18.0,6528.0,23.0,11.0,6457.0,-4842.0,-1308.0,307.0,1615.0,,,,,,,,,,,556,527.0,
HCLTECH,2015,20.0,23.12,30.31,0.03,105.63,1.04,36701.0,28215.0,8486.0,23.12,1126.0,91.0,404.0,9117.0,20.0,7342.0,26.0,58.0,5539.0,-2088.0,-3140.0,311.0,3451.0,,,,,,,,,,,557,528.0,
HCLTECH,2016,17.99,21.37,,0.04,,,31136.0,24482.0,6654.0,21.37,871.0,74.0,410.0,7041.0,20.0,5602.0,20.0,40.0,3823.0,-2208.0,-2237.0,-623.0,1615.0,,,,,,,,,,,558,529.0,
HCLTECH,2017,18.09,21.84,26.12,0.02,128.75,1.04,47568.0,37178.0,10390.0,21.84,1069.0,89.0,828.0,10542.0,18.0,8606.0,30.0,40.0,8995.0,-3890.0,-4517.0,588.0,5105.0,,,,,,,,,,,559,530.0,
HCLTECH,2018,17.25,22.24,23.97,0.02,180.81,1.05,50569.0,39323.0,11246.0,22.24,1230.0,69.0,1383.0,11024.0,21.0,8722.0,31.0,19.0,8328.0,-2236.0,-5714.0,378.0,6092.0,,,,,,,14.6,16.64,17.23,23.38,560,531.0,
HCLTECH,2019,16.75,23.05,24.46,0.1,85.45,1.04,60427.0,46501.0,13926.0,23.05,943.0,174.0,2073.0,12622.0,20.0,10120.0,37.0,11.0,8971.0,-3256.0,-1471.0,4244.0,5715.0,229691.1,252862.05,60.47,11.39,12.91,0.45,13.46,9.16,9.98,28.76,561,532.0,223.0
HCLTECH,2020,15.64,24.5,21.57,0.16,35.46,0.85,70676.0,53360.0,17316.0,24.5,589.0,505.0,3420.0,13980.0,21.0,11057.0,41.0,25.0,13359.0,-12332.0,-3168.0,-2141.0,1027.0,239391.06,303372.88,47.27,5.14,16.33,0.59,14.0,8.53,9.54,-21.53,562,533.0,224.0
HCLTECH,2021,14.82,26.6,18.64,0.11,41.05,0.88,75379.0,55331.0,20048.0,26.6,927.0,511.0,4611.0,15853.0,30.0,11169.0,41.0,24.0,19618.0,-5665.0,-11192.0,2761.0,13953.0,260125.17,316454.0,77.74,7.77,10.85,3.07,19.34,14.8,15.44,53.92,563,534.0,225.0
HCLTECH,2022,15.79,23.97,21.84,0.1,67.7,0.96,85651.0,65122.0,20529.0,23.97,1067.0,319.0,4326.0,16951.0,20.0,13523.0,50.0,84.0,16900.0,1597.0,-14508.0,3989.0,18497.0,319536.64,296747.25,69.21,12.53,21.54,2.52,12.48,9.46,10.76,29.37,564,535.0,226.0
HCLTECH,2023,14.63,22.3,22.7,0.07,67.95,1.09,101456.0,78828.0,22628.0,22.3,1358.0,353.0,4145.0,19488.0,24.0,14845.0,55.0,88.0,18009.0,-3573.0,-15881.0,-1445.0,14436.0,385586.15,451405.41,9.19,2.28,10.69,3.4,14.94,11.22,12.15,18.83,565,536.0,227.0
HCLTECH,2024,14.29,22.02,23.01,0.08,46.46,1.11,109913.0,85715.0,24198.0,22.02,1495.0,553.0,4173.0,20967.0,25.0,15710.0,58.0,90.0,22448.0,-6608.0,-15464.0,376.0,15840.0,412593.29,461362.25,63.63,5.44,31.21,1.99,12.71,9.19,9.41,22.62,566,537.0,228.0
HDFCBANK,2013,19.25,35.22,18.84,9.16,1.77,0.09,35861.0,19695.0,12631.0,35.22,10.0,7133.0,663.0,10004.0,31.0,6903.0,14.0,19.0,-5847.0,-902.0,13105.0,6356.0,-6749.0,,,,,,,,,,,568,538.0,
HDFCBANK,2014,20.6,31.74,19.85,9.43,1.63,0.08,42555.0,23445.0,13508.0,31.74,13.0,8298.0,689.0,13211.0,34.0,8768.0,18.0,19.0,4211.0,-1099.0,9270.0,12382.0,3112.0,,,,,,,,,,,569,539.0,
HDFCBANK,2015,21.12,31.9,16.95,8.07,1.69,0.08,50666.0,27288.0,16164.0,31.9,14.0,9546.0,680.0,16079.0,33.0,10703.0,21.0,19.0,-21281.0,-800.0,18694.0,-3387.0,-22081.0,,,,,,,,,,,570,540.0,
HDFCBANK,2016,20.3,31.75,17.25,8.74,1.79,0.08,63162.0,34070.0,20055.0,31.75,14.0,11212.0,738.0,19511.0,34.0,12821.0,25.0,19.0,-34435.0,-837.0,37815.0,2542.0,-35272.0,,,,,,,,,,,571,541.0,
HDFCBANK,2017,20.9,32.56,16.69,8.08,1.85,0.08,73271.0,38042.0,23856.0,32.56,16.0,12905.0,886.0,23393.0,35.0,15317.0,30.0,18.0,17282.0,-1146.0,-5893.0,10242.0,16136.0,,,,,,,,,,,572,542.0,
HDFCBANK,2018,21.76,34.63,16.94,8.62,1.84,0.08,85288.0,42381.0,29532.0,34.63,16.0,16057.0,967.0,28464.0,35.0,18561.0,36.0,18.0,17214.0,-842.0,57378.0,73750.0,16372.0,,,,,,,18.92,21.87,20.79,,573,543.0,
HDFCBANK,2019,21.34,33.15,14.61,7.03,1.84,0.08,105161.0,53713.0,34856.0,33.15,16.0,18947.0,1221.0,34318.0,35.0,22446.0,41.0,18.0,-62872.0,-1503.0,23131.0,-41244.0,-64375.0,578281.57,743657.34,63.58,0.79,38.51,3.49,19.83,20.68,17.9,,574,544.0,229.0
HDFCBANK,2020,22.34,37.2,15.48,7.56,1.83,0.08,122189.0,62137.0,45459.0,37.2,12.0,24879.0,1277.0,38195.0,29.0,27296.0,50.0,5.0,-16869.0,-1403.0,24394.0,6122.0,-18272.0,534671.83,497530.99,30.19,9.55,26.58,1.24,19.25,20.59,18.95,,575,545.0,230.0
HDFCBANK,2021,24.78,40.81,15.18,7.2,1.92,0.07,128552.0,59248.0,52457.0,40.81,13.0,27333.0,1385.0,42796.0,26.0,31857.0,58.0,11.0,42476.0,-1823.0,-7321.0,33332.0,40653.0,573615.98,564871.82,11.64,8.0,17.14,2.44,15.27,19.97,18.33,,576,546.0,231.0
HDFCBANK,2022,28.07,41.61,15.43,7.22,1.78,0.06,135936.0,58584.0,56557.0,41.61,15.0,31759.0,1681.0,50873.0,25.0,38151.0,69.0,23.0,-11960.0,-2051.0,48124.0,34113.0,-14011.0,759039.45,726665.0,8.14,1.61,21.19,3.18,13.16,20.02,18.13,,577,547.0,232.0
HDFCBANK,2023,27.03,36.92,15.94,7.39,1.86,0.07,170754.0,77780.0,63042.0,36.92,18.0,33912.0,2345.0,61498.0,25.0,46149.0,82.0,23.0,20814.0,-2992.0,23941.0,41762.0,17822.0,865594.78,950386.57,33.49,4.99,18.17,2.75,14.89,19.98,17.9,1.71,578,548.0,233.0
HDFCBANK,2024,23.07,61.41,14.34,6.81,1.4,0.07,283649.0,154139.0,174196.0,61.41,-16.0,124346.0,3092.0,76569.0,15.0,65446.0,84.0,23.0,19069.0,16600.0,-3983.0,31687.0,35669.0,808359.03,976938.14,49.42,4.4,22.54,4.33,21.95,23.87,15.42,,579,549.0,234.0
HDFCLIFE,2013,3.18,96.27,33.43,0.0,483.54,0.34,14060.0,15.0,13535.0,96.27,4.0,28.0,35.0,502.0,11.0,447.0,2.0,0.0,,,,,,,,,,,,,,,,581,550.0,
HDFCLIFE,2014,4.22,96.48,37.6,0.0,68.73,0.33,17166.0,11.0,16561.0,96.48,4.0,241.0,41.0,794.0,9.0,725.0,4.0,14.0,,,,,,,,,,,,,,,,582,551.0,
HDFCLIFE,2015,2.89,96.79,30.93,0.0,333.47,0.39,27215.0,-14.0,26341.0,96.79,3.0,79.0,43.0,924.0,15.0,786.0,4.0,18.0,4459.0,-3514.0,-168.0,777.0,945.0,,,,,,,,,,,583,552.0,
HDFCLIFE,2016,4.5,94.74,26.33,0.0,159.19,0.24,18141.0,8.0,17187.0,94.74,5.0,108.0,45.0,1008.0,19.0,817.0,4.0,22.0,5687.0,-3962.0,-212.0,1513.0,1725.0,,,,,,,,,,,584,553.0,
HDFCLIFE,2017,2.89,96.83,23.18,0.0,213.5,0.32,30647.0,9.0,29674.0,96.83,3.0,139.0,41.0,1061.0,16.0,887.0,4.0,25.0,6230.0,-5177.0,-236.0,817.0,1053.0,,,,,,,,,,,585,554.0,
HDFCLIFE,2018,3.43,96.67,23.53,0.0,110.6,0.29,32260.0,11.0,31186.0,96.67,3.0,282.0,44.0,1300.0,15.0,1107.0,6.0,25.0,6739.0,-4421.0,-196.0,2122.0,2318.0,,,,,,,18.07,19.89,24.57,,586,555.0,
HDFCLIFE,2019,3.29,96.87,22.65,0.0,276.79,0.3,38855.0,14.0,37640.0,96.87,3.0,136.0,45.0,1291.0,1.0,1278.0,6.0,26.0,9868.0,-10182.0,-337.0,-651.0,-314.0,33844.59,36530.23,53.97,3.58,37.6,2.89,17.75,12.01,8.45,,587,556.0,235.0
HDFCLIFE,2020,4.41,96.12,19.05,0.0,76.54,0.22,29380.0,0.0,28239.0,96.12,4.0,369.0,47.0,1463.0,11.0,1297.0,6.0,0.0,7388.0,-7789.0,38.0,-364.0,-401.0,43616.06,44999.88,67.68,5.98,13.85,4.1,1.54,10.54,8.45,,588,557.0,236.0
HDFCLIFE,2021,1.9,98.27,15.75,0.07,157.97,0.4,71528.0,0.0,70294.0,98.27,2.0,445.0,51.0,1629.0,16.0,1361.0,7.0,30.0,9703.0,-8952.0,678.0,1429.0,751.0,39084.76,49917.31,41.01,14.89,23.89,3.41,31.57,10.75,11.84,-15.32,589,558.0,237.0
HDFCLIFE,2022,1.98,98.84,8.5,0.04,86.62,0.29,67126.0,0.0,66348.0,98.84,1.0,766.0,56.0,1487.0,11.0,1327.0,6.0,27.0,5943.0,-801.0,-238.0,4904.0,5142.0,33360.23,36651.77,61.1,11.85,10.53,1.89,16.98,8.39,8.45,37.32,590,559.0,238.0
HDFCLIFE,2023,1.95,99.89,10.53,0.07,48.8,0.28,70207.0,0.0,70127.0,99.89,0.0,1437.0,76.0,1441.0,5.0,1368.0,6.0,30.0,6883.0,-10071.0,1985.0,-1203.0,-3188.0,35346.36,33277.06,39.9,12.2,15.51,1.95,16.83,4.32,0.0,,591,560.0,239.0
HDFCLIFE,2024,1.55,99.48,10.73,0.06,192.29,0.34,101482.0,0.0,100951.0,99.48,1.0,525.0,79.0,977.0,-61.0,1574.0,7.0,27.0,10721.0,-13614.0,-403.0,-3296.0,-2893.0,47027.6,42921.31,50.59,11.28,31.63,3.22,21.17,4.25,3.13,,592,561.0,240.0
HEROMOTOCO,2014,8.32,85.94,37.38,0.05,50.55,2.5,25275.0,12.0,21722.0,85.94,14.0,430.0,1107.0,2864.0,26.0,2102.0,105.0,62.0,2963.0,-1616.0,-1414.0,-66.0,1347.0,,,,,,,,,,,594,562.0,
HEROMOTOCO,2015,8.58,87.22,36.15,0.02,73.94,2.58,27538.0,12.0,24018.0,87.22,13.0,325.0,540.0,3292.0,29.0,2364.0,118.0,51.0,2186.0,31.0,-2131.0,86.0,2217.0,,,,,,,,,,,595,563.0,
HEROMOTOCO,2016,10.94,84.45,35.23,0.03,57.12,2.21,28457.0,15.0,24033.0,84.45,16.0,421.0,443.0,4387.0,29.0,3112.0,157.0,46.0,3722.0,-2300.0,-1475.0,-53.0,1422.0,,,,,,,,,,,596,564.0,
HEROMOTOCO,2017,12.39,83.97,34.37,0.03,28.97,1.87,28610.0,27.0,24025.0,83.97,16.0,830.0,502.0,4885.0,27.0,3546.0,179.0,47.0,4007.0,-1972.0,-2036.0,-1.0,2035.0,,,,,,,,,,,597,565.0,
HEROMOTOCO,2018,11.47,83.57,31.09,0.02,48.12,1.87,32458.0,31.0,27124.0,83.57,16.0,564.0,575.0,5292.0,30.0,3722.0,186.0,51.0,4017.0,-1858.0,-2102.0,57.0,2159.0,,,,,,,,,,,598,566.0,
HEROMOTOCO,2019,10.2,85.21,26.42,0.02,39.08,1.84,33971.0,37.0,28946.0,85.21,15.0,741.0,624.0,5104.0,32.0,3466.0,172.0,50.0,1032.0,1298.0,-2252.0,78.0,2330.0,959580.91,1068641.74,64.37,1.86,5.42,3.67,6.09,10.52,10.37,11.58,599,567.0,241.0
HEROMOTOCO,2020,12.51,86.09,25.4,0.03,17.57,1.49,29254.0,47.0,25184.0,86.09,14.0,1434.0,846.0,4611.0,21.0,3659.0,182.0,49.0,5518.0,-2819.0,-2602.0,97.0,2699.0,1157395.82,1232490.63,75.71,11.62,38.88,4.18,1.22,9.13,9.05,4.01,600,568.0,242.0
HEROMOTOCO,2021,9.48,86.9,19.05,0.04,48.67,1.34,30959.0,46.0,26902.0,86.9,13.0,553.0,715.0,3849.0,24.0,2936.0,146.0,72.0,4110.0,-2289.0,-1852.0,-31.0,1821.0,1262310.05,1517149.73,56.18,12.27,32.57,0.69,1.7,-1.16,-1.44,5.07,601,569.0,243.0
HEROMOTOCO,2022,7.88,88.98,14.7,0.04,48.27,1.31,29551.0,53.0,26295.0,88.98,11.0,545.0,690.0,3058.0,24.0,2329.0,116.0,82.0,2104.0,-222.0,-1975.0,-94.0,1882.0,1220486.89,1228166.97,66.93,12.26,22.34,2.61,0.65,-8.06,-8.31,-1.55,602,570.0,244.0
HEROMOTOCO,2023,8.2,88.0,16.81,0.03,53.04,1.43,34158.0,105.0,30060.0,88.0,12.0,567.0,697.0,3864.0,28.0,2800.0,141.0,71.0,2614.0,-421.0,-2147.0,45.0,2193.0,1542037.68,1580646.36,11.61,7.5,36.98,3.56,1.03,-5.53,-5.39,0.31,603,571.0,245.0
HEROMOTOCO,2024,9.9,86.15,21.14,0.03,47.27,1.44,37789.0,76.0,32554.0,86.15,14.0,689.0,757.0,5090.0,26.0,3742.0,187.0,75.0,4923.0,-1828.0,-2717.0,379.0,3095.0,1593400.88,1475343.49,53.86,12.6,28.27,1.91,2.15,1.54,1.69,5.84,604,572.0,246.0
HINDALCO,2013,3.75,90.4,8.51,1.61,65.26,0.67,80193.0,2079.0,72494.0,90.4,10.0,1111.0,2822.0,3909.0,23.0,3007.0,16.0,6.0,2977.0,-13801.0,10278.0,-545.0,-10824.0,,,,,,,,,,,606,573.0,
HINDALCO,2014,2.5,90.85,5.41,1.59,117.7,0.64,87695.0,2702.0,79671.0,90.85,9.0,677.0,3347.0,2653.0,20.0,2195.0,11.0,9.0,7956.0,-8095.0,1493.0,1353.0,-139.0,,,,,,,,,,,607,574.0,
HINDALCO,2015,0.25,91.52,0.68,1.79,-114.72,0.74,104281.0,4178.0,95437.0,91.52,8.0,-832.0,3493.0,340.0,75.0,259.0,4.0,24.0,7143.0,-3873.0,-2437.0,833.0,3270.0,,,,,,,,,,,608,575.0,
HINDALCO,2016,-0.71,92.12,-1.73,1.66,60.66,0.7,98759.0,5134.0,90981.0,92.12,8.0,1500.0,4347.0,-203.0,99.0,-702.0,-1.0,-82.0,11688.0,-3220.0,-8862.0,-394.0,8468.0,,,,,,,,,,,609,576.0,
HINDALCO,2017,1.88,87.71,4.09,1.39,73.35,0.69,100184.0,5742.0,87867.0,87.71,12.0,1198.0,4457.0,3315.0,43.0,1882.0,8.0,13.0,12687.0,-2876.0,-5552.0,4259.0,9811.0,,,,,,,,,,,610,577.0,
HINDALCO,2018,5.28,88.11,11.09,0.95,35.26,0.78,115183.0,3911.0,101488.0,88.11,12.0,2879.0,4506.0,8157.0,25.0,6083.0,27.0,4.0,10898.0,5333.0,-16412.0,-181.0,16231.0,,,,,,,7.51,15.13,11.03,,611,578.0,
HINDALCO,2019,4.21,88.12,9.56,0.91,102.08,0.86,130542.0,3778.0,115031.0,88.12,12.0,1127.0,4777.0,8083.0,32.0,5495.0,24.0,5.0,11977.0,-5456.0,-5466.0,1055.0,6521.0,247258.14,249825.5,24.15,12.33,39.34,2.97,8.28,20.15,16.89,,612,579.0,247.0
HINDALCO,2020,3.19,87.89,6.46,1.17,114.62,0.7,118144.0,4197.0,103838.0,87.89,12.0,906.0,5091.0,5924.0,36.0,3767.0,17.0,6.0,12745.0,-7227.0,6656.0,12174.0,5518.0,287414.16,295396.33,9.47,3.28,25.46,0.68,2.53,70.82,33.56,11.03,613,580.0,248.0
HINDALCO,2021,2.64,86.7,5.23,1.01,-115.97,0.7,132008.0,3738.0,114449.0,86.7,13.0,-987.0,6628.0,6206.0,44.0,3483.0,16.0,19.0,17232.0,-25280.0,-4882.0,-12930.0,-8048.0,371315.5,362128.37,45.59,7.92,26.14,1.47,5.98,,,,614,581.0,249.0
HINDALCO,2022,7.04,85.47,17.56,0.82,133.06,0.88,195059.0,3768.0,166712.0,85.47,15.0,1253.0,6729.0,19103.0,28.0,13730.0,61.0,6.0,16838.0,-6773.0,-6765.0,3300.0,10065.0,477796.57,514931.21,58.41,9.72,9.1,2.8,14.25,48.8,50.12,0.51,615,582.0,250.0
HINDALCO,2023,4.52,89.85,10.65,0.64,153.44,1.0,223202.0,3646.0,200536.0,89.85,10.0,1307.0,7086.0,13241.0,24.0,10097.0,45.0,7.0,19208.0,-7559.0,-10450.0,1199.0,11649.0,537689.01,677187.92,71.42,2.69,7.86,1.33,14.15,10.67,10.76,-6.42,616,583.0,251.0
HINDALCO,2024,4.7,88.95,9.57,0.53,126.47,0.94,215962.0,3858.0,192090.0,88.95,11.0,1519.0,7521.0,14012.0,28.0,10155.0,45.0,8.0,24056.0,-14267.0,-10817.0,-1028.0,9789.0,722281.1,656285.92,56.45,9.32,27.63,0.98,10.59,13.07,13.4,8.46,617,584.0,252.0
HINDUNILVR,2013,14.22,84.37,134.0,0.01,20.3,2.23,27004.0,26.0,22784.0,84.37,16.0,1123.0,251.0,5066.0,24.0,3839.0,18.0,104.0,3605.0,63.0,-4147.0,-480.0,3668.0,,,,,,,,,,,619,585.0,
HINDUNILVR,2014,13.53,83.72,111.85,0.01,30.92,2.13,29234.0,41.0,24475.0,83.72,16.0,792.0,296.0,5215.0,24.0,3956.0,18.0,71.0,3818.0,-475.0,-2960.0,383.0,3343.0,,,,,,,,,,,620,586.0,
HINDUNILVR,2015,13.69,83.07,108.67,0.01,21.31,2.22,31972.0,18.0,26560.0,83.07,17.0,1247.0,322.0,6320.0,31.0,4376.0,20.0,74.0,3292.0,138.0,-3462.0,-33.0,3430.0,,,,,,,,,,,621,587.0,
HINDUNILVR,2016,12.9,81.64,63.15,0.03,54.1,2.18,32186.0,17.0,26276.0,81.64,18.0,486.0,353.0,6026.0,31.0,4151.0,19.0,83.0,4171.0,-282.0,-3864.0,25.0,3889.0,,,,,,,,,,,622,588.0,
HINDUNILVR,2017,13.54,80.92,66.58,0.04,44.31,2.11,33162.0,35.0,26834.0,80.92,19.0,606.0,432.0,6467.0,31.0,4490.0,21.0,82.0,5185.0,-1173.0,-4214.0,-202.0,4012.0,,,,,,,,,,,623,589.0,
HINDUNILVR,2018,14.71,78.9,71.79,0.0,79.51,1.99,35545.0,26.0,28046.0,78.9,21.0,353.0,520.0,7306.0,28.0,5227.0,24.0,83.0,6059.0,-1063.0,-4975.0,21.0,4996.0,,,,,,,5.65,6.37,5.92,6.37,624,590.0,
HINDUNILVR,2019,15.42,77.41,77.03,0.01,94.57,2.11,39310.0,33.0,30430.0,77.41,23.0,322.0,565.0,8604.0,30.0,6060.0,28.0,78.0,5800.0,-438.0,-5390.0,-28.0,5362.0,366409.11,343817.47,13.37,1.78,25.05,1.79,6.1,8.9,9.24,9.91,625,591.0,253.0
HINDUNILVR,2020,16.98,75.21,82.1,0.0,70.63,1.97,39783.0,118.0,29922.0,75.21,25.0,424.0,1002.0,9165.0,26.0,6756.0,31.0,80.0,7623.0,1791.0,-6819.0,2595.0,9414.0,365239.67,374855.61,22.92,6.47,12.11,3.14,4.47,9.07,9.16,22.38,626,592.0,254.0
HINDUNILVR,2021,17.01,75.28,16.78,0.0,208.39,0.68,47028.0,117.0,35402.0,75.28,25.0,170.0,1074.0,10605.0,25.0,7999.0,34.0,119.0,9163.0,-1228.0,-9309.0,-1374.0,7935.0,333086.26,426116.2,14.47,14.18,34.17,3.06,7.88,14.02,12.34,15.33,627,593.0,255.0
HINDUNILVR,2022,16.95,75.49,18.12,0.02,180.89,0.74,52446.0,106.0,39589.0,75.49,25.0,219.0,1091.0,11879.0,25.0,8892.0,38.0,90.0,9048.0,-1728.0,-8015.0,-695.0,7320.0,435060.89,415782.26,20.69,4.16,13.57,1.4,9.6,14.64,12.59,12.78,628,594.0,256.0
HINDUNILVR,2023,16.74,76.65,20.16,0.02,103.7,0.83,60580.0,114.0,46433.0,76.65,23.0,448.0,1137.0,13344.0,24.0,10143.0,43.0,91.0,9991.0,-1484.0,-8953.0,-446.0,8507.0,495019.01,451095.5,35.52,4.07,26.23,4.43,11.25,14.18,12.37,11.23,629,595.0,257.0
HINDUNILVR,2024,16.61,76.32,20.07,0.03,57.85,0.79,61896.0,334.0,47237.0,76.32,24.0,817.0,1216.0,13926.0,26.0,10282.0,44.0,96.0,15469.0,-5324.0,-10034.0,111.0,10145.0,548890.59,587463.38,34.51,11.88,7.52,4.32,9.5,11.15,9.46,13.6,630,596.0,258.0
ICICIBANK,2013,22.57,70.59,14.73,7.09,1.08,0.07,44885.0,28285.0,31684.0,70.59,-34.0,29320.0,625.0,13610.0,26.0,10130.0,15.0,24.0,17494.0,-18563.0,9283.0,8215.0,-1069.0,,,,,,,,,,,632,597.0,
ICICIBANK,2014,23.6,66.4,15.28,7.11,1.09,0.07,49479.0,29711.0,32852.0,66.4,-26.0,30085.0,719.0,16282.0,28.0,11677.0,17.0,24.0,6765.0,-15750.0,7872.0,-1113.0,-8985.0,,,,,,,,,,,633,598.0,
ICICIBANK,2015,23.55,70.53,15.28,7.05,1.1,0.07,54964.0,32318.0,38766.0,70.53,-29.0,35252.0,798.0,18334.0,29.0,12942.0,19.0,24.0,-12273.0,-13175.0,24827.0,-621.0,-25448.0,,,,,,,,,,,634,599.0,
ICICIBANK,2016,18.43,88.12,11.61,7.13,1.24,0.06,59294.0,33996.0,52252.0,88.12,-45.0,42102.0,843.0,14304.0,24.0,10927.0,16.0,29.0,23645.0,-12060.0,5814.0,17399.0,11585.0,,,,,,,,,,,635,600.0,
ICICIBANK,2017,18.61,104.76,10.84,6.7,1.22,0.06,60940.0,34836.0,63841.0,104.76,-62.0,52458.0,912.0,13809.0,18.0,11340.0,16.0,14.0,52636.0,-1711.0,-35470.0,15455.0,50925.0,,,,,,,,,,,636,601.0,
ICICIBANK,2018,14.64,117.12,8.23,7.37,1.28,0.06,62162.0,34262.0,72806.0,117.12,-72.0,56807.0,922.0,10978.0,17.0,9100.0,12.0,12.0,19383.0,-50551.0,39676.0,8508.0,-31168.0,,,,,,,6.73,-2.12,-4.36,,637,602.0,
ICICIBANK,2019,7.9,116.38,4.98,7.8,1.41,0.06,71982.0,39178.0,83775.0,116.38,-71.0,59325.0,946.0,7408.0,23.0,5689.0,7.0,15.0,48671.0,-30282.0,-19997.0,-1608.0,18389.0,634101.51,817754.59,75.38,9.81,5.65,3.37,7.79,-13.4,-16.26,,638,603.0,259.0
ICICIBANK,2020,13.23,100.62,9.13,8.25,1.31,0.06,84836.0,44666.0,85361.0,100.62,-53.0,64950.0,1171.0,18589.0,40.0,11225.0,15.0,0.0,79565.0,-42095.0,2992.0,40462.0,37470.0,645375.01,681072.05,19.43,8.09,31.06,1.23,9.07,-2.81,-4.62,,639,604.0,260.0
ICICIBANK,2021,22.84,102.41,12.92,7.0,1.26,0.06,89163.0,42659.0,91309.0,102.41,-50.0,72174.0,1340.0,26028.0,22.0,20364.0,27.0,8.0,138015.0,-63631.0,-54667.0,19718.0,74384.0,851486.14,832663.82,12.77,9.84,34.73,4.29,8.5,13.26,11.03,45.05,640,605.0,261.0
ICICIBANK,2022,27.82,84.69,14.58,6.88,1.3,0.05,95407.0,41167.0,80798.0,84.69,-28.0,62129.0,1330.0,34241.0,25.0,26538.0,36.0,14.0,58111.0,-39448.0,17451.0,36114.0,18663.0,1050380.96,1029226.29,78.39,13.83,10.71,2.51,9.38,18.54,17.61,-18.19,641,606.0,262.0
ICICIBANK,2023,29.29,72.57,16.53,6.53,1.35,0.06,121067.0,50543.0,87864.0,72.57,-14.0,65112.0,1515.0,46256.0,26.0,35461.0,49.0,16.0,-3771.0,-67689.0,24791.0,-46669.0,-71460.0,1184576.28,1275805.13,78.87,1.36,26.95,0.92,14.26,31.26,32.5,,642,607.0,263.0
ICICIBANK,2024,28.89,62.41,17.99,6.45,1.3,0.07,159516.0,74108.0,99560.0,62.41,-9.0,76522.0,1935.0,60434.0,26.0,46081.0,63.0,16.0,157284.0,-144737.0,13765.0,26312.0,12547.0,1319221.86,1598760.1,25.76,6.2,38.28,3.43,17.25,51.95,55.18,-7.36,643,608.0,264.0
ICICIGI,2013,8.8,104.46,18.88,0.0,7.15,0.32,4012.0,8.0,4191.0,104.46,-4.0,586.0,49.0,351.0,0.0,353.0,8.0,0.0,984.0,-962.0,102.0,124.0,22.0,,,,,,,,,,,645,609.0,
ICICIGI,2014,11.95,105.19,21.72,0.0,5.6,0.3,4352.0,9.0,4578.0,105.19,-5.0,817.0,50.0,533.0,3.0,520.0,12.0,0.0,595.0,-706.0,4.0,-108.0,-111.0,,,,,,,,,,,646,610.0,
ICICIGI,2015,13.82,105.24,20.27,0.0,4.49,0.29,4234.0,12.0,4456.0,105.24,-5.0,992.0,54.0,705.0,17.0,585.0,13.0,15.0,-98.0,171.0,-93.0,-20.0,73.0,,,,,,,,,,,647,611.0,
ICICIGI,2016,8.4,87.34,15.66,0.0,,0.38,6033.0,0.0,5269.0,87.34,13.0,0.0,57.0,708.0,28.0,507.0,11.0,26.0,511.0,-310.0,-148.0,53.0,201.0,,,,,,,,,,,648,612.0,
ICICIGI,2017,9.34,87.78,18.0,0.12,-3306.5,0.32,7520.0,0.0,6601.0,87.78,12.0,-2.0,7.0,910.0,23.0,702.0,16.0,22.0,1628.0,-1990.0,361.0,-1.0,-362.0,,,,,,,,,,,649,613.0,
ICICIGI,2018,12.47,103.79,18.98,0.11,4.57,0.23,6912.0,59.0,7174.0,103.79,-4.0,1569.0,51.0,1196.0,28.0,862.0,19.0,17.0,2390.0,-1896.0,-96.0,398.0,494.0,,,,,,,11.49,19.55,18.89,86.32,650,614.0,
ICICIGI,2019,9.4,85.05,19.43,0.09,-4754.5,0.33,11163.0,70.0,9494.0,85.05,15.0,-2.0,0.0,1598.0,34.0,1049.0,23.0,26.0,2976.0,-2856.0,-310.0,-190.0,120.0,827632.41,885667.8,63.73,12.4,13.56,2.98,20.73,15.07,13.9,,651,615.0,265.0
ICICIGI,2020,10.37,84.61,19.47,0.08,650.67,0.31,11517.0,0.0,9745.0,84.61,15.0,15.0,90.0,1697.0,30.0,1194.0,26.0,13.0,3433.0,-3382.0,-420.0,-369.0,51.0,742801.33,675418.05,47.5,3.75,7.76,3.28,22.16,15.34,14.87,-6.92,652,616.0,266.0
ICICIGI,2021,12.11,82.97,19.38,0.06,842.25,0.31,12161.0,0.0,10090.0,82.97,17.0,12.0,130.0,1954.0,25.0,1473.0,32.0,25.0,1774.0,-1367.0,-212.0,195.0,407.0,816329.22,994705.97,55.8,11.08,15.76,1.18,15.05,23.78,23.81,15.15,653,617.0,267.0
ICICIGI,2022,7.93,93.66,13.83,0.03,18.56,0.32,16026.0,0.0,15010.0,93.66,6.0,809.0,141.0,1684.0,24.0,1271.0,26.0,35.0,809.0,135.0,-879.0,65.0,944.0,939135.7,920383.85,66.71,8.08,12.94,2.81,16.34,12.61,10.2,,654,618.0,268.0
ICICIGI,2023,9.67,92.93,16.55,0.0,16.77,0.32,17876.0,0.0,16612.0,92.93,7.0,991.0,142.0,2113.0,18.0,1729.0,35.0,31.0,2290.0,-1685.0,-695.0,-90.0,605.0,1242023.75,1158606.81,15.87,12.74,8.84,0.18,20.93,14.94,13.0,4.14,655,619.0,269.0
ICICIGI,2024,9.37,87.42,15.72,0.0,160.03,0.32,20487.0,0.0,17910.0,87.42,13.0,112.0,134.0,2555.0,25.0,1919.0,39.0,28.0,2407.0,-1921.0,-355.0,131.0,486.0,1271789.21,1382030.89,49.0,7.86,36.96,3.46,12.91,12.84,11.14,32.28,656,620.0,270.0
ICICIPRULI,2013,7.57,96.28,38.25,0.0,21.43,0.27,20025.0,14.0,19280.0,96.28,4.0,900.0,41.0,1591.0,5.0,1515.0,11.0,32.0,-2641.0,1564.0,-514.0,-1591.0,-1077.0,,,,,,,,,,,658,621.0,
ICICIPRULI,2014,7.13,93.13,35.61,0.0,158.07,0.27,21888.0,15.0,20384.0,93.13,7.0,129.0,47.0,1572.0,1.0,1561.0,11.0,70.0,-2382.0,6012.0,-1091.0,2539.0,3630.0,,,,,,,,,,,659,622.0,
ICICIPRULI,2015,4.76,95.2,31.15,0.0,762.86,0.34,34453.0,17.0,32798.0,95.2,5.0,43.0,40.0,1642.0,0.0,1640.0,11.0,51.0,523.0,-1822.0,-966.0,-2264.0,-1299.0,,,,,,,,,,,660,623.0,
ICICIPRULI,2016,7.91,91.17,31.0,0.19,,0.2,20849.0,0.0,19008.0,91.17,9.0,0.0,0.0,1842.0,10.0,1650.0,12.0,73.0,3634.0,27.0,-1442.0,2219.0,3661.0,,,,,,,,,,,661,624.0,
ICICIPRULI,2017,4.45,95.22,26.26,0.0,277.04,0.3,37816.0,15.0,36010.0,95.22,5.0,130.0,58.0,1863.0,10.0,1682.0,12.0,63.0,4130.0,-696.0,-994.0,2439.0,3434.0,,,,,,,,,,,662,625.0,
ICICIPRULI,2018,4.17,95.44,24.63,0.0,280.81,0.27,38832.0,20.0,37062.0,95.44,5.0,132.0,44.0,1839.0,12.0,1619.0,11.0,59.0,5690.0,-5389.0,-1188.0,-887.0,301.0,,,,,,,14.16,1.34,0.0,,663,626.0,
ICICIPRULI,2019,2.75,98.7,16.58,0.0,50.34,0.25,41463.0,23.0,40922.0,98.7,1.0,813.0,57.0,1274.0,11.0,1139.0,8.0,40.0,11377.0,-7559.0,-843.0,2975.0,3818.0,1606002.47,1499575.64,76.8,0.56,32.16,0.14,13.63,-6.11,-6.17,1.01,664,627.0,271.0
ICICIPRULI,2020,5.07,101.52,14.79,0.0,13.52,0.13,21025.0,0.0,21344.0,101.52,-2.0,1578.0,61.0,1198.0,11.0,1067.0,7.0,11.0,8596.0,-10797.0,-405.0,-2606.0,-2201.0,1976358.03,2520203.49,36.03,3.99,12.92,2.21,-9.41,-8.24,-8.64,,665,628.0,272.0
ICICIPRULI,2021,1.15,100.47,10.5,0.13,50.07,0.38,83182.0,0.0,83572.0,100.47,0.0,1669.0,60.0,1219.0,22.0,956.0,7.0,30.0,7314.0,-5084.0,1205.0,3434.0,2230.0,1848771.31,2161526.94,34.52,5.19,21.14,2.44,31.88,-10.34,-10.22,-9.44,666,629.0,273.0
ICICIPRULI,2022,1.19,103.4,8.29,0.13,20.6,0.26,63564.0,0.0,65728.0,103.4,-3.0,3191.0,67.0,961.0,21.0,759.0,5.0,10.0,1831.0,-816.0,-319.0,696.0,1015.0,1702653.91,2014418.94,71.57,4.53,11.31,3.42,10.94,-14.71,-16.06,-21.63,667,630.0,274.0
ICICIPRULI,2023,1.61,103.48,8.06,0.12,17.86,0.2,50478.0,0.0,52235.0,103.48,-3.0,2925.0,84.0,1085.0,25.0,813.0,6.0,11.0,89.0,-1145.0,-112.0,-1168.0,-1056.0,1603509.84,1469620.08,52.59,3.98,11.01,4.42,5.39,-12.87,-11.42,,668,631.0,275.0
ICICIPRULI,2024,0.94,102.03,7.73,0.11,31.02,0.3,90307.0,0.0,92136.0,102.03,-2.0,2970.0,113.0,1028.0,17.0,851.0,6.0,10.0,-7315.0,7420.0,-88.0,17.0,105.0,1596987.55,2014403.87,20.83,12.38,22.57,0.35,16.85,-5.66,-5.59,-51.26,669,632.0,276.0
INDIGO,2013,8.55,90.71,17886.36,2.5,28.23,353.96,9203.0,73.0,8348.0,90.71,9.0,296.0,86.0,993.0,21.0,787.0,25647.0,70.0,1741.0,-1890.0,36.0,-113.0,-149.0,,,,,,,,,,,1362,633.0,
INDIGO,2014,4.26,96.11,10772.73,3.18,27.34,317.63,11117.0,123.0,10684.0,96.11,4.0,391.0,226.0,475.0,0.0,474.0,15454.0,80.0,1595.0,-2914.0,1285.0,-34.0,-1319.0,,,,,,,,,,,1363,634.0,
INDIGO,2015,9.36,86.33,4939.39,0.15,30.47,228.28,13925.0,150.0,12022.0,86.33,14.0,395.0,302.0,1847.0,29.0,1304.0,42481.0,83.0,2384.0,-940.0,-1308.0,136.0,1444.0,,,,,,,,,,,1364,635.0,
INDIGO,2016,12.3,80.4,1534.78,0.06,25.23,82.35,16140.0,350.0,12976.0,80.4,20.0,515.0,505.0,2824.0,30.0,1986.0,55.0,27.0,3116.0,-1337.0,-1220.0,559.0,1779.0,,,,,,,,,,,1365,636.0,
INDIGO,2017,8.93,88.06,1692.86,0.53,20.75,75.53,18580.0,406.0,16362.0,88.06,12.0,789.0,457.0,2144.0,23.0,1659.0,46.0,74.0,3782.0,-3033.0,-1401.0,-652.0,749.0,,,,,,,,,,,1366,637.0,
INDIGO,2018,9.74,86.84,2242.0,0.54,21.12,82.51,23021.0,413.0,19991.0,86.84,13.0,947.0,437.0,3127.0,28.0,2242.0,58.0,10.0,3903.0,-4152.0,766.0,518.0,-249.0,,,,,,,20.13,23.29,-70.43,,1367,638.0,
INDIGO,2019,0.55,100.53,120.93,0.68,21.62,76.4,28497.0,563.0,28648.0,100.53,-1.0,1325.0,760.0,-149.0,-99.0,156.0,4.0,123.0,3160.0,-2526.0,-592.0,42.0,634.0,1427895.35,1378214.29,60.24,6.95,31.39,3.21,20.72,-19.93,-80.83,,1368,639.0,277.0
INDIGO,2020,-0.69,88.62,-138.55,0.42,20.7,84.73,35756.0,1902.0,31687.0,88.62,11.0,1531.0,3974.0,-275.0,-10.0,-248.0,-6.0,0.0,6943.0,-4573.0,-2407.0,-37.0,2370.0,1232702.22,1197555.92,41.91,14.04,16.97,2.83,20.76,,,10.42,1369,640.0,278.0
INDIGO,2021,-42.15,99.98,-1094.15,0.02,14.13,18.05,14641.0,2170.0,14638.0,99.98,0.0,1036.0,4699.0,-5830.0,0.0,-6171.0,-151.0,0.0,-1620.0,3228.0,-1775.0,-168.0,1608.0,1055244.71,1249885.41,51.42,10.87,36.66,0.66,-1.93,,,-2.0,1370,641.0,279.0
INDIGO,2022,-1.22,97.85,-48.77,0.02,35.0,28.19,25931.0,2386.0,25373.0,97.85,2.0,725.0,5068.0,-6171.0,0.0,-317.0,-160.0,0.0,2064.0,1527.0,-3088.0,503.0,3591.0,1034978.53,1343725.41,19.25,10.95,30.38,3.07,6.89,,,36.82,1371,642.0,280.0
INDIGO,2023,-0.58,88.02,-40.8,0.02,33.5,51.27,54446.0,3168.0,47926.0,88.02,12.0,1431.0,5101.0,-317.0,0.0,-317.0,-8.0,0.0,12703.0,-4039.0,-8432.0,232.0,8664.0,997429.81,983519.28,55.98,3.2,28.15,2.22,18.79,,,,1372,643.0,281.0
INDIGO,2024,11.85,76.3,892.57,0.02,22.61,56.39,68904.0,4805.0,52573.0,76.3,24.0,2326.0,6406.0,8043.0,-2.0,8167.0,212.0,0.0,21183.0,-11759.0,-9979.0,-555.0,9424.0,1040632.92,1061542.29,76.23,7.87,24.64,4.27,19.31,120.69,121.24,71.57,1373,644.0,282.0
INDUSINDBK,2013,15.19,27.88,13.91,8.33,1.43,0.1,6983.0,4750.0,1947.0,27.88,4.0,1363.0,73.0,1576.0,33.0,1061.0,20.0,15.0,-486.0,-174.0,1969.0,1309.0,-660.0,,,,,,,,,,,697,645.0,
INDUSINDBK,2014,17.06,30.95,15.57,8.32,1.35,0.09,8254.0,5363.0,2555.0,30.95,4.0,1891.0,98.0,2128.0,34.0,1408.0,27.0,13.0,-4106.0,-174.0,4200.0,-79.0,-4280.0,,,,,,,,,,,698,646.0,
INDUSINDBK,2015,18.51,32.33,16.85,8.9,1.23,0.09,9692.0,6272.0,3133.0,32.33,3.0,2548.0,127.0,2709.0,34.0,1794.0,34.0,12.0,-1421.0,-276.0,5707.0,4010.0,-1697.0,,,,,,,,,,,699,647.0,
INDUSINDBK,2016,19.26,35.28,12.92,6.67,1.27,0.08,11872.0,7355.0,4188.0,35.28,3.0,3297.0,157.0,3469.0,34.0,2286.0,38.0,12.0,-2927.0,-258.0,2517.0,-667.0,-3185.0,,,,,,,,,,,700,648.0,
INDUSINDBK,2017,19.91,39.46,13.89,7.22,1.36,0.08,14406.0,8343.0,5684.0,39.46,3.0,4171.0,191.0,4360.0,34.0,2868.0,48.0,13.0,11569.0,-285.0,-2768.0,8516.0,11284.0,,,,,,,,,,,701,649.0,
INDUSINDBK,2018,20.87,37.93,15.13,7.97,1.38,0.08,17281.0,9783.0,6555.0,37.93,5.0,4750.0,212.0,5481.0,34.0,3606.0,60.0,12.0,-20700.0,-217.0,15505.0,-5412.0,-20917.0,,,,,,,19.87,27.72,24.57,,702,650.0,
INDUSINDBK,2019,14.83,41.7,12.37,9.08,1.64,0.08,22261.0,13415.0,9283.0,41.7,-2.0,5647.0,229.0,4981.0,34.0,3301.0,55.0,14.0,-6389.0,-633.0,8590.0,1568.0,-7022.0,1305732.17,1230713.54,68.96,5.36,33.37,3.85,21.95,18.58,15.29,,703,651.0,283.0
INDUSINDBK,2020,15.35,43.81,12.73,7.57,1.81,0.09,28783.0,16724.0,12611.0,43.81,-2.0,6951.0,278.0,6121.0,28.0,4418.0,64.0,0.0,-12039.0,526.0,12733.0,1220.0,-11513.0,1287117.57,1368891.05,60.27,1.94,31.44,0.5,24.32,19.75,13.49,,704,652.0,284.0
INDUSINDBK,2021,9.78,55.16,6.54,7.09,2.44,0.08,29000.0,15472.0,15997.0,55.16,-9.0,6559.0,305.0,3784.0,25.0,2836.0,37.0,14.0,44646.0,-226.0,-4096.0,40324.0,44420.0,1682555.96,1700282.89,49.44,2.2,14.43,1.82,19.56,4.41,-0.53,,705,653.0,285.0
INDUSINDBK,2022,14.96,51.39,9.67,7.15,2.16,0.08,30822.0,15822.0,15840.0,51.39,-3.0,7334.0,321.0,6174.0,25.0,4611.0,60.0,14.0,16600.0,-351.0,-4302.0,11947.0,16249.0,1839916.06,1655974.13,71.98,0.61,32.08,2.12,16.43,9.96,4.56,7.57,706,654.0,286.0
INDUSINDBK,2023,20.32,42.69,13.53,7.06,1.9,0.08,36368.0,18776.0,15525.0,42.69,6.0,8166.0,373.0,9860.0,25.0,7390.0,95.0,15.0,-12438.0,-441.0,1115.0,-11763.0,-12879.0,2045876.29,2011722.82,51.73,8.29,10.75,1.07,16.05,15.43,9.63,,707,655.0,287.0
INDUSINDBK,2024,19.56,38.55,14.25,6.89,1.88,0.09,45748.0,25132.0,17638.0,38.55,7.0,9388.0,425.0,11942.0,25.0,8950.0,115.0,14.0,-16843.0,-625.0,-2242.0,-19710.0,-17468.0,1807433.12,1674611.06,8.99,3.7,28.79,1.42,15.5,22.08,15.9,,708,656.0,288.0
INFY,2013,23.37,28.59,24.82,0.0,2780.6,0.87,40352.0,28814.0,11538.0,28.59,2365.0,5.0,1099.0,12799.0,26.0,9429.0,21.0,25.0,7373.0,-2922.0,-3210.0,1241.0,4451.0,,,,,,,,,,,710,657.0,
INFY,2014,21.26,26.71,23.93,0.0,1783.78,0.88,50133.0,36743.0,13390.0,26.71,2664.0,9.0,1317.0,14728.0,28.0,10656.0,23.0,34.0,9825.0,-2563.0,-3144.0,4118.0,7262.0,,,,,,,,,,,711,658.0,
INFY,2015,23.2,27.91,24.39,0.0,1526.08,0.8,53319.0,38436.0,14883.0,27.91,3430.0,12.0,1017.0,17284.0,28.0,12372.0,27.0,55.0,8353.0,999.0,-4935.0,4417.0,9352.0,,,,,,,,,,,712,659.0,
INFY,2016,21.6,27.35,21.85,0.0,,0.83,62441.0,45362.0,17079.0,27.35,3120.0,0.0,1459.0,18740.0,28.0,13489.0,29.0,41.0,10028.0,-885.0,-6813.0,2330.0,9143.0,,,,,,,,,,,713,660.0,
INFY,2017,20.96,27.17,20.81,0.0,,0.82,68484.0,49880.0,18604.0,27.17,3050.0,0.0,1703.0,19951.0,28.0,14353.0,31.0,41.0,11531.0,-14664.0,-6939.0,-10072.0,-3133.0,,,,,,,,,,,714,661.0,
INFY,2018,22.73,26.69,24.69,0.0,,0.89,70522.0,51700.0,18822.0,26.69,3311.0,0.0,1863.0,20270.0,21.0,16029.0,37.0,59.0,13218.0,4533.0,-20505.0,-2754.0,17751.0,,,,,,,11.81,11.2,11.99,31.87,715,662.0,
INFY,2019,18.64,24.4,23.73,0.0,,0.98,82675.0,62505.0,20170.0,24.4,2882.0,0.0,2011.0,21041.0,27.0,15410.0,35.0,60.0,14841.0,-632.0,-14512.0,-303.0,14209.0,473902.69,535599.26,32.63,10.31,30.95,2.63,10.52,7.66,8.76,14.37,716,663.0,289.0
INFY,2020,18.33,24.53,25.42,0.07,147.47,0.99,90791.0,68524.0,22267.0,24.53,2803.0,170.0,2893.0,22007.0,24.0,16639.0,39.0,45.0,17003.0,-331.0,-17591.0,-919.0,16672.0,468232.33,516667.75,26.14,13.59,31.82,2.22,11.23,6.11,7.63,12.26,717,664.0,290.0
INFY,2021,19.33,27.76,25.44,0.07,154.31,0.93,100472.0,72583.0,27889.0,27.76,2201.0,195.0,3267.0,26628.0,27.0,19423.0,45.0,59.0,23224.0,-7373.0,-9786.0,6065.0,15851.0,624026.61,698099.93,31.65,1.88,24.03,3.87,9.98,7.56,9.18,11.63,718,665.0,291.0
INFY,2022,18.21,25.89,29.39,0.07,168.93,1.04,121641.0,90150.0,31491.0,25.89,2295.0,200.0,3476.0,30110.0,26.0,22146.0,53.0,59.0,23885.0,-6485.0,-24642.0,-7242.0,17400.0,800850.39,914432.46,36.33,9.93,31.67,1.85,12.18,9.06,11.32,,719,666.0,292.0
INFY,2023,16.43,23.94,31.97,0.11,133.21,1.18,146767.0,111637.0,35130.0,23.94,2701.0,284.0,4225.0,33322.0,28.0,24108.0,58.0,73.0,22467.0,-1071.0,-26695.0,-5299.0,21396.0,871427.0,1021527.28,71.12,11.97,5.78,0.56,15.79,8.51,9.41,3.81,720,667.0,293.0
INFY,2024,17.08,23.7,29.79,0.09,87.52,1.13,153670.0,117245.0,36425.0,23.7,4711.0,470.0,4678.0,35988.0,27.0,26248.0,63.0,,25210.0,-5093.0,-17504.0,2613.0,20117.0,1112279.92,1372029.68,35.99,8.97,36.7,4.1,13.2,11.24,12.47,7.2,721,668.0,294.0
IOC,2013,0.79,3.0,5.75,1.42,2.42,1.91,461780.0,447919.0,13861.0,3.0,3499.0,7164.0,5692.0,4504.0,19.0,3627.0,3.0,36.0,9340.0,-9294.0,352.0,398.0,46.0,,,,,,,,,,,723,669.0,
IOC,2014,1.43,3.53,10.26,1.4,3.75,1.84,488345.0,471123.0,17222.0,3.53,5064.0,5948.0,6360.0,9978.0,30.0,6967.0,5.0,30.0,24195.0,-18594.0,-3116.0,2485.0,5601.0,,,,,,,,,,,724,670.0,
IOC,2015,1.08,2.35,7.08,0.94,3.91,1.92,449507.0,438932.0,10575.0,2.35,5860.0,4201.0,5219.0,7014.0,31.0,4872.0,3.0,33.0,46092.0,-10215.0,-38283.0,-2406.0,35877.0,,,,,,,,,,,725,671.0,
IOC,2016,3.59,6.37,13.8,0.65,7.82,1.49,346045.0,324007.0,22038.0,6.37,5219.0,3487.0,5698.0,18072.0,31.0,12413.0,8.0,28.0,25624.0,-13610.0,-11890.0,124.0,12014.0,,,,,,,,,,,726,672.0,
IOC,2017,5.74,9.61,19.97,0.62,10.29,1.3,355379.0,321230.0,34149.0,9.61,4356.0,3743.0,6806.0,27956.0,27.0,20385.0,14.0,45.0,28216.0,-17684.0,-10937.0,-405.0,10532.0,,,,,,,,,,,727,673.0,
IOC,2018,5.37,9.88,19.87,0.58,11.87,1.42,421492.0,379834.0,41658.0,9.88,4331.0,3875.0,7664.0,34450.0,34.0,22626.0,15.0,90.0,29115.0,-17119.0,-12007.0,-11.0,11996.0,,,,,,,-1.81,44.22,37.97,204.27,728,674.0,
IOC,2019,3.27,6.68,15.36,0.86,7.99,1.57,528158.0,492896.0,35262.0,6.68,4097.0,4925.0,8506.0,25927.0,33.0,17274.0,12.0,49.0,12747.0,-22569.0,10436.0,614.0,-9822.0,1122574.59,1338235.9,15.28,13.46,10.22,2.98,1.58,19.91,19.14,,729,675.0,295.0
IOC,2020,-0.39,3.32,-1.97,1.36,1.53,1.47,483763.0,467710.0,16053.0,3.32,-7165.0,5792.0,10273.0,-7177.0,-74.0,-1876.0,-1.0,-437.0,7146.0,-29101.0,22456.0,502.0,-21955.0,1296710.19,1570004.66,47.71,1.36,29.7,1.72,1.48,,,,730,676.0,296.0
IOC,2021,5.98,10.97,19.46,1.04,15.21,1.02,363950.0,324021.0,39929.0,10.97,4696.0,2933.0,10941.0,30751.0,29.0,21762.0,15.0,51.0,49650.0,-22935.0,-27369.0,-653.0,26715.0,1309862.08,1698458.1,50.51,10.81,23.42,3.46,1.01,11.88,13.4,17.33,731,677.0,297.0
IOC,2022,4.37,8.1,19.27,0.99,9.55,1.43,589321.0,541563.0,47758.0,8.1,4332.0,5454.0,12348.0,34289.0,25.0,25727.0,18.0,46.0,25747.0,-21294.0,-4058.0,395.0,4453.0,1605938.54,1867479.2,79.84,7.17,29.72,3.59,10.65,4.76,5.15,-15.82,732,678.0,298.0
IOC,2023,1.39,3.65,8.38,1.07,4.72,1.9,841756.0,811073.0,30683.0,3.65,5124.0,7588.0,13181.0,15038.0,22.0,11704.0,7.0,42.0,29644.0,-28030.0,-1794.0,-180.0,1614.0,1666992.08,1805135.73,77.78,0.97,16.74,2.19,14.84,-12.35,-14.14,-33.05,733,679.0,299.0
IOC,2024,5.56,9.74,23.53,0.72,10.28,1.61,776352.0,700706.0,75646.0,9.74,5389.0,7881.0,15866.0,57288.0,25.0,43161.0,30.0,40.0,71099.0,-31464.0,-39385.0,250.0,39635.0,1418164.33,1786391.89,28.61,4.24,33.71,1.25,8.01,20.1,20.11,,734,680.0,300.0
IRCTC,2015,12.37,14.35,29.5,0.0,,0.91,1059.0,907.0,152.0,14.35,82.0,0.0,20.0,214.0,39.0,131.0,13.0,20.0,69.0,-46.0,-17.0,6.0,23.0,,,,,,,,,,,736,681.0,
IRCTC,2016,13.83,13.9,34.87,0.0,,0.95,1367.0,1176.0,190.0,13.9,139.0,0.0,21.0,309.0,39.0,189.0,19.0,40.0,288.0,7.0,-31.0,263.0,295.0,,,,,,,,,,,737,682.0,
IRCTC,2017,15.07,20.66,29.1,0.0,127.0,0.83,1520.0,1206.0,314.0,20.66,67.0,3.0,22.0,355.0,35.0,229.0,11.0,49.0,338.0,94.0,-136.0,296.0,432.0,,,,,,,,,,,738,683.0,
IRCTC,2018,15.08,18.69,23.14,0.0,124.33,0.63,1466.0,1192.0,274.0,18.69,99.0,3.0,24.0,346.0,36.0,221.0,11.0,21.0,24.0,40.0,-57.0,7.0,64.0,,,,,,,,,,,739,684.0,
IRCTC,2019,16.52,20.48,28.85,0.0,254.5,0.72,1870.0,1487.0,383.0,20.48,126.0,2.0,29.0,479.0,36.0,309.0,4.0,98.0,499.0,-353.0,-179.0,-33.0,146.0,1245806.34,1516134.78,64.3,1.79,7.79,1.38,,,,,740,685.0,301.0
IRCTC,2020,22.66,31.05,39.04,0.0,78.0,0.7,2264.0,1562.0,703.0,31.05,77.0,10.0,40.0,730.0,30.0,513.0,6.0,39.0,409.0,8.0,-280.0,137.0,417.0,1081327.44,1189646.06,36.42,8.58,15.46,2.19,16.41,31.39,-14.33,78.52,741,686.0,302.0
IRCTC,2021,24.07,24.2,12.84,0.05,39.0,0.25,777.0,589.0,188.0,24.2,124.0,8.0,46.0,258.0,27.0,187.0,2.0,43.0,248.0,-453.0,-47.0,-252.0,-205.0,1100112.67,1076001.77,54.75,10.26,34.02,3.94,-10.68,-0.21,-36.25,,742,687.0,303.0
IRCTC,2022,35.13,46.51,35.29,0.06,86.0,0.48,1879.0,1005.0,874.0,46.51,72.0,11.0,49.0,885.0,26.0,660.0,8.0,42.0,524.0,-242.0,-258.0,23.0,282.0,1322589.51,1554041.66,12.08,2.09,33.44,1.05,4.33,23.58,-6.17,-8.18,743,688.0,304.0
IRCTC,2023,28.41,36.04,40.6,0.03,89.0,0.7,3541.0,2265.0,1276.0,36.04,148.0,16.0,54.0,1354.0,26.0,1006.0,13.0,44.0,812.0,-317.0,-434.0,61.0,495.0,1359334.39,1302404.03,22.05,11.74,14.17,2.02,19.29,35.41,3.4,50.55,744,689.0,305.0
IRCTC,2024,26.02,34.33,34.4,0.02,82.74,0.7,4270.0,2804.0,1466.0,34.33,106.0,19.0,57.0,1496.0,26.0,1111.0,14.0,47.0,882.0,-215.0,-404.0,262.0,667.0,1258520.29,1473943.68,60.44,5.74,32.47,1.08,17.96,29.17,28.47,35.5,745,690.0,306.0
IRFC,2013,9.41,99.6,8.16,9.19,1.36,0.08,5550.0,22.0,5528.0,99.6,2.0,4075.0,0.0,1454.0,64.0,522.0,222.0,21.0,,,,,,,,,,,,,,,,747,,
IRFC,2014,11.31,99.69,9.27,9.25,1.34,0.07,6197.0,19.0,6178.0,99.69,1.0,4607.0,0.0,1572.0,55.0,701.0,209.0,6.0,,,,,,,,,,,,,,,,748,,
IRFC,2015,10.92,99.51,8.73,8.21,1.38,0.08,6939.0,34.0,6905.0,99.51,1.0,4992.0,0.0,1914.0,60.0,758.0,212.0,20.0,,,,,,,,,,,,,,,,749,,
IRFC,2016,11.31,99.48,7.37,7.59,1.35,0.07,7507.0,38.0,7468.0,99.48,1.0,5519.0,0.0,1950.0,56.0,849.0,188.0,40.0,-16378.0,2.0,17582.0,1206.0,-16376.0,,,,,,,,,,,750,691.0,
IRFC,2017,10.32,99.71,7.78,8.86,1.31,0.07,9047.0,26.0,9021.0,99.71,0.0,6888.0,0.0,2133.0,56.0,934.0,143.0,40.0,-19455.0,2.0,18250.0,-1204.0,-19453.0,,,,,,,,,,,751,692.0,
IRFC,2018,22.18,99.59,14.75,9.62,1.39,0.06,9267.0,38.0,9229.0,99.59,1.0,6638.0,0.0,2592.0,21.0,2055.0,3.0,18.0,-28076.0,2.0,28075.0,0.0,-28074.0,,,,,,,10.8,31.53,-57.72,,752,693.0,
IRFC,2019,20.25,99.56,9.01,6.95,1.35,0.05,11134.0,48.0,11085.0,99.56,0.0,8183.0,0.0,2902.0,22.0,2255.0,2.0,18.0,-41748.0,1.0,41749.0,3.0,-41747.0,1262848.07,1625870.1,24.73,1.86,14.21,0.55,12.43,26.32,-60.54,,753,694.0,307.0
IRFC,2020,23.78,99.51,10.54,7.74,1.31,0.05,13421.0,66.0,13355.0,99.51,0.0,10163.0,0.0,3192.0,0.0,3192.0,3.0,0.0,-62701.0,1.0,62697.0,-2.0,-62700.0,1180569.92,1220291.15,37.81,13.6,11.85,4.37,14.1,33.31,-57.33,,754,695.0,308.0
IRFC,2021,28.0,99.28,12.3,9.0,1.39,0.04,15771.0,113.0,15657.0,99.28,0.0,11237.0,4.0,4416.0,0.0,4416.0,3.0,31.0,-89907.0,0.0,90202.0,296.0,-89907.0,1481705.69,1855967.59,74.92,11.42,32.61,1.97,16.01,39.07,-56.29,,755,696.0,309.0
IRFC,2022,30.0,99.4,14.85,9.47,1.43,0.05,20299.0,123.0,20177.0,99.4,2.0,14075.0,14.0,6090.0,0.0,6090.0,5.0,30.0,-64412.0,-5.0,64266.0,-151.0,-64417.0,1637618.34,2084678.6,35.23,1.11,31.7,2.58,17.54,45.5,-48.86,,756,697.0,310.0
IRFC,2023,26.0,99.44,13.8,9.38,1.35,0.05,23722.0,134.0,23588.0,99.44,41.0,17447.0,14.0,6167.0,0.0,6167.0,5.0,32.0,-28588.0,0.0,28644.0,56.0,-28588.0,2059203.5,1915513.33,52.73,4.09,36.61,0.49,20.68,24.58,10.76,,757,698.0,311.0
IRFC,2024,24.06,99.5,13.04,8.38,1.32,0.05,26645.0,133.0,26513.0,99.5,10.0,20101.0,9.0,6412.0,0.0,6412.0,5.0,31.0,7914.0,-8.0,-8046.0,-140.0,7906.0,2618348.58,2449260.08,9.81,3.91,16.66,2.82,19.07,23.25,20.11,,758,699.0,312.0
ITC,2013,24.37,35.49,33.27,0.0,111.79,0.89,31618.0,20398.0,11221.0,35.49,852.0,108.0,859.0,11106.0,31.0,7704.0,6.0,55.0,7102.0,-3881.0,-3310.0,-90.0,3221.0,,,,,,,,,,,760,700.0,
ITC,2014,25.49,37.05,33.05,0.01,484.34,0.86,35306.0,22227.0,13080.0,37.05,966.0,29.0,965.0,13052.0,31.0,9001.0,7.0,54.0,7344.0,-3254.0,-4122.0,-32.0,4090.0,,,,,,,,,,,761,701.0,
ITC,2015,25.19,36.72,30.81,0.01,170.12,0.84,38817.0,24566.0,14252.0,36.72,1229.0,91.0,1028.0,14362.0,32.0,9779.0,8.0,52.0,9843.0,-5275.0,-4661.0,-93.0,4568.0,,,,,,,,,,,762,702.0,
ITC,2016,24.24,37.08,22.26,0.0,205.31,0.76,39192.0,24661.0,14531.0,37.08,1483.0,78.0,1077.0,14859.0,36.0,9501.0,8.0,73.0,9799.0,-3921.0,-5613.0,266.0,5878.0,,,,,,,,,,,763,703.0,
ITC,2017,24.5,36.17,22.57,0.0,351.61,0.77,42768.0,27298.0,15470.0,36.17,1759.0,49.0,1153.0,16026.0,35.0,10477.0,8.0,56.0,10627.0,-3251.0,-7301.0,75.0,7376.0,,,,,,,,,,,764,704.0,
ITC,2018,26.45,38.02,21.89,0.0,163.14,0.68,43449.0,26928.0,16521.0,38.02,2240.0,115.0,1236.0,17409.0,34.0,11493.0,9.0,56.0,13169.0,-7114.0,-6221.0,-166.0,6055.0,,,,,,,6.56,8.33,8.45,13.46,765,705.0,
ITC,2019,26.55,38.35,21.7,0.0,290.38,0.67,48340.0,29802.0,18537.0,38.35,2080.0,71.0,1397.0,19150.0,33.0,12836.0,10.0,56.0,12583.0,-5546.0,-6869.0,169.0,7037.0,215793.67,211845.82,69.58,1.15,17.46,2.84,6.49,7.36,7.39,11.46,766,706.0,313.0
ITC,2020,31.57,39.17,23.89,0.0,268.65,0.64,49388.0,30044.0,19344.0,39.17,2417.0,81.0,1645.0,20035.0,22.0,15593.0,12.0,82.0,14690.0,-6174.0,-8181.0,334.0,8516.0,281943.95,351639.75,72.45,1.41,34.43,3.51,4.93,9.78,8.45,13.27,767,707.0,314.0
ITC,2021,27.17,34.64,22.18,0.0,338.66,0.67,49257.0,32193.0,17065.0,34.64,2577.0,58.0,1646.0,17938.0,25.0,13383.0,11.0,101.0,12527.0,5740.0,-18634.0,-367.0,18267.0,366869.92,375906.12,73.65,6.34,27.19,1.91,4.68,7.09,6.58,25.45,768,708.0,315.0
ITC,2022,25.56,34.01,24.82,0.0,375.55,0.79,60645.0,40021.0,20623.0,34.01,1910.0,60.0,1732.0,20740.0,25.0,15503.0,12.0,93.0,15776.0,-2238.0,-13580.0,-43.0,13538.0,390285.11,436594.31,33.63,11.99,27.18,3.1,7.23,8.15,8.45,12.91,769,709.0,316.0
ITC,2023,27.46,36.24,28.16,0.0,356.44,0.83,70919.0,45215.0,25704.0,36.24,2098.0,78.0,1809.0,25915.0,25.0,19477.0,15.0,100.0,18878.0,-5732.0,-13006.0,139.0,13146.0,376827.06,485289.24,55.53,3.36,31.27,0.78,10.3,11.13,10.76,16.77,770,710.0,317.0
ITC,2024,29.28,37.02,27.85,0.0,362.96,0.77,70866.0,44634.0,26233.0,37.02,2804.0,80.0,1816.0,27140.0,24.0,20751.0,16.0,84.0,17179.0,1563.0,-18551.0,191.0,18742.0,332245.58,369131.93,47.85,3.24,17.19,4.26,7.95,10.08,9.86,21.64,771,711.0,318.0
JINDALSTEL,2013,14.9,30.83,13.89,1.16,6.03,0.35,19807.0,13701.0,6106.0,30.83,333.0,1067.0,1539.0,3833.0,24.0,2952.0,31.0,5.0,3522.0,-9591.0,6111.0,43.0,-6069.0,,,,,,,,,,,773,712.0,
JINDALSTEL,2014,9.83,30.07,8.39,1.61,3.4,0.28,19286.0,13487.0,5799.0,30.07,349.0,1807.0,1829.0,2512.0,25.0,1896.0,21.0,7.0,4580.0,-12694.0,8879.0,766.0,-8114.0,,,,,,,,,,,774,713.0,
JINDALSTEL,2015,-7.48,28.16,-6.9,2.16,1.41,0.26,19401.0,13937.0,5464.0,28.16,-1399.0,2875.0,2733.0,-1543.0,-6.0,-1452.0,-14.0,0.0,1182.0,-6717.0,5708.0,173.0,-5535.0,,,,,,,,,,,775,714.0,
JINDALSTEL,2016,-15.86,17.65,-9.52,1.44,1.03,0.21,19469.0,16032.0,3437.0,17.65,-79.0,3254.0,4068.0,-3964.0,-22.0,-3087.0,-32.0,0.0,4333.0,-2262.0,-2672.0,-601.0,2071.0,,,,,,,,,,,776,715.0,
JINDALSTEL,2017,-11.75,21.8,-8.45,1.53,1.26,0.24,21603.0,16894.0,4709.0,21.8,-362.0,3441.0,3949.0,-3043.0,-17.0,-2538.0,-25.0,0.0,6850.0,-1998.0,-5108.0,-256.0,4852.0,,,,,,,,,,,777,716.0,
JINDALSTEL,2018,-4.85,19.43,-5.32,1.41,1.52,0.37,33286.0,26817.0,6469.0,19.43,-584.0,3866.0,3883.0,-1864.0,-13.0,-1616.0,-15.0,0.0,7724.0,-1431.0,-6276.0,17.0,6293.0,,,,,,,10.94,,,,778,717.0,
JINDALSTEL,2019,-5.14,17.91,-7.52,1.23,1.63,0.53,46966.0,38553.0,8412.0,17.91,-1470.0,4264.0,5480.0,-2802.0,-14.0,-2412.0,-17.0,0.0,9027.0,-832.0,-8261.0,-67.0,8195.0,399948.98,518743.74,29.77,10.36,13.1,2.48,19.48,,,,779,718.0,319.0
JINDALSTEL,2020,-1.05,18.01,-1.24,1.15,1.83,0.42,37923.0,31092.0,6831.0,18.01,74.0,3768.0,3429.0,-291.0,37.0,-400.0,-1.0,0.0,8814.0,-1476.0,-7016.0,322.0,7338.0,417203.18,535952.43,39.16,8.97,38.07,4.45,14.34,,,,780,719.0,320.0
JINDALSTEL,2021,12.34,31.62,13.41,0.94,4.08,0.44,34579.0,23646.0,10933.0,31.62,313.0,2753.0,2414.0,6078.0,30.0,4267.0,36.0,0.0,11961.0,-1884.0,-4612.0,5465.0,10077.0,375828.8,463670.62,35.51,9.13,18.13,1.81,12.17,,,37.22,781,720.0,321.0
JINDALSTEL,2022,13.22,30.32,18.99,0.38,7.24,0.67,51166.0,35650.0,15515.0,30.32,-1840.0,1888.0,2097.0,9690.0,30.0,6766.0,56.0,5.0,16048.0,-2331.0,-15120.0,-1403.0,13717.0,349306.1,394403.82,47.36,3.25,23.96,4.38,18.82,,,23.1,782,721.0,322.0
JINDALSTEL,2023,7.47,18.68,10.27,0.34,6.5,0.77,53212.0,43270.0,9942.0,18.68,-539.0,1446.0,2691.0,5266.0,25.0,3974.0,31.0,6.0,7347.0,-4090.0,-2500.0,757.0,3257.0,421683.82,460644.47,73.96,8.84,9.73,2.46,9.84,,,-12.34,783,722.0,323.0
JINDALSTEL,2024,11.8,20.26,13.41,0.37,8.0,0.64,50354.0,40153.0,10202.0,20.26,156.0,1294.0,2822.0,6241.0,5.0,5943.0,58.0,3.0,6008.0,-8344.0,1381.0,-955.0,-2336.0,396587.97,478682.44,77.64,5.73,20.22,1.9,1.4,,,,784,723.0,324.0
JIOFIN,2023,68.89,86.67,0.03,0.01,,0.0,45.0,6.0,39.0,86.67,10.0,0.0,0.0,49.0,37.0,31.0,,0.0,2055.0,-1110.0,-889.0,56.0,945.0,1137314.0,1164967.52,65.98,7.88,14.61,4.29,,,,,786,724.0,329.0
JIOFIN,2024,86.52,84.04,1.15,0.0,198.8,0.01,1855.0,296.0,1559.0,84.04,429.0,10.0,22.0,1956.0,18.0,1605.0,3.0,0.0,-678.0,1441.0,-753.0,11.0,763.0,1401774.99,1814281.53,34.24,9.91,26.41,3.09,,,,,787,725.0,330.0
JSWENERGY,2013,10.16,31.58,14.52,1.67,2.92,0.44,8870.0,6069.0,2801.0,31.58,9.0,963.0,662.0,1186.0,23.0,901.0,6.0,36.0,1725.0,-944.0,-684.0,96.0,781.0,,,,,,,,,,,789,726.0,
JSWENERGY,2014,8.79,37.64,11.57,1.54,2.55,0.45,8648.0,5394.0,3255.0,37.64,-179.0,1206.0,810.0,1060.0,27.0,760.0,5.0,43.0,2269.0,-363.0,-1859.0,48.0,1906.0,,,,,,,,,,,790,727.0,
JSWENERGY,2015,14.53,38.77,18.06,1.24,3.36,0.48,9347.0,5723.0,3624.0,38.77,196.0,1137.0,790.0,1892.0,27.0,1358.0,8.0,24.0,3394.0,-422.0,-2327.0,645.0,2972.0,,,,,,,,,,,791,728.0,
JSWENERGY,2016,14.86,41.01,15.05,1.53,2.92,0.34,9824.0,5796.0,4029.0,41.01,340.0,1498.0,854.0,2017.0,28.0,1460.0,9.0,22.0,3538.0,-3272.0,-1622.0,-1357.0,266.0,,,,,,,,,,,792,729.0,
JSWENERGY,2017,7.54,40.23,6.01,1.38,2.1,0.29,8263.0,4939.0,3324.0,40.23,221.0,1685.0,969.0,892.0,30.0,623.0,4.0,13.0,3853.0,-762.0,-2595.0,496.0,3091.0,,,,,,,,,,,793,730.0,
JSWENERGY,2018,1.06,33.71,0.77,1.07,1.9,0.3,8049.0,5336.0,2713.0,33.71,47.0,1456.0,966.0,338.0,75.0,85.0,0.0,0.0,3934.0,-215.0,-3968.0,-249.0,3719.0,,,,,,,-1.92,-37.64,,36.63,794,731.0,
JSWENERGY,2019,7.49,31.24,5.79,0.89,2.73,0.35,9138.0,6283.0,2855.0,31.24,398.0,1192.0,1164.0,897.0,24.0,684.0,4.0,24.0,2491.0,-55.0,-2523.0,-87.0,2436.0,62025.39,78383.66,38.52,14.43,12.47,4.49,1.11,-2.09,-4.36,5.03,795,732.0,331.0
JSWENERGY,2020,13.07,35.74,9.28,0.84,3.17,0.33,8273.0,5316.0,2957.0,35.74,376.0,1051.0,1738.0,544.0,6.0,1081.0,7.0,15.0,2082.0,301.0,-1962.0,421.0,2383.0,74355.45,90011.54,36.57,13.65,24.09,3.06,-2.41,-4.46,-2.64,-4.32,796,733.0,332.0
JSWENERGY,2021,11.89,42.08,5.67,0.58,3.53,0.26,6922.0,4009.0,2913.0,42.08,248.0,896.0,1167.0,1099.0,25.0,823.0,5.0,41.0,3700.0,-1030.0,-2515.0,155.0,2670.0,66726.89,76914.23,71.29,3.09,30.82,0.11,-6.76,-10.83,-11.09,58.61,797,734.0,333.0
JSWENERGY,2022,21.34,43.74,10.01,0.51,5.34,0.27,8167.0,4596.0,3572.0,43.74,575.0,777.0,1131.0,2238.0,22.0,1743.0,11.0,19.0,2952.0,-1387.0,-781.0,784.0,1565.0,87619.18,113306.21,33.5,2.05,28.05,0.13,-0.23,22.85,22.42,-12.73,798,735.0,334.0
JSWENERGY,2023,14.32,31.77,7.94,1.34,4.69,0.21,10332.0,7050.0,3282.0,31.77,674.0,844.0,1169.0,1943.0,24.0,1480.0,9.0,22.0,2084.0,-6778.0,7327.0,2634.0,-4694.0,95613.82,96446.78,42.08,0.76,6.81,0.07,5.12,77.08,,,799,736.0,335.0
JSWENERGY,2024,15.02,46.86,8.28,1.52,2.85,0.2,11486.0,6104.0,5382.0,46.86,472.0,2053.0,1633.0,2167.0,20.0,1725.0,10.0,19.0,6234.0,-8197.0,1675.0,-289.0,-1963.0,110870.53,124622.6,24.79,9.88,35.95,1.25,4.68,20.32,20.11,,800,737.0,336.0
JSWSTEEL,2013,2.43,17.04,5.44,1.27,3.15,0.66,38210.0,31698.0,6512.0,17.04,-307.0,1967.0,2237.0,1999.0,42.0,929.0,4.0,30.0,5844.0,-5433.0,-791.0,-380.0,411.0,,,,,,,,,,,802,738.0,
JSWSTEEL,2014,0.78,17.9,1.9,1.68,2.47,0.66,51220.0,42051.0,9169.0,17.9,-1630.0,3048.0,3183.0,1308.0,70.0,402.0,2.0,74.0,2594.0,-5618.0,3300.0,276.0,-3024.0,,,,,,,,,,,803,739.0,
JSWSTEEL,2015,3.25,17.68,7.73,1.74,2.71,0.62,52972.0,43608.0,9364.0,17.68,103.0,3493.0,3434.0,2539.0,32.0,1722.0,7.0,19.0,7876.0,-7372.0,-169.0,334.0,504.0,,,,,,,,,,,804,740.0,
JSWSTEEL,2016,-1.16,15.46,-2.54,2.23,1.24,0.51,41546.0,35124.0,6422.0,15.46,-1966.0,3601.0,3323.0,-2468.0,-80.0,-481.0,-1.0,-67.0,6897.0,-3857.0,-3151.0,-111.0,3040.0,,,,,,,,,,,805,741.0,
JSWSTEEL,2017,6.24,22.14,15.31,1.91,3.27,0.63,55604.0,43296.0,12308.0,22.14,18.0,3768.0,3430.0,5128.0,33.0,3467.0,15.0,19.0,7888.0,-5094.0,-2710.0,84.0,2794.0,,,,,,,,,,,806,742.0,
JSWSTEEL,2018,8.5,20.74,21.83,1.41,3.98,0.78,71933.0,57017.0,14916.0,20.74,-177.0,3701.0,3387.0,7651.0,20.0,6113.0,26.0,16.0,12379.0,-4529.0,-8185.0,-335.0,7850.0,,,,,,,13.49,45.76,45.41,80.39,807,743.0,
JSWSTEEL,2019,8.88,22.33,21.62,1.36,4.88,0.74,84757.0,65827.0,18930.0,22.33,196.0,3917.0,4041.0,11168.0,33.0,7524.0,32.0,16.0,14633.0,-11387.0,1753.0,4999.0,3246.0,1475187.02,1347624.91,35.01,7.86,30.61,1.29,10.6,79.66,74.11,,808,744.0,337.0
JSWSTEEL,2020,5.34,16.11,10.71,1.68,2.7,0.56,73326.0,61513.0,11813.0,16.11,-289.0,4265.0,4246.0,3013.0,-30.0,3919.0,17.0,15.0,12785.0,-19589.0,5189.0,-1615.0,-6804.0,1978764.31,2322705.01,34.84,1.91,11.35,2.19,6.72,17.88,19.42,,809,745.0,338.0
JSWSTEEL,2021,9.86,25.27,16.84,1.33,5.22,0.54,79839.0,59661.0,20178.0,25.27,473.0,3957.0,4679.0,12015.0,34.0,7873.0,33.0,25.0,18789.0,-7702.0,-3110.0,7977.0,11087.0,2171392.42,2621060.67,60.28,3.42,25.82,0.09,13.96,,,29.54,810,746.0,339.0
JSWSTEEL,2022,14.3,26.72,31.11,1.07,8.2,0.74,146371.0,107257.0,39114.0,26.72,1600.0,4968.0,6001.0,29745.0,30.0,20938.0,85.0,25.0,26270.0,-14748.0,-14657.0,-3135.0,11522.0,2278384.96,2746916.82,36.76,12.62,39.17,2.73,21.36,43.28,41.47,32.76,811,747.0,340.0
JSWSTEEL,2023,2.49,11.13,6.3,1.23,2.9,0.79,165960.0,147490.0,18470.0,11.13,1561.0,6902.0,7474.0,5655.0,27.0,4139.0,17.0,25.0,23323.0,-10730.0,-5977.0,6616.0,12593.0,2101814.77,2210837.76,8.68,9.24,33.75,2.83,18.2,-7.5,-8.15,9.91,812,748.0,341.0
JSWSTEEL,2024,5.13,16.09,11.55,1.13,3.66,0.77,175006.0,146849.0,28157.0,16.09,1500.0,8105.0,8172.0,13380.0,33.0,8973.0,36.0,25.0,12078.0,-14467.0,-5005.0,-7394.0,-2389.0,2612646.38,3187328.18,69.27,4.37,35.49,2.94,15.6,3.59,2.38,,813,749.0,342.0
KOTAKBANK,2013,20.65,60.92,14.66,5.6,1.29,0.09,10838.0,6024.0,6603.0,60.92,-17.0,5112.0,179.0,3144.0,30.0,2238.0,15.0,2.0,2878.0,-9035.0,7099.0,942.0,-6157.0,,,,,,,,,,,815,750.0,
KOTAKBANK,2014,21.08,58.84,13.24,4.5,1.33,0.1,11986.0,6312.0,7053.0,58.84,-12.0,5282.0,208.0,3695.0,32.0,2527.0,16.0,2.0,9068.0,-1130.0,-5814.0,2125.0,7938.0,,,,,,,,,,,816,751.0,
KOTAKBANK,2015,23.31,72.96,14.01,4.71,1.19,0.09,13319.0,6966.0,9718.0,72.96,-25.0,8152.0,237.0,4550.0,33.0,3105.0,20.0,2.0,2302.0,-4467.0,2426.0,260.0,-2165.0,,,,,,,,,,,817,752.0,
KOTAKBANK,2016,17.27,56.57,10.56,5.39,1.51,0.08,20402.0,11123.0,11541.0,56.57,-11.0,7631.0,345.0,5024.0,32.0,3524.0,19.0,3.0,5025.0,-2353.0,2024.0,4696.0,2672.0,,,,,,,,,,,818,753.0,
KOTAKBANK,2017,22.48,66.44,13.04,5.33,1.27,0.08,22324.0,11458.0,14832.0,66.44,-18.0,11660.0,362.0,7332.0,32.0,5019.0,27.0,2.0,13222.0,-5289.0,6055.0,13989.0,7933.0,,,,,,,,,,,819,754.0,
KOTAKBANK,2018,24.9,66.87,12.4,4.95,1.23,0.07,25131.0,12467.0,16805.0,66.87,-16.0,13682.0,383.0,9158.0,33.0,6258.0,33.0,2.0,-10392.0,-5475.0,14679.0,-1188.0,-15867.0,,,,,,,18.32,22.83,17.08,,820,755.0,
KOTAKBANK,2019,24.15,66.23,12.47,5.05,1.22,0.08,29831.0,15187.0,19758.0,66.23,-17.0,16148.0,458.0,10576.0,33.0,7204.0,38.0,2.0,1822.0,-3323.0,8365.0,6864.0,-1501.0,588705.26,753585.68,49.36,12.73,14.15,1.87,20.0,23.31,18.89,,821,756.0,343.0
KOTAKBANK,2020,25.67,67.45,12.9,4.9,1.34,0.08,33474.0,15901.0,22578.0,67.45,-15.0,16892.0,465.0,11422.0,25.0,8593.0,45.0,0.0,46619.0,-13068.0,-735.0,32815.0,33551.0,554552.04,614466.43,43.71,3.59,28.55,0.53,20.24,22.58,17.61,,822,757.0,344.0
KOTAKBANK,2021,30.44,90.83,11.85,3.88,1.26,0.07,32820.0,12967.0,29812.0,90.83,-30.0,23588.0,461.0,13168.0,25.0,9990.0,50.0,2.0,4881.0,-11172.0,-10072.0,-16363.0,-6291.0,488474.8,514833.87,37.51,5.14,14.03,1.52,9.97,23.17,21.35,,823,758.0,345.0
KOTAKBANK,2022,35.83,90.98,12.51,3.78,1.23,0.06,33741.0,11554.0,30699.0,90.98,-25.0,24941.0,480.0,15948.0,25.0,12089.0,61.0,2.0,8308.0,-10903.0,7543.0,4949.0,-2595.0,455106.0,483040.86,73.13,3.75,28.96,0.64,8.61,19.22,17.7,,824,759.0,346.0
KOTAKBANK,2023,35.41,79.44,13.35,3.75,1.29,0.07,42151.0,14411.0,33485.0,79.44,-14.0,25991.0,599.0,19646.0,25.0,14925.0,75.0,2.0,-1242.0,-10381.0,1883.0,-9740.0,-11623.0,467372.62,480678.67,75.47,6.71,29.17,2.71,10.9,18.99,17.84,,825,760.0,347.0
KOTAKBANK,2024,32.39,83.67,14.01,4.0,1.24,0.07,56237.0,22567.0,47052.0,83.67,-24.0,38037.0,792.0,23863.0,25.0,18213.0,92.0,2.0,15685.0,-8919.0,15515.0,22281.0,6766.0,430223.52,548886.13,32.9,1.15,15.52,1.51,13.52,20.38,19.34,,826,761.0,348.0
LICI,2019,0.46,1.04,324.32,332.59,,0.17,571508.0,565587.0,5920.0,1.04,2615.0,0.0,336.0,8199.0,68.0,2627.0,,2.0,13274.0,9636.0,-13700.0,9210.0,22910.0,166637.32,173087.14,53.3,0.6,39.37,0.77,,,,,828,762.0,349.0
LICI,2020,0.43,-1.11,270.46,252.91,,0.18,628043.0,634989.0,-6947.0,-1.11,20870.0,0.0,379.0,13544.0,80.0,2710.0,,2.0,54367.0,-40415.0,-18664.0,-4712.0,13952.0,196576.3,233201.16,20.36,2.12,10.34,1.11,,,,,829,763.0,350.0
LICI,2021,0.43,-0.04,43.2,0.0,,0.18,690914.0,691166.0,-252.0,-0.04,12820.0,0.0,417.0,12151.0,76.0,2974.0,7.0,0.0,80602.0,148447.0,-256125.0,-27077.0,229049.0,183625.08,214767.85,38.3,8.3,6.66,3.88,,,,,830,764.0,351.0
LICI,2022,0.57,0.46,36.38,0.0,,0.17,723606.0,720280.0,3326.0,0.46,9248.0,0.0,436.0,12138.0,66.0,4125.0,57.0,23.0,-3783.0,12531.0,0.0,8748.0,8748.0,171741.93,179309.03,13.18,2.48,28.3,3.12,,,,,831,765.0,352.0
LICI,2023,4.59,4.36,77.86,0.0,545.55,0.17,784628.0,750420.0,34207.0,4.36,7800.0,77.0,466.0,41463.0,13.0,35997.0,65.0,5.0,54519.0,-52848.0,-949.0,722.0,1671.0,204112.31,228780.25,76.58,7.85,20.73,1.11,,,,,832,766.0,353.0
LICI,2024,4.84,3.87,49.45,0.0,371.94,0.16,845966.0,813188.0,32779.0,3.87,14829.0,128.0,466.0,47014.0,13.0,40916.0,66.0,15.0,26122.0,-25269.0,-4427.0,-3574.0,853.0,183583.67,205478.22,30.67,8.1,12.21,3.77,8.16,73.18,,-48.22,833,767.0,354.0
LODHA,2011,12.15,23.47,35.48,7.52,2.31,0.23,2173.0,1663.0,510.0,23.47,145.0,283.0,17.0,355.0,26.0,264.0,6.0,0.0,,,,,,,,,,,,,,,,835,,
LODHA,2012,12.9,24.51,33.84,3.78,3.34,0.32,2954.0,2229.0,724.0,24.51,124.0,254.0,37.0,556.0,32.0,381.0,9.0,0.0,,,,,,,,,,,,,,,,836,,
LODHA,2015,12.8,23.52,24.23,3.6,3.84,0.22,6236.0,4769.0,1467.0,23.52,423.0,492.0,128.0,1269.0,37.0,798.0,18.0,0.0,,,,,,,,,,,,,,,,837,,
LODHA,2016,8.52,25.77,17.69,3.48,2.67,0.27,8249.0,6123.0,2126.0,25.77,510.0,988.0,450.0,1198.0,41.0,703.0,16.0,0.0,387.0,-854.0,330.0,-137.0,-467.0,,,,,,,30.58,21.64,21.67,,838,777.0,
LODHA,2017,7.37,20.36,14.48,4.01,2.99,0.23,7926.0,6313.0,1614.0,20.36,584.0,736.0,460.0,1001.0,42.0,584.0,13.0,0.0,1469.0,-1174.0,-312.0,-16.0,295.0,,,,,,,21.82,8.92,7.63,,839,778.0,
LODHA,2018,8.21,17.38,15.41,4.39,5.04,0.24,9677.0,7995.0,1682.0,17.38,285.0,390.0,395.0,1182.0,33.0,794.0,10.0,0.0,696.0,-651.0,24.0,69.0,45.0,,,,,,,,,,,840,779.0,
LODHA,2019,13.81,26.7,42.8,6.68,5.72,0.24,11907.0,8728.0,3179.0,26.7,72.0,568.0,194.0,2489.0,34.0,1644.0,21.0,0.0,-463.0,-175.0,736.0,97.0,-638.0,1516344.89,1875614.07,70.86,14.94,17.0,3.4,,,,,841,780.0,355.0
LODHA,2020,5.96,15.41,16.3,4.05,2.75,0.31,12443.0,10526.0,1917.0,15.41,119.0,740.0,292.0,1003.0,26.0,742.0,9.0,0.0,3772.0,182.0,-4188.0,-234.0,3954.0,1462369.84,1681605.99,58.75,11.25,12.25,3.82,14.82,-1.44,-12.94,,842,781.0,356.0
LODHA,2021,0.88,25.38,1.04,3.96,1.09,0.14,5449.0,4066.0,1383.0,25.38,-140.0,1136.0,73.0,33.0,-44.0,48.0,1.0,0.0,2524.0,420.0,-2835.0,109.0,2944.0,1550822.64,1529960.67,47.06,13.02,38.85,3.37,-7.96,-41.54,-42.57,,843,782.0,357.0
LODHA,2022,13.08,23.68,9.98,0.95,3.6,0.24,9233.0,7047.0,2186.0,23.68,293.0,688.0,75.0,1716.0,30.0,1208.0,12.0,20.0,1998.0,1139.0,-2888.0,250.0,3137.0,1322559.29,1261563.26,13.49,1.97,18.41,1.52,3.1,15.65,-1.59,60.45,844,783.0,358.0
LODHA,2023,5.17,21.8,3.87,0.72,2.13,0.24,9470.0,7406.0,2064.0,21.8,-1037.0,482.0,93.0,452.0,-8.0,490.0,5.0,14.0,2750.0,1789.0,-3706.0,834.0,4539.0,1199352.96,1502662.3,52.31,12.05,18.0,1.85,-0.43,-9.2,-12.94,151.62,845,784.0,359.0
LODHA,2024,15.06,25.83,8.9,0.44,5.63,0.22,10316.0,7651.0,2665.0,25.83,48.0,482.0,204.0,2028.0,23.0,1554.0,16.0,,2512.0,-2947.0,951.0,516.0,-435.0,1209919.99,1301112.44,51.95,7.65,34.33,4.05,-2.83,-1.12,-5.29,,846,785.0,360.0
LT,2013,7.11,15.31,395.15,0.17,3.0,31.97,74426.0,63032.0,11394.0,15.31,2523.0,4642.0,1637.0,7638.0,31.0,5291.0,38.0,22.0,-4355.0,-6922.0,11429.0,152.0,-11277.0,,,,,,,,,,,848,786.0,
LT,2014,5.74,16.56,303.42,0.07,2.37,31.9,85054.0,70968.0,14086.0,16.56,1337.0,6494.0,1446.0,7483.0,35.0,4885.0,35.0,27.0,-7143.0,-5510.0,13136.0,483.0,-12653.0,,,,,,,,,,,849,787.0,
LT,2015,5.4,17.06,245.11,0.11,2.35,30.87,91929.0,76245.0,15684.0,17.06,1422.0,7266.0,2623.0,7217.0,31.0,4966.0,34.0,32.0,-1365.0,-4778.0,7903.0,1759.0,-6143.0,,,,,,,,,,,850,788.0,
LT,2016,4.54,15.31,216.09,0.03,2.42,32.24,101122.0,85637.0,15486.0,15.31,1219.0,6899.0,1787.0,8020.0,30.0,4592.0,31.0,40.0,-3240.0,-4627.0,7253.0,-613.0,-7867.0,,,,,,,,,,,851,789.0,
LT,2017,5.93,15.2,206.3,0.0,2.65,24.75,109312.0,92691.0,16620.0,15.2,1466.0,6829.0,2370.0,8887.0,23.0,6486.0,43.0,22.0,6655.0,-9796.0,2896.0,-245.0,-3141.0,,,,,,,,,,,852,790.0,
LT,2018,6.69,16.8,207.36,0.0,2.8,22.43,119683.0,99572.0,20111.0,16.8,1465.0,7714.0,2223.0,11639.0,27.0,8004.0,53.0,30.0,-10031.0,3914.0,9370.0,3254.0,-6117.0,,,,,,,9.97,8.63,6.88,,853,791.0,
LT,2019,7.56,16.91,208.81,0.0,2.74,20.29,135220.0,112354.0,22866.0,16.91,2701.0,9339.0,1923.0,14305.0,28.0,10217.0,63.0,28.0,-4756.0,-11023.0,15440.0,-338.0,-15779.0,685872.93,876598.39,60.92,9.78,31.09,0.34,9.72,15.9,12.47,,854,792.0,361.0
LT,2020,7.49,16.88,201.59,0.17,2.5,16.5,145452.0,120899.0,24553.0,16.88,3015.0,11021.0,2462.0,14086.0,23.0,10894.0,68.0,26.0,6694.0,-8408.0,6372.0,4658.0,-1714.0,606183.52,582692.86,18.62,6.6,10.51,3.85,9.61,17.01,14.87,,855,793.0,362.0
LT,2021,9.5,17.25,176.9,0.11,2.69,12.7,135979.0,112519.0,23460.0,17.25,8111.0,11750.0,2904.0,16918.0,24.0,12921.0,82.0,44.0,23074.0,-5750.0,-15274.0,2049.0,17324.0,690472.41,723135.04,13.01,9.07,9.08,3.34,6.1,22.99,21.48,,856,794.0,363.0
LT,2022,6.66,15.53,72.92,0.02,2.89,7.61,156521.0,132207.0,24314.0,15.53,2364.0,9235.0,2948.0,14495.0,29.0,10419.0,62.0,36.0,19164.0,-3585.0,-15181.0,397.0,15579.0,864042.71,965645.93,18.77,11.91,15.77,1.0,7.44,9.94,7.59,,857,795.0,364.0
LT,2023,6.83,14.82,75.52,0.09,3.18,7.81,183341.0,156175.0,27166.0,14.82,2891.0,9445.0,3502.0,17109.0,26.0,12531.0,75.0,32.0,22777.0,-8048.0,-11572.0,3156.0,14729.0,937726.82,1190030.19,29.41,13.63,6.88,0.38,8.9,9.38,7.19,,858,796.0,365.0
LT,2024,7.03,13.51,77.67,0.1,3.54,8.03,221113.0,191248.0,29865.0,13.51,3847.0,9512.0,3682.0,20517.0,24.0,15547.0,95.0,36.0,18266.0,2179.0,-25413.0,-4968.0,20445.0,1124597.5,1097873.76,30.8,2.48,16.63,1.26,10.34,8.76,8.56,,859,797.0,366.0
LTIM,2013,14.59,22.59,41.97,0.17,42.48,1.65,3851.0,2981.0,870.0,22.59,22.0,21.0,123.0,749.0,25.0,562.0,174.0,54.0,608.0,-224.0,-396.0,-13.0,384.0,,,,,,,,,,,861,798.0,
LTIM,2014,20.24,23.31,61.86,0.07,44.0,1.85,4920.0,3773.0,1147.0,23.31,217.0,31.0,130.0,1204.0,17.0,996.0,309.0,55.0,628.0,180.0,-769.0,40.0,808.0,,,,,,,,,,,862,799.0,
LTIM,2015,15.45,20.19,37.96,0.11,110.4,1.67,4978.0,3973.0,1005.0,20.19,99.0,10.0,158.0,936.0,18.0,769.0,238.0,63.0,642.0,-103.0,-497.0,42.0,539.0,,,,,,,,,,,863,800.0,
LTIM,2016,14.3,17.58,39.34,0.03,202.5,1.86,5846.0,4819.0,1028.0,17.58,187.0,6.0,174.0,1035.0,19.0,836.0,49.0,72.0,858.0,-40.0,-817.0,2.0,818.0,,,,,,,,,,,864,801.0,
LTIM,2017,14.94,18.92,30.88,0.0,472.33,1.47,6501.0,5271.0,1230.0,18.92,187.0,3.0,178.0,1236.0,21.0,971.0,57.0,29.0,1170.0,-961.0,-33.0,176.0,209.0,,,,,,,,,,,865,802.0,
LTIM,2018,15.22,16.25,28.81,0.0,100.81,1.37,7306.0,6119.0,1187.0,16.25,426.0,16.0,156.0,1442.0,23.0,1112.0,65.0,33.0,844.0,-452.0,-408.0,-16.0,392.0,,,,,,,13.66,14.62,-17.88,0.41,866,803.0,
LTIM,2019,16.05,19.93,30.98,0.0,198.64,1.42,9446.0,7562.0,1883.0,19.93,302.0,11.0,147.0,2028.0,25.0,1516.0,87.0,32.0,1395.0,-749.0,-594.0,52.0,646.0,1328108.48,1702596.39,60.16,10.57,29.3,3.97,13.93,8.76,-22.39,-4.38,867,804.0,367.0
LTIM,2020,13.97,18.65,28.13,0.17,28.41,1.23,10879.0,8849.0,2029.0,18.65,329.0,83.0,273.0,2003.0,24.0,1520.0,87.0,32.0,1644.0,-643.0,-890.0,110.0,1001.0,1325609.47,1352170.5,61.37,3.82,36.92,2.41,16.92,14.6,-18.23,13.18,868,805.0,368.0
LTIM,2021,15.67,22.03,26.53,0.11,37.96,1.16,12370.0,9645.0,2725.0,22.03,274.0,79.0,332.0,2588.0,25.0,1938.0,111.0,36.0,2400.0,-1657.0,-509.0,234.0,743.0,1325692.27,1604670.91,30.49,14.47,39.4,3.0,16.17,18.31,17.77,-1.9,869,806.0,369.0
LTIM,2022,15.13,20.1,27.65,0.02,48.9,1.27,26109.0,20860.0,5249.0,20.1,766.0,123.0,597.0,5294.0,25.0,3950.0,225.0,41.0,3251.0,-1643.0,-1680.0,-73.0,1608.0,1202160.21,1208511.88,45.11,12.85,11.47,0.47,32.06,32.4,31.6,50.39,870,807.0,370.0
LTIM,2023,13.29,18.41,26.58,0.09,44.43,1.41,33183.0,27075.0,6108.0,18.41,557.0,150.0,723.0,5792.0,24.0,4410.0,149.0,40.0,3095.0,-271.0,-1932.0,892.0,2824.0,1066603.12,1176236.08,71.7,1.11,12.43,3.12,35.35,31.72,18.05,48.43,871,808.0,371.0
LTIM,2024,12.91,17.98,22.9,0.1,31.93,1.29,35517.0,29130.0,6387.0,17.98,702.0,222.0,819.0,6049.0,24.0,4585.0,155.0,42.0,5670.0,-3918.0,-2269.0,-518.0,1752.0,1347046.9,1647384.23,64.52,2.38,18.9,4.43,30.33,24.78,12.24,22.08,872,809.0,372.0
M&M,2013,6.01,13.27,20.69,1.44,4.33,0.9,68693.0,59578.0,9116.0,13.27,841.0,2297.0,2080.0,5580.0,35.0,4129.0,33.0,19.0,-922.0,-2903.0,4508.0,684.0,-3825.0,,,,,,,,,,,874,810.0,
M&M,2014,6.96,13.74,22.11,1.51,3.7,0.84,74001.0,63830.0,10170.0,13.74,773.0,2954.0,2170.0,5820.0,26.0,5154.0,38.0,18.0,-244.0,-4524.0,5577.0,810.0,-4768.0,,,,,,,,,,,875,811.0,
M&M,2015,4.73,12.31,13.08,1.47,3.04,0.76,71448.0,62655.0,8793.0,12.31,800.0,3157.0,2124.0,4313.0,40.0,3381.0,25.0,23.0,1055.0,-4357.0,1669.0,-1633.0,-3302.0,,,,,,,,,,,876,812.0,
M&M,2016,4.69,13.29,13.42,1.57,3.41,0.76,75841.0,65759.0,10082.0,13.29,1399.0,3368.0,2442.0,5672.0,37.0,3554.0,25.0,21.0,2385.0,-5506.0,2967.0,-154.0,-3121.0,,,,,,,,,,,877,813.0,
M&M,2017,4.84,12.81,13.6,1.64,3.51,0.74,83773.0,73038.0,10735.0,12.81,2077.0,3647.0,2813.0,6350.0,36.0,4051.0,30.0,22.0,183.0,-5875.0,6108.0,416.0,-5692.0,,,,,,,,,,,878,814.0,
M&M,2018,8.64,14.36,21.64,1.52,4.41,0.68,92094.0,78868.0,13226.0,14.36,4366.0,3987.0,3280.0,10326.0,23.0,7958.0,60.0,11.0,682.0,-5467.0,6314.0,1529.0,-4785.0,,,,,,,6.04,14.02,12.7,,879,815.0,
M&M,2019,5.75,14.52,15.05,1.77,3.56,0.65,104721.0,89514.0,15207.0,14.52,2676.0,5021.0,3991.0,8871.0,32.0,6017.0,43.0,17.0,-4347.0,-7174.0,13194.0,1672.0,-11521.0,1707695.34,2021410.72,76.49,7.02,9.79,3.01,7.19,3.14,2.5,,880,816.0,373.0
M&M,2020,-0.43,13.48,-0.8,2.05,1.83,0.45,75382.0,65224.0,10158.0,13.48,885.0,6021.0,3367.0,1655.0,99.0,-321.0,1.0,205.0,-1457.0,-6870.0,6933.0,-1394.0,-8327.0,2271322.15,2677621.8,65.84,6.63,8.38,0.76,1.08,,-47.47,,881,817.0,374.0
M&M,2021,2.04,15.46,3.64,1.94,2.07,0.45,74278.0,62791.0,11487.0,15.46,1152.0,6102.0,3378.0,3158.0,52.0,1512.0,15.0,54.0,17909.0,-19686.0,406.0,-1370.0,-1777.0,3046586.67,3342939.51,8.87,14.35,22.42,3.76,-0.42,-15.71,-9.71,,882,818.0,375.0
M&M,2022,8.04,16.28,15.39,1.65,3.56,0.52,90171.0,75488.0,14683.0,16.28,3204.0,5018.0,3508.0,9362.0,23.0,7253.0,53.0,20.0,9248.0,-3252.0,-5883.0,113.0,5996.0,3425061.3,3221889.8,52.32,14.96,6.22,3.79,1.48,12.35,12.05,,883,819.0,376.0
M&M,2023,9.38,16.73,20.18,1.64,4.16,0.59,121269.0,100983.0,20285.0,16.73,3961.0,5830.0,4357.0,14060.0,19.0,11374.0,83.0,18.0,-7074.0,-8866.0,15946.0,6.0,-15940.0,3314570.19,3505312.06,34.84,13.53,22.66,2.01,5.66,7.4,6.71,,884,820.0,377.0
M&M,2024,8.82,17.9,18.54,1.64,3.76,0.59,139078.0,114186.0,24892.0,17.9,3298.0,7488.0,4724.0,15978.0,23.0,12270.0,91.0,21.0,-5630.0,-5615.0,12281.0,1037.0,-11245.0,4173085.48,3837414.39,14.22,0.81,29.08,2.37,5.84,15.32,16.18,,885,821.0,378.0
MARUTI,2013,5.58,9.84,12.98,0.08,26.05,1.61,44304.0,39944.0,4361.0,9.84,797.0,198.0,1890.0,3070.0,20.0,2470.0,82.0,10.0,4059.0,-3119.0,-979.0,-39.0,940.0,,,,,,,,,,,887,822.0,
MARUTI,2014,6.41,11.92,13.28,0.09,32.79,1.42,44542.0,39232.0,5310.0,11.92,724.0,184.0,2116.0,3734.0,24.0,2854.0,94.0,13.0,4995.0,-4997.0,-74.0,-76.0,-2.0,,,,,,,,,,,888,823.0,
MARUTI,2015,7.5,13.57,15.66,0.03,35.36,1.47,50801.0,43909.0,6892.0,13.57,817.0,218.0,2515.0,4976.0,24.0,3809.0,126.0,20.0,6449.0,-4491.0,-2004.0,-45.0,1958.0,,,,,,,,,,,889,824.0,
MARUTI,2016,9.55,15.67,17.95,0.01,127.9,1.35,57589.0,48565.0,9024.0,15.67,1464.0,82.0,2822.0,7585.0,28.0,5497.0,182.0,19.0,8482.0,-7230.0,-1237.0,16.0,1252.0,,,,,,,,,,,890,825.0,
MARUTI,2017,11.03,15.31,20.26,0.01,144.04,1.31,68085.0,57664.0,10421.0,15.31,2399.0,89.0,2604.0,10127.0,26.0,7511.0,249.0,30.0,10282.0,-9173.0,-1129.0,-20.0,1109.0,,,,,,,,,,,891,826.0,
MARUTI,2018,9.87,15.18,18.52,0.0,41.25,1.32,79809.0,67692.0,12118.0,15.18,2155.0,346.0,2760.0,11167.0,29.0,7881.0,261.0,31.0,11788.0,-8302.0,-3436.0,50.0,3486.0,,,,,,,12.49,26.12,26.06,29.97,892,827.0,
MARUTI,2019,8.89,12.85,16.25,0.0,180.53,1.35,86068.0,75012.0,11056.0,12.85,2664.0,76.0,3021.0,10624.0,28.0,7651.0,253.0,32.0,6601.0,-3540.0,-2948.0,113.0,3061.0,1445154.02,1428864.0,65.97,4.77,37.75,1.13,14.08,21.8,21.9,,893,828.0,379.0
MARUTI,2020,7.5,9.72,11.49,0.0,80.34,1.19,75660.0,68305.0,7355.0,9.72,3410.0,134.0,3528.0,7103.0,20.0,5678.0,188.0,32.0,3496.0,-557.0,-3104.0,-165.0,2939.0,1349572.01,1480925.31,11.64,1.03,22.36,0.97,8.29,8.31,8.33,8.46,894,829.0,380.0
MARUTI,2021,6.24,7.69,8.36,0.01,82.91,0.99,70372.0,64961.0,5411.0,7.69,3046.0,102.0,3034.0,5321.0,18.0,4389.0,145.0,31.0,8856.0,-7291.0,-1545.0,20.0,1565.0,1153447.24,1174696.92,42.37,6.22,9.74,2.61,4.09,-4.4,-4.44,4.56,895,830.0,381.0
MARUTI,2022,4.39,6.51,7.01,0.01,59.94,1.18,88330.0,82578.0,5752.0,6.51,1861.0,127.0,2789.0,4697.0,17.0,3880.0,128.0,47.0,1840.0,-239.0,-1607.0,-6.0,1601.0,1390095.96,1626712.07,36.35,2.5,22.48,4.01,5.34,-12.38,-12.46,7.62,896,831.0,382.0
MARUTI,2023,6.98,11.08,11.08,0.02,61.65,1.18,118410.0,105288.0,13122.0,11.08,2415.0,252.0,4846.0,10438.0,21.0,8264.0,274.0,34.0,10815.0,-8820.0,-1214.0,780.0,1995.0,1507366.44,1474615.02,14.7,14.19,31.01,1.41,8.21,0.95,0.98,-10.56,897,832.0,383.0
MARUTI,2024,9.51,13.13,15.75,0.0,117.91,1.23,141858.0,123232.0,18626.0,13.13,4248.0,194.0,5256.0,17424.0,23.0,13488.0,429.0,29.0,16801.0,-11865.0,-4062.0,874.0,4936.0,1503863.63,1891991.87,20.78,8.26,29.97,1.78,10.51,12.01,11.14,10.03,898,833.0,384.0
MOTHERSON,2013,1.79,5.85,19.75,2.14,7.19,1.99,25298.0,23819.0,1480.0,5.85,318.0,250.0,714.0,834.0,46.0,452.0,1.0,26.0,1486.0,-1089.0,-256.0,142.0,397.0,,,,,,,,,,,900,834.0,
MOTHERSON,2014,3.61,7.88,37.07,1.64,9.21,2.0,30414.0,28017.0,2397.0,7.88,311.0,294.0,817.0,1596.0,31.0,1097.0,2.0,29.0,2695.0,-1372.0,-1080.0,243.0,1323.0,,,,,,,,,,,901,835.0,
MOTHERSON,2015,3.73,8.21,38.87,1.54,9.61,1.99,34661.0,31817.0,2844.0,8.21,212.0,318.0,921.0,1817.0,29.0,1292.0,2.0,31.0,3390.0,-2844.0,494.0,1040.0,546.0,,,,,,,,,,,902,836.0,
MOTHERSON,2016,4.77,9.53,40.35,1.38,10.8,1.89,37216.0,33668.0,3548.0,9.53,177.0,345.0,1087.0,2293.0,23.0,1774.0,3.0,26.0,2188.0,-1906.0,-263.0,19.0,282.0,,,,,,,,,,,903,837.0,
MOTHERSON,2017,5.13,9.84,26.26,1.25,12.05,1.33,42376.0,38204.0,4171.0,9.84,346.0,375.0,1059.0,3083.0,30.0,2172.0,3.0,18.0,3800.0,-6145.0,5518.0,3172.0,-2345.0,,,,,,,,,,,904,838.0,
MOTHERSON,2018,4.01,9.11,22.87,1.05,12.78,1.52,56303.0,51174.0,5128.0,9.11,125.0,411.0,1575.0,3267.0,31.0,2260.0,3.0,30.0,3264.0,-3194.0,-2221.0,-2152.0,70.0,,,,,,,17.35,37.97,24.57,-29.33,905,839.0,
MOTHERSON,2019,3.3,8.42,19.14,1.05,13.43,1.49,63523.0,58174.0,5348.0,8.42,333.0,423.0,2058.0,3200.0,34.0,2098.0,3.0,29.0,4312.0,-3318.0,-225.0,769.0,994.0,62318.66,78566.59,45.66,12.32,24.45,4.25,15.87,13.85,8.45,-5.56,906,840.0,385.0
MOTHERSON,2020,2.13,7.66,11.49,1.17,8.93,1.35,60729.0,56075.0,4654.0,7.66,642.0,593.0,2721.0,1983.0,-5.0,1294.0,2.0,40.0,6352.0,-2220.0,-2803.0,1329.0,4132.0,81298.87,88872.29,30.92,9.22,28.62,2.24,11.87,0.03,0.0,49.9,907,841.0,386.0
MOTHERSON,2021,2.73,7.62,12.49,0.95,9.64,1.2,57370.0,53000.0,4370.0,7.62,568.0,512.0,2926.0,1500.0,34.0,1569.0,2.0,46.0,5051.0,-1886.0,-2098.0,1068.0,3165.0,102529.39,99795.08,32.08,10.45,13.63,1.98,9.04,-2.43,-7.79,62.19,908,842.0,387.0
MOTHERSON,2022,1.85,7.39,5.74,0.69,9.74,1.14,63774.0,59060.0,4714.0,7.39,575.0,543.0,2958.0,1788.0,31.0,1182.0,1.0,34.0,2463.0,-2304.0,-1217.0,-1059.0,159.0,136555.49,157086.66,76.33,10.98,30.36,2.66,8.52,-11.46,-19.73,,909,843.0,388.0
MOTHERSON,2023,2.12,7.93,7.44,0.61,8.09,1.28,78788.0,72537.0,6251.0,7.93,70.0,781.0,3136.0,2405.0,31.0,1670.0,2.0,29.0,4643.0,-2248.0,-2734.0,-339.0,2395.0,125781.85,139351.91,26.19,14.98,14.34,1.04,6.95,-5.87,-7.79,102.69,910,844.0,389.0
MOTHERSON,2024,3.06,9.45,11.55,0.76,5.22,1.17,98692.0,89370.0,9322.0,9.45,140.0,1811.0,3810.0,3840.0,21.0,3020.0,4.0,20.0,7569.0,-6644.0,1281.0,2205.0,925.0,146151.16,161406.34,9.54,2.38,33.39,2.18,9.21,7.56,5.92,-1.43,911,845.0,390.0
NAUKRI,2013,16.1,25.64,12.5,0.0,48.33,0.57,472.0,351.0,121.0,25.64,24.0,3.0,12.0,130.0,41.0,76.0,8.0,12.0,75.0,-46.0,-12.0,16.0,29.0,,,,,,,,,,,913,846.0,
NAUKRI,2014,10.58,17.11,8.93,0.0,48.33,0.53,567.0,471.0,97.0,17.11,48.0,3.0,21.0,120.0,49.0,60.0,8.0,30.0,81.0,-204.0,130.0,7.0,-123.0,,,,,,,,,,,914,847.0,
NAUKRI,2015,-1.91,2.87,-0.99,0.0,27.5,0.33,732.0,711.0,21.0,2.87,89.0,4.0,47.0,60.0,99.0,-14.0,2.0,150.0,51.0,-1051.0,1025.0,25.0,-1000.0,,,,,,,,,,,915,848.0,
NAUKRI,2016,15.78,12.17,7.65,0.0,67.33,0.39,748.0,656.0,91.0,12.17,111.0,3.0,24.0,175.0,33.0,118.0,11.0,27.0,78.0,-2.0,-66.0,11.0,76.0,,,,,,,,,,,916,849.0,
NAUKRI,2017,-4.84,-1.01,-2.7,0.0,10.25,0.43,888.0,896.0,-9.0,-1.01,50.0,4.0,33.0,5.0,99.0,-43.0,-2.0,-230.0,213.0,-165.0,-42.0,7.0,48.0,,,,,,,,,,,917,850.0,
NAUKRI,2018,50.71,22.17,24.5,0.0,124.0,0.38,988.0,769.0,219.0,22.17,401.0,5.0,30.0,585.0,14.0,501.0,42.0,13.0,253.0,-149.0,-75.0,29.0,104.0,,,,,,,15.92,45.82,39.33,29.1,918,851.0,
NAUKRI,2019,51.43,0.78,23.28,0.0,106.57,0.36,1151.0,1142.0,9.0,0.78,737.0,7.0,22.0,716.0,17.0,592.0,49.0,12.0,276.0,-59.0,-78.0,138.0,217.0,241741.48,242045.98,24.1,14.39,17.67,0.21,15.21,58.06,43.69,,919,852.0,391.0
NAUKRI,2020,-18.75,-26.68,-11.21,0.04,-4.57,0.45,1312.0,1662.0,-350.0,-26.68,286.0,14.0,48.0,-126.0,95.0,-246.0,-19.0,-31.0,350.0,97.0,-143.0,304.0,447.0,322764.36,393106.28,26.32,6.43,35.18,1.61,12.38,,,,920,853.0,392.0
NAUKRI,2021,125.71,6.56,26.28,0.01,150.73,0.18,1128.0,1054.0,74.0,6.56,1584.0,11.0,45.0,1602.0,12.0,1418.0,110.0,7.0,276.0,-2043.0,1880.0,113.0,-1767.0,365918.61,407612.38,36.89,9.77,21.57,0.1,8.56,64.42,58.49,,921,854.0,393.0
NAUKRI,2022,810.7,28.07,74.71,0.0,1296.0,0.08,1589.0,1143.0,446.0,28.07,13810.0,11.0,73.0,14200.0,9.0,12882.0,991.0,1.0,707.0,-1177.0,35.0,-435.0,-470.0,460029.78,434848.82,41.41,8.91,29.69,1.85,12.34,,,,922,855.0,394.0
NAUKRI,2023,-2.98,14.83,-0.52,0.01,12.89,0.14,2346.0,1997.0,348.0,14.83,-116.0,18.0,73.0,141.0,99.0,-70.0,-8.0,-228.0,512.0,-358.0,2.0,156.0,154.0,560212.42,533624.76,55.05,12.48,36.13,2.61,18.88,,,8.17,923,856.0,395.0
NAUKRI,2024,23.46,28.04,1.97,0.01,28.97,0.07,2536.0,1825.0,711.0,28.04,303.0,35.0,101.0,878.0,32.0,595.0,44.0,49.0,702.0,-852.0,120.0,-29.0,-150.0,563824.44,544283.76,32.88,8.33,11.87,4.29,17.12,0.1,-2.13,,924,857.0,396.0
NESTLEIND,2013,12.27,21.4,47.17,0.5,55.27,1.44,9101.0,7153.0,1948.0,21.4,97.0,37.0,330.0,1678.0,33.0,1117.0,12.0,42.0,1796.0,-441.0,-580.0,775.0,1355.0,,,,,,,,,,,926,858.0,
NESTLEIND,2014,12.02,20.69,41.77,0.01,151.86,1.69,9855.0,7816.0,2039.0,20.69,87.0,14.0,338.0,1774.0,33.0,1185.0,12.0,51.0,1644.0,-432.0,-1635.0,-423.0,1212.0,,,,,,,,,,,927,859.0,
NESTLEIND,2015,6.89,19.02,19.99,0.01,388.0,1.34,8175.0,6620.0,1555.0,19.02,-391.0,3.0,347.0,814.0,31.0,563.0,6.0,83.0,1098.0,-70.0,-498.0,529.0,1028.0,,,,,,,,,,,928,860.0,
NESTLEIND,2016,10.95,20.24,30.5,0.01,21.87,1.34,9141.0,7292.0,1850.0,20.24,140.0,91.0,354.0,1545.0,35.0,1001.0,10.0,61.0,1466.0,-126.0,-666.0,674.0,1340.0,,,,,,,,,,,929,861.0,
NESTLEIND,2017,12.24,20.95,35.82,0.01,24.72,1.36,10010.0,7913.0,2097.0,20.95,177.0,92.0,342.0,1839.0,33.0,1225.0,13.0,68.0,1818.0,-131.0,-997.0,691.0,1687.0,,,,,,,,,,,930,862.0,
NESTLEIND,2018,14.23,23.18,43.75,0.01,25.69,1.4,11292.0,8675.0,2618.0,23.18,259.0,112.0,336.0,2429.0,34.0,1607.0,17.0,69.0,2052.0,-52.0,-1317.0,683.0,2000.0,,,,,,,4.41,7.55,7.21,8.1,931,863.0,
NESTLEIND,2019,15.91,23.66,102.61,0.1,24.6,1.72,12369.0,9443.0,2926.0,23.66,247.0,129.0,370.0,2673.0,26.0,1968.0,20.0,168.0,2295.0,83.0,-3602.0,-1223.0,2378.0,1166468.62,1312026.08,64.83,4.06,23.34,1.83,4.65,10.68,10.76,14.43,932,864.0,397.0
NESTLEIND,2020,15.6,23.99,103.12,0.07,20.41,1.69,13350.0,10149.0,3202.0,23.99,146.0,164.0,370.0,2813.0,26.0,2082.0,22.0,93.0,2454.0,-321.0,-1956.0,177.0,2133.0,1106130.85,1267509.76,79.55,5.8,24.33,1.48,10.31,29.9,29.67,15.72,933,865.0,398.0
NESTLEIND,2021,14.37,24.16,108.84,0.14,17.08,1.79,14741.0,11178.0,3562.0,24.16,-112.0,202.0,391.0,2857.0,26.0,2118.0,22.0,91.0,2236.0,-1920.0,-2020.0,-1704.0,316.0,1425221.19,1775599.1,20.87,13.55,10.3,0.43,10.03,16.17,17.08,-25.09,934,866.0,399.0
NESTLEIND,2022,14.15,21.93,97.23,0.11,24.6,1.88,16897.0,13191.0,3706.0,21.93,107.0,155.0,403.0,3256.0,27.0,2391.0,25.0,89.0,2737.0,-392.0,-2123.0,223.0,2345.0,1676726.13,1767875.72,46.21,9.96,6.85,1.32,11.04,14.31,13.97,6.81,935,867.0,400.0
NESTLEIND,2023,15.68,23.38,121.96,0.11,38.55,2.13,19126.0,14655.0,4471.0,23.38,116.0,119.0,429.0,4038.0,26.0,2999.0,31.0,56.0,3392.0,-927.0,-2436.0,29.0,2465.0,1811624.04,1823644.1,11.53,1.76,33.06,4.1,11.11,13.29,12.77,4.27,936,868.0,401.0
NESTLEIND,2024,16.12,23.83,117.75,0.1,41.19,2.32,24394.0,18581.0,5813.0,23.83,159.0,145.0,538.0,5289.0,26.0,3933.0,41.0,79.0,4175.0,-1237.0,-3135.0,-198.0,2938.0,1677775.19,1677279.88,54.96,14.34,15.49,3.85,14.55,14.85,15.44,4.32,937,869.0,402.0
NHPC,2013,45.02,65.07,9.64,0.68,9.41,0.1,6381.0,2229.0,4152.0,65.07,1595.0,611.0,1241.0,3895.0,26.0,2873.0,2.0,28.0,2846.0,-1330.0,-1344.0,172.0,1516.0,,,,,,,,,,,939,870.0,
NHPC,2014,22.1,58.76,5.78,0.74,4.35,0.12,7389.0,3047.0,4342.0,58.76,889.0,1203.0,1499.0,2529.0,35.0,1633.0,1.0,27.0,3824.0,-1122.0,-4536.0,-1834.0,2702.0,,,,,,,,,,,940,871.0,
NHPC,2015,34.03,62.45,9.1,0.67,5.19,0.13,8221.0,3087.0,5134.0,62.45,1597.0,1296.0,1715.0,3718.0,25.0,2798.0,2.0,27.0,4061.0,-768.0,-2494.0,798.0,3293.0,,,,,,,,,,,941,872.0,
NHPC,2016,28.31,57.25,7.47,0.63,5.14,0.13,8354.0,3571.0,4783.0,57.25,1174.0,1160.0,1432.0,3365.0,30.0,2365.0,2.0,81.0,5971.0,-746.0,-4000.0,1224.0,5225.0,,,,,,,,,,,942,873.0,
NHPC,2017,40.36,56.64,11.99,0.66,6.29,0.14,8623.0,3739.0,4884.0,56.64,2245.0,1133.0,1462.0,4535.0,23.0,3480.0,3.0,61.0,8329.0,-1864.0,-7812.0,-1347.0,6465.0,,,,,,,,,,,943,874.0,
NHPC,2018,35.91,54.78,9.27,0.62,5.88,0.12,7755.0,3508.0,4248.0,54.78,1185.0,924.0,1469.0,3040.0,8.0,2785.0,2.0,57.0,4696.0,-886.0,-3863.0,-53.0,3810.0,,,,,,,3.98,-0.62,0.0,20.24,944,875.0,
NHPC,2019,31.57,55.45,9.21,0.62,7.49,0.13,8983.0,4002.0,4981.0,55.45,1733.0,896.0,1658.0,4159.0,32.0,2836.0,3.0,56.0,3824.0,-1182.0,-2637.0,5.0,2642.0,1011493.79,965474.33,78.1,6.89,38.35,2.06,3.98,11.67,24.57,-0.45,945,876.0,403.0
NHPC,2020,33.42,54.42,10.66,0.74,6.56,0.14,10008.0,4562.0,5446.0,54.42,311.0,877.0,1614.0,3266.0,-2.0,3345.0,3.0,52.0,2993.0,-2987.0,12.0,17.0,6.0,1127857.12,1378139.89,60.03,9.48,19.59,3.57,4.01,3.64,8.45,-71.68,946,877.0,404.0
NHPC,2021,37.31,54.7,10.89,0.71,11.03,0.13,9648.0,4371.0,5277.0,54.7,1087.0,577.0,1292.0,4495.0,20.0,3600.0,3.0,49.0,5070.0,-1607.0,-3058.0,405.0,3463.0,1493411.59,1349931.11,50.32,13.06,27.86,3.6,2.92,8.77,8.45,-7.9,947,878.0,405.0
NHPC,2022,41.27,43.89,10.81,0.75,8.52,0.12,9144.0,5131.0,4013.0,43.89,981.0,586.0,1190.0,3217.0,-17.0,3774.0,4.0,52.0,4590.0,-3084.0,-638.0,867.0,1506.0,1937747.16,2326033.72,59.63,14.49,35.23,3.67,1.18,1.64,5.92,-25.28,948,879.0,406.0
NHPC,2023,40.17,58.3,11.53,0.8,14.58,0.12,10607.0,4423.0,6184.0,58.3,743.0,475.0,1215.0,5237.0,19.0,4261.0,4.0,48.0,4705.0,-4191.0,-795.0,-281.0,514.0,1730799.02,1723204.19,48.09,10.79,15.61,0.42,6.46,8.88,14.87,-33.01,949,880.0,407.0
NHPC,2024,41.82,49.91,10.41,0.84,11.24,0.1,9632.0,4825.0,4807.0,49.91,2029.0,608.0,1184.0,5043.0,20.0,4028.0,4.0,53.0,6938.0,-5968.0,-581.0,388.0,970.0,1740404.25,2103124.81,71.17,13.74,18.26,1.68,1.4,7.27,5.92,-18.16,950,881.0,408.0
NTPC,2013,17.6,25.38,15.49,0.87,9.2,0.4,71518.0,53370.0,18149.0,25.38,4777.0,2491.0,3823.0,16611.0,24.0,12586.0,13.0,38.0,16508.0,-16845.0,988.0,651.0,-337.0,,,,,,,,,,,952,882.0,
NTPC,2014,14.56,25.18,13.06,0.93,6.9,0.39,78330.0,58603.0,19727.0,25.18,2792.0,3263.0,4770.0,14486.0,21.0,11403.0,12.0,42.0,16531.0,-15509.0,-2709.0,-1687.0,1022.0,,,,,,,,,,,953,883.0,
NTPC,2015,12.5,21.7,12.17,1.25,5.37,0.36,79957.0,62605.0,17352.0,21.7,2338.0,3669.0,5565.0,10456.0,4.0,9992.0,10.0,21.0,14889.0,-15977.0,-1474.0,-2563.0,-1088.0,,,,,,,,,,,954,884.0,
NTPC,2016,14.69,25.3,11.77,1.09,5.87,0.33,73396.0,54829.0,18568.0,25.3,1188.0,3366.0,5771.0,10618.0,-2.0,10781.0,11.0,26.0,24125.0,-19162.0,-3899.0,1064.0,4963.0,,,,,,,,,,,955,885.0,
NTPC,2017,13.06,26.33,10.95,1.16,6.18,0.33,82042.0,60445.0,21598.0,26.33,1592.0,3753.0,6010.0,13426.0,20.0,10714.0,11.0,37.0,20167.0,-24480.0,3138.0,-1176.0,-4313.0,,,,,,,,,,,956,886.0,
NTPC,2018,11.92,25.53,10.14,1.26,6.31,0.31,88083.0,65598.0,22485.0,25.53,5576.0,4447.0,7460.0,16154.0,35.0,10502.0,11.0,40.0,19670.0,-20678.0,1028.0,19.0,-1008.0,,,,,,,4.25,-3.56,-3.29,,957,887.0,
NTPC,2019,13.99,22.65,12.6,1.55,4.55,0.29,100287.0,77576.0,22710.0,22.65,2818.0,5605.0,8669.0,11255.0,-25.0,14034.0,14.0,44.0,18686.0,-24063.0,4927.0,-451.0,-5377.0,636264.32,742188.74,33.8,0.79,20.37,1.01,5.07,4.24,3.13,,958,888.0,409.0
NTPC,2020,10.87,28.86,10.02,1.71,4.86,0.29,109464.0,77878.0,31586.0,28.86,8209.0,8189.0,10356.0,21250.0,44.0,11902.0,12.0,27.0,23890.0,-29628.0,6004.0,266.0,-5738.0,549989.15,598573.64,22.83,7.06,14.72,2.72,6.48,3.56,3.71,,959,889.0,410.0
NTPC,2021,13.42,30.52,11.9,1.67,4.24,0.28,111531.0,77487.0,34044.0,30.52,5021.0,9224.0,12450.0,17390.0,14.0,14969.0,15.0,41.0,32444.0,-21034.0,-11049.0,360.0,11410.0,739976.68,827954.56,54.58,13.83,18.09,0.75,8.73,6.78,6.4,18.12,960,890.0,411.0
NTPC,2022,12.78,30.42,12.53,1.56,4.82,0.32,132669.0,92307.0,40362.0,30.42,4809.0,9376.0,13788.0,22007.0,23.0,16960.0,17.0,41.0,41788.0,-22891.0,-19172.0,-274.0,18897.0,733611.88,778448.75,54.44,0.57,34.87,0.34,10.09,9.62,9.1,,961,891.0,412.0
NTPC,2023,9.72,27.01,11.65,1.52,4.38,0.39,176207.0,128611.0,47596.0,27.01,2561.0,11447.0,14792.0,23917.0,28.0,17121.0,17.0,42.0,47152.0,-26145.0,-21217.0,-210.0,21007.0,953935.75,1220821.99,79.29,12.24,9.96,3.18,14.88,10.27,9.1,,962,892.0,413.0
NTPC,2024,11.95,28.83,13.27,1.48,4.6,0.37,178501.0,127045.0,51456.0,28.83,5190.0,12301.0,16204.0,28142.0,24.0,21332.0,21.0,36.0,40785.0,-32141.0,-8246.0,398.0,8644.0,907823.11,1142814.16,30.8,5.24,37.12,0.06,12.22,8.74,8.45,,963,893.0,414.0
ONGC,2013,14.81,26.86,15.73,0.14,101.22,0.64,161984.0,118482.0,43501.0,26.86,5488.0,484.0,11763.0,36742.0,35.0,23994.0,19.0,34.0,39874.0,-41220.0,-6927.0,-8273.0,-1346.0,,,,,,,,,,,965,894.0,
ONGC,2014,15.31,28.22,15.49,0.29,90.22,0.54,174121.0,124991.0,49130.0,28.22,7170.0,624.0,16262.0,39413.0,32.0,26665.0,21.0,31.0,53270.0,-63633.0,15225.0,4862.0,-10363.0,,,,,,,,,,,966,895.0,
ONGC,2015,11.0,26.29,9.81,0.3,16.85,0.48,160923.0,118610.0,42312.0,26.29,5955.0,2864.0,18033.0,27370.0,35.0,17703.0,14.0,44.0,33950.0,-30058.0,-10641.0,-6749.0,3892.0,,,,,,,,,,,967,896.0,
ONGC,2016,10.56,31.55,6.62,0.23,10.67,0.36,124036.0,84901.0,39135.0,31.55,1067.0,3766.0,16384.0,20052.0,35.0,13102.0,10.0,56.0,46292.0,-38256.0,-8972.0,-935.0,8036.0,,,,,,,,,,,968,897.0,
ONGC,2017,10.33,18.69,15.01,0.41,18.25,0.64,282506.0,229702.0,52804.0,18.69,12724.0,3591.0,20119.0,41718.0,30.0,29169.0,19.0,40.0,45780.0,-43815.0,-1867.0,99.0,1965.0,,,,,,,,,,,969,898.0,
ONGC,2018,8.08,17.63,12.78,0.52,13.47,0.7,322706.0,265817.0,56889.0,17.63,10429.0,4999.0,23112.0,39208.0,34.0,26068.0,17.0,38.0,56792.0,-66798.0,9909.0,-97.0,-10006.0,,,,,,,14.78,1.67,-2.2,,970,899.0,
ONGC,2019,8.05,17.75,15.64,0.5,14.46,0.86,421624.0,346805.0,74819.0,17.75,9567.0,5837.0,23704.0,54846.0,38.0,33938.0,24.0,29.0,61458.0,-37132.0,-23324.0,1001.0,24326.0,312963.15,369386.85,54.62,10.21,35.8,0.54,19.35,4.94,2.71,,971,900.0,415.0
ONGC,2020,2.89,13.13,5.59,0.63,7.09,0.78,396728.0,344623.0,52105.0,13.13,982.0,7489.0,26635.0,18962.0,40.0,11456.0,9.0,58.0,70593.0,-53159.0,-16726.0,708.0,17434.0,347727.36,413862.0,53.8,7.0,5.6,0.27,19.78,-8.34,-8.46,34.97,972,901.0,416.0
ONGC,2021,7.03,16.28,9.67,0.6,11.96,0.56,303849.0,254375.0,49473.0,16.28,11271.0,5079.0,25538.0,30126.0,29.0,21360.0,13.0,28.0,47185.0,-39141.0,-8239.0,-195.0,8044.0,316247.83,328041.06,16.47,6.68,11.25,3.51,19.63,10.27,5.39,0.02,973,902.0,417.0
ONGC,2022,10.03,16.26,19.0,0.47,15.22,0.84,491246.0,411373.0,79874.0,16.26,6797.0,5696.0,26883.0,54091.0,9.0,49294.0,36.0,29.0,78248.0,-41197.0,-35790.0,1261.0,37051.0,406613.69,429326.73,44.82,14.33,23.74,4.48,11.7,11.06,13.63,79.92,974,903.0,418.0
ONGC,2023,5.18,11.94,11.68,0.51,9.57,1.03,632291.0,556764.0,75527.0,11.94,-30.0,7889.0,24557.0,43051.0,24.0,32778.0,28.0,40.0,86062.0,-74690.0,-12876.0,-1504.0,11372.0,374517.84,466233.73,43.8,0.83,39.03,4.34,14.4,4.69,10.49,,975,904.0,419.0
ONGC,2024,9.66,17.39,16.94,0.45,11.36,0.83,591396.0,488561.0,102835.0,17.39,12982.0,10194.0,28763.0,76860.0,26.0,57101.0,39.0,31.0,99263.0,-57203.0,-45650.0,-3591.0,42060.0,390111.05,499988.49,18.15,10.36,11.72,1.11,7.0,10.97,10.2,11.57,976,905.0,420.0
PFC,2013,25.63,34.58,18.74,5.89,0.55,0.1,17314.0,331.0,5987.0,34.58,12.0,10995.0,6.0,5994.0,26.0,4438.0,13.0,21.0,-25102.0,22.0,27947.0,2868.0,-25080.0,,,,,,,,,,,978,906.0,
PFC,2014,25.52,35.54,19.85,5.79,0.58,0.11,21407.0,748.0,7607.0,35.54,23.0,13053.0,5.0,7624.0,28.0,5462.0,17.0,22.0,-22473.0,9.0,17671.0,-4793.0,-22464.0,,,,,,,,,,,979,907.0,
PFC,2015,24.03,33.73,18.52,5.79,0.55,0.11,24988.0,1103.0,8429.0,33.73,25.0,15456.0,8.0,8446.0,29.0,6004.0,18.0,20.0,-21455.0,-491.0,26916.0,4970.0,-21946.0,,,,,,,,,,,980,908.0,
PFC,2016,22.2,32.88,17.16,5.57,0.55,0.11,27861.0,2042.0,9162.0,32.88,25.0,16657.0,20.0,9167.0,33.0,6184.0,19.0,30.0,-13298.0,-1973.0,10383.0,-4888.0,-15271.0,,,,,,,,,,,981,909.0,
PFC,2017,8.11,19.13,6.07,5.51,0.32,0.11,27581.0,5538.0,5275.0,19.13,30.0,16768.0,41.0,5264.0,58.0,2236.0,7.0,59.0,1795.0,-667.0,1950.0,3079.0,1128.0,,,,,,,,,,,982,910.0,
PFC,2018,18.09,24.17,22.08,11.07,0.39,0.09,48624.0,6583.0,11752.0,24.17,42.0,30289.0,15.0,11779.0,25.0,8797.0,20.0,31.0,-57148.0,1409.0,52018.0,-3720.0,-55739.0,,,,,,,22.94,14.66,9.0,,983,911.0,
PFC,2019,23.36,32.87,26.82,11.45,0.52,0.09,54106.0,1696.0,17783.0,32.87,94.0,34627.0,15.0,17862.0,29.0,12640.0,30.0,0.0,-80252.0,-13463.0,93616.0,-98.0,-93715.0,1215368.18,1097296.38,37.83,3.81,28.92,0.88,20.38,18.27,12.03,,984,912.0,421.0
PFC,2020,15.24,22.53,19.18,12.08,0.35,0.09,62189.0,7332.0,14012.0,22.53,105.0,40845.0,24.0,14093.0,33.0,9477.0,22.0,35.0,-42148.0,-73.0,43399.0,1179.0,-42221.0,1544887.02,1555449.73,36.3,4.82,27.54,0.46,20.0,9.56,4.1,,985,913.0,422.0
PFC,2021,21.93,27.73,25.86,10.86,0.45,0.09,71656.0,7102.0,19871.0,27.73,46.0,44684.0,25.0,19891.0,21.0,15716.0,36.0,22.0,-59143.0,1741.0,60424.0,3023.0,-57402.0,1682458.73,1739295.43,71.66,1.56,34.04,0.75,20.8,20.51,13.63,,986,914.0,423.0
PFC,2022,24.61,30.6,26.18,9.21,0.52,0.1,76262.0,8215.0,23338.0,30.6,79.0,44709.0,35.0,23382.0,20.0,18768.0,42.0,23.0,4904.0,-547.0,-8371.0,-4014.0,4357.0,1504604.05,1475909.96,15.39,8.05,39.59,0.15,22.56,53.03,43.1,31.03,987,915.0,424.0
PFC,2023,27.26,34.11,25.17,8.93,0.56,0.09,77684.0,4167.0,26501.0,34.11,47.0,47017.0,52.0,26496.0,20.0,21179.0,48.0,22.0,-74717.0,-1694.0,75537.0,-874.0,-76411.0,1625821.23,1714311.64,32.45,5.31,36.33,0.09,9.82,19.21,19.14,,988,916.0,425.0
PFC,2024,28.92,36.69,26.16,8.52,0.58,0.09,91508.0,-27.0,33573.0,36.69,69.0,57962.0,53.0,33588.0,21.0,26461.0,60.0,23.0,-97820.0,-3409.0,101261.0,32.0,-101229.0,2011885.81,2014246.29,35.6,6.59,15.67,0.42,11.08,15.92,14.87,,989,917.0,426.0
PIDILITIND,2013,11.53,15.17,25.68,0.07,41.56,1.41,3678.0,3120.0,558.0,15.17,107.0,16.0,69.0,581.0,27.0,424.0,8.0,31.0,472.0,-144.0,-339.0,-12.0,328.0,,,,,,,,,,,991,918.0,
PIDILITIND,2014,10.51,15.69,23.05,0.02,44.38,1.46,4283.0,3611.0,672.0,15.69,38.0,16.0,81.0,612.0,27.0,450.0,9.0,31.0,394.0,-99.0,-242.0,54.0,295.0,,,,,,,,,,,992,919.0,
PIDILITIND,2015,10.61,15.92,22.64,0.03,50.69,1.46,4844.0,4073.0,771.0,15.92,40.0,16.0,118.0,678.0,25.0,514.0,10.0,29.0,552.0,-436.0,-165.0,-49.0,116.0,,,,,,,,,,,993,920.0,
PIDILITIND,2016,15.05,21.88,30.59,0.03,96.46,1.44,5361.0,4188.0,1173.0,21.88,81.0,13.0,100.0,1141.0,29.0,807.0,16.0,26.0,907.0,-491.0,-371.0,45.0,416.0,,,,,,,,,,,994,921.0,
PIDILITIND,2017,15.36,22.47,24.86,0.03,98.36,1.18,5617.0,4355.0,1262.0,22.47,115.0,14.0,115.0,1248.0,31.0,863.0,17.0,28.0,794.0,-879.0,41.0,-45.0,-85.0,,,,,,,,,,,995,922.0,
PIDILITIND,2018,15.89,22.06,27.03,0.03,93.38,1.17,6078.0,4737.0,1341.0,22.06,153.0,16.0,120.0,1359.0,29.0,966.0,19.0,32.0,796.0,39.0,-790.0,46.0,835.0,,,,,,,10.57,17.9,18.89,20.55,996,923.0,
PIDILITIND,2019,13.11,19.37,22.37,0.03,57.73,1.2,7078.0,5707.0,1371.0,19.37,130.0,26.0,133.0,1342.0,31.0,928.0,18.0,36.0,845.0,-513.0,-361.0,-29.0,332.0,175760.23,215960.74,17.69,11.27,15.11,3.98,10.57,15.58,14.87,2.39,997,924.0,427.0
PIDILITIND,2020,15.38,21.61,25.18,0.06,49.21,1.12,7294.0,5718.0,1576.0,21.61,97.0,34.0,170.0,1470.0,24.0,1122.0,22.0,32.0,1280.0,103.0,-849.0,533.0,1383.0,187037.75,181181.47,78.98,3.06,24.87,2.56,8.53,16.9,17.08,64.16,998,925.0,428.0
PIDILITIND,2021,15.44,23.12,20.13,0.06,47.57,0.83,7293.0,5606.0,1686.0,23.12,74.0,37.0,201.0,1522.0,26.0,1126.0,22.0,38.0,1392.0,-1688.0,-76.0,-372.0,-296.0,193847.18,248239.82,68.76,12.53,39.1,2.06,6.35,6.89,6.58,,999,926.0,429.0
PIDILITIND,2022,12.17,18.71,18.85,0.06,45.12,1.04,9921.0,8065.0,1856.0,18.71,39.0,42.0,240.0,1614.0,25.0,1207.0,24.0,42.0,955.0,-558.0,-468.0,-71.0,397.0,174189.7,210104.54,35.42,3.26,21.91,4.17,12.05,6.94,7.14,,1000,927.0,430.0
PIDILITIND,2023,10.92,16.83,17.87,0.05,42.52,1.12,11799.0,9813.0,1986.0,16.83,55.0,48.0,270.0,1723.0,25.0,1289.0,25.0,44.0,1558.0,-899.0,-656.0,2.0,659.0,162985.56,202017.26,38.11,2.48,34.69,4.36,14.19,5.94,5.64,-4.62,1001,928.0,431.0
PIDILITIND,2024,14.11,21.87,20.78,0.05,54.33,1.03,12383.0,9675.0,2708.0,21.87,63.0,51.0,341.0,2379.0,27.0,1747.0,34.0,47.0,2724.0,-1769.0,-742.0,212.0,955.0,162274.18,165749.2,36.12,12.3,5.36,1.01,11.84,13.49,13.56,23.53,1002,929.0,432.0
PNB,2013,11.66,,812.3,10.83,,5.63,43071.0,12456.0,,,4310.0,27802.0,336.0,6786.0,27.0,5020.0,28.0,19.0,-692.0,-600.0,-694.0,-1987.0,-1292.0,,,,,,,,,,,1004,930.0,
PNB,2014,8.17,,393.36,10.82,,3.9,44958.0,16112.0,,,4710.0,28220.0,367.0,4969.0,29.0,3674.0,20.0,10.0,16906.0,-302.0,2129.0,18733.0,16604.0,,,,,,,,,,,1005,931.0,
PNB,2015,7.24,,223.24,10.44,,2.56,48710.0,18760.0,,,6175.0,31343.0,384.0,4397.0,24.0,3525.0,18.0,18.0,4814.0,-872.0,7451.0,11393.0,3942.0,,,,,,,,,,,1006,932.0,
PNB,2016,-6.91,,-163.56,12.12,,1.71,50804.0,27453.0,,,6100.0,34331.0,413.0,-5293.0,-31.0,-3510.0,-19.0,-2.0,14167.0,-1352.0,5975.0,18790.0,12815.0,,,,,,,,,,,1007,933.0,
PNB,2017,2.58,,22.21,6.36,,1.12,48058.0,22533.0,,,9168.0,32722.0,430.0,1540.0,41.0,1239.0,6.0,0.0,21938.0,159.0,-9767.0,12330.0,22097.0,,,,,,,,,,,1008,934.0,
PNB,2018,-24.86,,-184.37,8.19,,0.77,48725.0,43345.0,,,8883.0,33530.0,581.0,-19849.0,-37.0,-12111.0,-44.0,0.0,-1742.0,392.0,7460.0,6109.0,-1350.0,,,,,,,2.5,,,,1009,935.0,
PNB,2019,-18.31,,-128.45,9.66,,0.62,52147.0,39645.0,,,7367.0,34656.0,584.0,-15370.0,-35.0,-9550.0,-21.0,0.0,-33532.0,-629.0,13969.0,-20192.0,-34161.0,1116326.04,1152180.48,70.8,13.8,38.18,1.23,3.01,,,,1010,936.0,433.0
PNB,2020,0.88,,6.1,8.52,,0.7,54918.0,25867.0,,,9388.0,36997.0,614.0,827.0,56.0,485.0,1.0,0.0,-12793.0,-338.0,13591.0,460.0,-13131.0,1458207.93,1742246.74,19.1,9.35,5.92,3.19,2.43,-32.75,-43.9,,1011,937.0,434.0
PNB,2021,3.29,,30.39,6.7,,1.15,81935.0,38601.0,,,12777.0,50805.0,982.0,4325.0,38.0,2695.0,2.0,0.0,30950.0,-787.0,5415.0,35579.0,30163.0,1774323.73,2157108.17,20.42,9.61,11.26,4.26,10.03,,,18.67,1012,938.0,435.0
PNB,2022,5.13,,39.87,5.4,,1.16,76242.0,36026.0,,,12329.0,46823.0,896.0,4826.0,19.0,3908.0,4.0,18.0,20032.0,-1204.0,2032.0,20859.0,18828.0,2107018.91,1976658.37,21.47,10.12,21.68,3.31,9.67,25.83,-7.79,-3.15,1013,939.0,436.0
PNB,2023,3.87,,30.67,4.9,,1.3,86845.0,41502.0,,,12529.0,51817.0,905.0,5151.0,35.0,3359.0,3.0,21.0,22592.0,-732.0,1275.0,23135.0,21860.0,2086779.73,2427273.35,20.74,8.38,38.52,2.83,12.25,,,,1014,940.0,437.0
PNB,2024,8.4,,61.32,3.68,,1.51,109065.0,39623.0,,,14158.0,68534.0,906.0,14160.0,35.0,9157.0,8.0,18.0,-27939.0,-1506.0,3518.0,-25928.0,-29445.0,1825925.6,2365495.49,19.29,10.91,23.64,1.32,15.9,,,,1015,941.0,438.0
POWERGRID,2013,32.97,82.85,16.34,2.62,4.54,0.12,13081.0,2244.0,10837.0,82.85,966.0,2599.0,3428.0,5776.0,25.0,4313.0,5.0,31.0,11690.0,-22084.0,9962.0,-432.0,-10394.0,,,,,,,,,,,1017,942.0,
POWERGRID,2014,29.24,83.36,13.11,2.43,4.21,0.11,15555.0,2588.0,12967.0,83.36,725.0,3254.0,4079.0,6359.0,28.0,4548.0,5.0,30.0,15223.0,-26639.0,13712.0,2295.0,-11416.0,,,,,,,,,,,1018,943.0,
POWERGRID,2015,28.77,85.1,13.13,2.5,3.84,0.11,17540.0,2613.0,14927.0,85.1,731.0,4081.0,5173.0,6404.0,21.0,5046.0,5.0,21.0,15800.0,-24185.0,6399.0,-1986.0,-8385.0,,,,,,,,,,,1019,944.0,
POWERGRID,2016,28.85,88.05,13.55,2.47,3.7,0.12,20652.0,2468.0,18184.0,88.05,656.0,5086.0,6182.0,7572.0,21.0,5959.0,6.0,20.0,15008.0,-21576.0,5621.0,-948.0,-6568.0,,,,,,,,,,,1020,945.0,
POWERGRID,2017,29.0,87.36,14.94,2.39,3.77,0.13,25697.0,3247.0,22450.0,87.36,933.0,6204.0,7722.0,9457.0,21.0,7451.0,8.0,31.0,21575.0,-23836.0,3959.0,1698.0,-2261.0,,,,,,,,,,,1021,946.0,
POWERGRID,2018,27.39,86.67,15.07,2.42,4.1,0.13,29954.0,3993.0,25961.0,86.67,4065.0,7324.0,9231.0,13471.0,39.0,8204.0,9.0,33.0,22710.0,-25701.0,1285.0,-1707.0,-2991.0,,,,,,,18.02,13.72,12.47,,1022,947.0,
POWERGRID,2019,28.62,76.78,16.98,2.48,3.25,0.14,35059.0,8140.0,26920.0,76.78,1505.0,8737.0,10541.0,9147.0,-10.0,10034.0,11.0,43.0,23271.0,-18727.0,-2431.0,2113.0,4544.0,253564.15,315271.49,70.85,7.24,8.63,3.98,17.65,17.15,17.08,,1023,948.0,439.0
POWERGRID,2020,29.3,87.13,17.09,2.29,3.75,0.15,37744.0,4858.0,32886.0,87.13,2820.0,9509.0,11607.0,14590.0,24.0,11059.0,12.0,47.0,30739.0,-10733.0,-18806.0,1199.0,20006.0,277274.49,298210.09,37.33,5.79,23.41,2.72,16.56,16.99,19.14,,1024,949.0,440.0
POWERGRID,2021,30.36,88.06,17.21,2.05,4.39,0.16,39640.0,4734.0,34906.0,88.06,769.0,8135.0,12039.0,15501.0,22.0,12036.0,13.0,52.0,29403.0,-9244.0,-20521.0,-362.0,20159.0,300348.19,378036.04,30.87,8.89,15.5,3.39,13.93,15.1,16.72,,1025,950.0,441.0
POWERGRID,2022,40.42,86.07,22.07,1.77,5.04,0.17,41622.0,5796.0,35826.0,86.07,4692.0,8036.0,12872.0,19610.0,14.0,16824.0,18.0,61.0,26124.0,753.0,-28967.0,-2091.0,26877.0,270631.91,263995.91,65.69,3.16,26.9,4.37,10.13,17.69,17.61,,1026,951.0,442.0
POWERGRID,2023,33.81,86.78,18.57,1.55,4.22,0.18,45603.0,6028.0,39576.0,86.78,1093.0,9634.0,13333.0,17702.0,13.0,15420.0,17.0,67.0,40203.0,-7138.0,-30450.0,2615.0,33065.0,300792.57,293260.29,31.09,12.44,17.31,3.26,8.77,13.45,13.56,,1027,952.0,443.0
POWERGRID,2024,33.97,86.87,17.87,1.42,4.6,0.18,45843.0,6017.0,39826.0,86.87,556.0,8773.0,13095.0,18514.0,16.0,15573.0,17.0,67.0,37290.0,-13114.0,-25903.0,-1728.0,24176.0,372584.24,410018.95,64.39,5.1,23.07,3.09,5.51,9.19,9.1,39.7,1028,953.0,444.0
RECLTD,2013,28.11,97.33,21.87,6.15,1.64,0.1,13634.0,365.0,13270.0,97.33,4.0,8083.0,4.0,5186.0,26.0,3833.0,15.0,21.0,-20059.0,152.0,16059.0,-3847.0,-19907.0,,,,,,,,,,,1030,954.0,
RECLTD,2014,27.53,96.67,22.79,6.07,1.66,0.11,17223.0,572.0,16650.0,96.67,6.0,10035.0,5.0,6617.0,28.0,4741.0,18.0,20.0,-17244.0,136.0,16815.0,-293.0,-17108.0,,,,,,,,,,,1031,955.0,
RECLTD,2015,26.01,94.41,21.31,6.02,1.64,0.11,20544.0,1149.0,19395.0,94.41,6.0,11840.0,8.0,7552.0,29.0,5344.0,20.0,20.0,-23898.0,151.0,23098.0,-649.0,-23747.0,,,,,,,,,,,1032,956.0,
RECLTD,2016,23.59,93.04,19.7,5.86,1.57,0.12,24125.0,1680.0,22445.0,93.04,4.0,14282.0,20.0,8147.0,30.0,5691.0,22.0,30.0,-13278.0,-756.0,15291.0,1257.0,-14034.0,,,,,,,,,,,1033,957.0,
RECLTD,2017,25.94,92.24,18.75,4.99,1.67,0.12,24338.0,1888.0,22450.0,92.24,24.0,13462.0,40.0,8972.0,30.0,6313.0,24.0,30.0,6805.0,-101.0,-3947.0,2757.0,6704.0,,,,,,,,,,,1034,958.0,
RECLTD,2018,19.64,85.09,13.66,6.27,1.45,0.09,22658.0,3379.0,19279.0,85.09,18.0,13333.0,7.0,5958.0,25.0,4451.0,17.0,41.0,-32510.0,46.0,28244.0,-4220.0,-32464.0,,,,,,,10.69,3.03,2.53,,1035,959.0,
RECLTD,2019,22.6,93.3,16.62,7.07,1.52,0.09,25408.0,1702.0,23705.0,93.3,33.0,15639.0,8.0,8090.0,29.0,5741.0,22.0,38.0,-35866.0,457.0,35543.0,134.0,-35409.0,252889.41,293557.74,55.19,7.65,32.85,2.17,8.09,3.9,4.1,,1036,960.0,445.0
RECLTD,2020,16.61,86.7,14.05,8.09,1.37,0.09,29942.0,3981.0,25961.0,86.7,72.0,18991.0,12.0,7030.0,29.0,4972.0,19.0,44.0,-32712.0,121.0,33926.0,1336.0,-32591.0,326394.54,389833.03,30.66,6.23,28.37,4.03,7.82,-1.43,-1.02,,1037,961.0,446.0
RECLTD,2021,23.56,90.74,19.14,7.53,1.5,0.09,35557.0,3292.0,32265.0,90.74,15.0,21489.0,11.0,10780.0,22.0,8378.0,32.0,30.0,-43512.0,861.0,42113.0,-538.0,-42651.0,306600.13,339058.49,16.55,4.55,29.01,0.35,8.07,8.04,7.78,,1038,962.0,447.0
RECLTD,2022,25.55,87.68,19.56,6.49,1.56,0.1,39276.0,4838.0,34438.0,87.68,62.0,22051.0,18.0,12431.0,19.0,10036.0,38.0,30.0,-819.0,-287.0,68.0,-1038.0,-1106.0,362149.73,456426.16,77.79,3.64,31.21,4.17,10.04,9.71,9.63,,1039,963.0,448.0
RECLTD,2023,28.28,95.29,19.21,6.55,1.59,0.08,39486.0,1858.0,37628.0,95.29,28.0,23733.0,24.0,13898.0,20.0,11167.0,42.0,30.0,-37360.0,-943.0,38123.0,-180.0,-38303.0,324371.96,345653.82,74.2,3.44,37.68,2.37,11.75,20.2,19.83,,1040,964.0,449.0
RECLTD,2024,29.77,100.77,20.4,6.42,1.6,0.09,47517.0,-366.0,47883.0,100.77,48.0,29948.0,24.0,17960.0,21.0,14145.0,54.0,30.0,-57723.0,-1831.0,59588.0,34.0,-59554.0,291917.42,315256.49,31.49,4.59,23.95,2.18,13.34,19.76,19.67,,1041,965.0,450.0
RELIANCE,2013,5.27,8.37,11.47,0.59,11.81,1.09,395957.0,362802.0,33155.0,8.37,7757.0,3463.0,11232.0,26217.0,20.0,20886.0,15.0,13.0,36918.0,-27601.0,408.0,9725.0,9317.0,,,,,,,,,,,1043,966.0,
RELIANCE,2014,5.2,8.06,11.35,0.7,11.42,1.01,433521.0,398586.0,34935.0,8.06,8865.0,3836.0,11201.0,28763.0,22.0,22548.0,16.0,12.0,43261.0,-73070.0,13713.0,-16096.0,-29809.0,,,,,,,,,,,1044,967.0,
RELIANCE,2015,6.31,10.0,10.82,0.77,13.87,0.74,374372.0,336923.0,37449.0,10.0,8528.0,3316.0,11547.0,31114.0,24.0,23640.0,17.0,12.0,34374.0,-64706.0,8444.0,-21888.0,-30332.0,,,,,,,,,,,1045,968.0,
RELIANCE,2016,10.95,15.33,12.9,0.84,14.63,0.46,272583.0,230802.0,41781.0,15.33,12212.0,3691.0,11565.0,38737.0,23.0,29861.0,22.0,10.0,38134.0,-36186.0,-3210.0,-1262.0,1948.0,,,,,,,,,,,1046,969.0,
RELIANCE,2017,9.81,15.23,11.31,0.82,14.43,0.43,303954.0,257647.0,46307.0,15.23,9222.0,3849.0,11646.0,40034.0,25.0,29833.0,22.0,11.0,49550.0,-66201.0,8617.0,-8034.0,-16651.0,,,,,,,,,,,1047,970.0,
RELIANCE,2018,9.23,16.46,12.29,0.82,9.21,0.48,390823.0,326508.0,64315.0,16.46,9869.0,8052.0,16706.0,49426.0,27.0,36080.0,27.0,10.0,71459.0,-68192.0,-2001.0,1266.0,3267.0,,,,,,,-0.26,11.55,12.47,-18.91,1048,971.0,
RELIANCE,2019,7.01,14.82,10.29,0.79,5.62,0.57,568337.0,484087.0,84250.0,14.82,8406.0,16495.0,20934.0,55227.0,28.0,39837.0,29.0,10.0,42346.0,-94507.0,55906.0,3745.0,-52161.0,648684.98,791997.19,42.66,12.4,33.86,1.43,5.56,12.06,12.63,,1049,972.0,451.0
RELIANCE,2020,6.68,14.96,8.88,0.79,4.44,0.51,596679.0,507413.0,89266.0,14.96,8570.0,22027.0,22203.0,53606.0,26.0,39880.0,29.0,10.0,94877.0,-72497.0,-2541.0,19839.0,22380.0,552791.93,699004.44,62.77,2.06,29.56,0.09,9.77,11.03,11.27,,1050,973.0,452.0
RELIANCE,2021,11.52,17.33,7.68,0.4,4.87,0.35,466307.0,385517.0,80790.0,17.33,22432.0,21189.0,26572.0,55461.0,3.0,53739.0,39.0,9.0,26958.0,-142385.0,101904.0,-13523.0,-115427.0,477545.63,530232.91,14.91,14.48,36.28,2.92,11.34,12.47,12.13,,1051,974.0,453.0
RELIANCE,2022,9.77,15.63,8.7,0.41,8.79,0.46,694673.0,586092.0,108581.0,15.63,19600.0,14584.0,29782.0,83815.0,19.0,67845.0,45.0,9.0,110654.0,-109162.0,17289.0,18781.0,1492.0,421125.76,433731.78,34.76,7.47,10.91,2.6,17.98,17.86,15.39,,1052,975.0,454.0
RELIANCE,2023,8.45,16.24,10.35,0.63,7.89,0.55,876396.0,734078.0,142318.0,16.24,12020.0,19571.0,40303.0,94464.0,22.0,74088.0,49.0,9.0,115032.0,-93001.0,10455.0,32486.0,22031.0,449714.02,575147.7,75.41,8.7,27.55,0.62,17.53,15.48,12.66,46.48,1053,976.0,455.0
RELIANCE,2024,8.79,18.07,9.96,0.58,7.73,0.51,899041.0,736543.0,162498.0,18.07,16179.0,23118.0,50832.0,104727.0,25.0,79020.0,51.0,10.0,158788.0,-113581.0,-16646.0,28561.0,45207.0,432472.71,545039.37,58.34,3.25,24.96,4.21,9.61,14.68,11.95,,1054,977.0,456.0
SBILIFE,2013,4.24,2.87,23.03,0.0,179.75,0.28,14870.0,14443.0,427.0,2.87,292.0,4.0,25.0,690.0,9.0,630.0,6.0,8.0,1130.0,-227.0,-58.0,845.0,903.0,,,,,,,,,,,1056,978.0,
SBILIFE,2014,4.22,2.96,21.69,0.0,171.0,0.28,17258.0,16747.0,511.0,2.96,344.0,5.0,35.0,816.0,11.0,728.0,7.0,14.0,166.0,-708.0,-58.0,-600.0,-542.0,,,,,,,,,,,1057,979.0,
SBILIFE,2015,3.48,3.39,20.09,0.0,244.25,0.32,23399.0,22505.0,794.0,3.39,183.0,4.0,34.0,939.0,13.0,815.0,8.0,15.0,2711.0,-178.0,-117.0,2416.0,2533.0,,,,,,,,,,,1058,980.0,
SBILIFE,2016,4.37,4.76,17.83,0.0,209.8,0.23,19324.0,18404.0,920.0,4.76,129.0,5.0,37.0,1007.0,16.0,844.0,8.0,14.0,5778.0,-7204.0,-144.0,-1570.0,-1426.0,,,,,,,,,,,1059,981.0,
SBILIFE,2017,3.13,3.5,17.2,0.0,241.4,0.3,30548.0,29479.0,1068.0,3.5,139.0,5.0,48.0,1154.0,17.0,955.0,10.0,16.0,8525.0,-9032.0,-144.0,-651.0,-507.0,,,,,,,,,,,1060,982.0,
SBILIFE,2018,3.38,3.91,17.62,0.0,248.0,0.28,34068.0,32736.0,1332.0,3.91,156.0,6.0,59.0,1422.0,19.0,1150.0,12.0,17.0,10395.0,-8910.0,-221.0,1264.0,1485.0,,,,,,,18.03,12.79,14.87,10.46,1061,983.0,
SBILIFE,2019,2.98,3.3,17.52,0.0,217.5,0.3,44604.0,43130.0,1474.0,3.3,266.0,8.0,92.0,1642.0,19.0,1327.0,13.0,15.0,13473.0,-13552.0,-241.0,-321.0,-79.0,491285.25,627277.98,41.21,6.55,14.36,4.01,20.91,12.76,13.18,,1062,984.0,457.0
SBILIFE,2020,3.25,3.08,16.26,0.0,,0.26,43798.0,42447.0,1351.0,3.08,529.0,0.0,89.0,1790.0,21.0,1422.0,14.0,0.0,19299.0,-16986.0,-198.0,2114.0,2313.0,625311.99,663578.68,10.2,6.98,11.33,0.64,13.36,11.78,11.84,-1.8,1063,985.0,458.0
SBILIFE,2021,1.78,1.06,14.0,0.0,,0.36,81913.0,81040.0,872.0,1.06,867.0,0.0,99.0,1640.0,11.0,1456.0,15.0,17.0,23878.0,-19203.0,3.0,4677.0,4675.0,654418.26,614911.54,76.94,1.19,19.05,0.73,33.49,11.52,13.4,,1064,986.0,459.0
SBILIFE,2022,1.81,0.88,12.96,0.0,,0.3,82983.0,82254.0,730.0,0.88,1032.0,0.0,75.0,1687.0,11.0,1506.0,15.0,13.0,21852.0,-21611.0,-231.0,10.0,241.0,781640.88,728117.69,47.37,11.71,38.25,3.14,22.12,9.54,8.45,,1065,987.0,460.0
SBILIFE,2023,2.13,0.15,13.22,0.0,198.4,0.26,80636.0,80514.0,122.0,0.15,1862.0,10.0,68.0,1906.0,10.0,1721.0,17.0,15.0,28656.0,-30203.0,-415.0,-1962.0,-1547.0,703278.16,657852.17,60.68,3.62,20.65,4.39,18.81,8.4,7.21,,1066,988.0,461.0
SBILIFE,2024,1.43,0.19,12.7,0.0,240.33,0.33,131988.0,131742.0,246.0,0.19,1917.0,9.0,76.0,2078.0,9.0,1894.0,19.0,14.0,29122.0,-31221.0,-227.0,-2327.0,-2099.0,886097.71,1097553.71,69.98,9.48,31.04,1.62,24.23,7.37,7.89,,1067,989.0,462.0
SBIN,2013,11.05,-3.05,,,0.26,,167976.0,66283.0,-5124.0,-3.05,32584.0,106818.0,1577.0,25882.0,29.0,18555.0,26.0,16.0,24332.0,-2271.0,-4424.0,17637.0,22061.0,,,,,,,,,,,1069,990.0,
SBIN,2014,7.83,-7.73,,,0.19,,189062.0,82198.0,-14614.0,-7.73,37882.0,121479.0,1942.0,21326.0,32.0,14807.0,19.0,16.0,19142.0,-791.0,3583.0,21934.0,18351.0,,,,,,,,,,,1070,991.0,
SBIN,2015,8.57,-10.52,,,0.21,,207974.0,96675.0,-21879.0,-10.52,49315.0,133179.0,1581.0,25855.0,32.0,17832.0,23.0,15.0,26297.0,-3424.0,-1553.0,21320.0,22873.0,,,,,,,,,,,1071,992.0,
SBIN,2016,5.9,-14.68,,,0.14,,220633.0,109985.0,-32399.0,-14.68,52828.0,143047.0,2252.0,18177.0,30.0,13019.0,16.0,17.0,14477.0,-2747.0,4348.0,16078.0,11730.0,,,,,,,,,,,1072,993.0,
SBIN,2017,-0.04,-27.92,,,0.03,,230447.0,145666.0,-64334.0,-27.92,68193.0,149115.0,2915.0,945.0,99.0,-97.0,0.0,859.0,77406.0,-4572.0,-4196.0,68638.0,72834.0,,,,,,,,,,,1073,994.0,
SBIN,2018,-1.64,-37.86,,,-0.06,,228970.0,169065.0,-86697.0,-37.86,77557.0,146603.0,3105.0,-12245.0,-66.0,-3749.0,-5.0,0.0,-96508.0,13053.0,5547.0,-77908.0,-83455.0,,,,,,,6.39,,,,1074,995.0,
SBIN,2019,1.32,-27.1,,,0.06,,253322.0,166104.0,-68649.0,-27.1,77365.0,155867.0,3496.0,5220.0,41.0,3351.0,3.0,0.0,29556.0,220.0,448.0,30223.0,29776.0,1482417.4,1684030.56,28.31,2.13,24.87,1.59,6.03,-25.71,-30.87,10.16,1075,996.0,463.0
SBIN,2020,7.83,-23.78,,,0.21,,269852.0,172909.0,-64181.0,-23.78,98159.0,161124.0,3662.0,30317.0,40.0,21140.0,22.0,0.0,23929.0,-555.0,5430.0,28803.0,23374.0,1692341.99,1901297.81,47.04,2.29,20.41,3.65,5.35,3.46,-0.89,0.43,1076,997.0,464.0
SBIN,2021,8.59,-25.43,,,0.23,,278115.0,192821.0,-70715.0,-25.43,107222.0,156010.0,3711.0,32796.0,26.0,23888.0,25.0,16.0,89919.0,-3670.0,7143.0,93392.0,86249.0,1705155.98,1837361.16,43.56,13.01,27.95,0.45,4.74,12.91,9.34,49.04,1077,998.0,465.0
SBIN,2022,12.82,-21.92,,,0.34,,289973.0,197349.0,-63570.0,-21.92,117000.0,156194.0,3691.0,49739.0,27.0,37183.0,40.0,18.0,57695.0,-2652.0,-3845.0,51198.0,55043.0,2187008.32,2696201.57,62.26,7.26,31.51,2.15,4.7,,,-5.45,1078,999.0,466.0
SBIN,2023,16.46,-12.38,,,0.42,,350845.0,204303.0,-43439.0,-12.38,122534.0,189981.0,3696.0,75399.0,25.0,57750.0,62.0,18.0,-86014.0,-966.0,6386.0,-80593.0,-86980.0,2664457.97,3336018.79,72.12,7.09,35.08,0.46,8.91,,,,1079,1000.0,467.0
SBIN,2024,15.83,-13.73,,,0.37,,439189.0,239750.0,-60297.0,-13.73,155386.0,259736.0,3849.0,91240.0,25.0,69543.0,75.0,18.0,21632.0,-3476.0,-9896.0,8260.0,18156.0,2400436.05,2686824.35,54.93,2.72,21.53,0.42,11.63,83.41,90.37,-9.42,1080,1001.0,468.0
SHREECEM,2013,18.53,28.81,26.12,0.34,9.06,0.88,5418.0,3857.0,1561.0,28.81,187.0,193.0,436.0,1119.0,10.0,1004.0,288.0,7.0,1260.0,-270.0,-982.0,8.0,990.0,,,,,,,,,,,1082,1002.0,
SHREECEM,2014,13.77,24.32,16.71,0.25,11.58,0.78,5715.0,4325.0,1390.0,24.32,104.0,129.0,550.0,815.0,3.0,787.0,226.0,10.0,1401.0,-1234.0,-156.0,11.0,167.0,,,,,,,,,,,1083,1003.0,
SHREECEM,2015,6.81,21.47,8.07,0.17,11.95,0.78,6259.0,4916.0,1344.0,21.47,102.0,121.0,925.0,401.0,-6.0,426.0,122.0,20.0,1239.0,-990.0,-259.0,-10.0,249.0,,,,,,,,,,,1084,1004.0,
SHREECEM,2016,20.73,25.52,,0.13,,,5514.0,4107.0,1407.0,25.52,673.0,76.0,828.0,1176.0,3.0,1143.0,328.0,7.0,1566.0,-1265.0,-271.0,31.0,301.0,,,,,,,,,,,1085,1005.0,
SHREECEM,2017,15.58,29.24,17.39,0.17,22.29,0.77,8594.0,6081.0,2513.0,29.24,362.0,129.0,1215.0,1531.0,13.0,1339.0,384.0,36.0,2202.0,-2048.0,-167.0,-13.0,154.0,,,,,,,,,,,1086,1006.0,
SHREECEM,2018,14.08,25.15,15.56,0.38,21.2,0.65,9833.0,7360.0,2473.0,25.15,389.0,135.0,899.0,1827.0,24.0,1384.0,397.0,13.0,1879.0,-3595.0,1726.0,10.0,-1716.0,,,,,,,12.66,6.63,6.63,,1087,1007.0,
SHREECEM,2019,8.08,22.28,10.5,0.29,11.56,0.81,12555.0,9758.0,2797.0,22.28,69.0,248.0,1472.0,1146.0,11.0,1015.0,289.0,21.0,2080.0,-720.0,-1276.0,84.0,1360.0,1156357.29,1381911.24,35.24,14.91,28.2,3.67,17.05,5.22,5.04,52.11,1088,1008.0,469.0
SHREECEM,2020,12.0,29.31,11.72,0.24,13.86,0.65,12868.0,9098.0,3771.0,29.31,263.0,291.0,1808.0,1934.0,20.0,1544.0,426.0,26.0,3973.0,-5590.0,1581.0,-36.0,-1617.0,1370108.42,1775340.62,67.14,8.03,17.84,3.07,15.51,29.37,28.41,,1089,1009.0,470.0
SHREECEM,2021,17.23,30.17,15.18,0.14,18.0,0.63,13560.0,9468.0,4091.0,30.17,426.0,251.0,1262.0,3004.0,24.0,2337.0,646.0,9.0,4254.0,-2651.0,-1233.0,370.0,1603.0,1568926.09,1806995.31,32.7,6.72,24.53,3.78,19.72,15.38,14.52,39.72,1090,1010.0,471.0
SHREECEM,2022,8.45,24.72,7.27,0.12,16.17,0.63,15010.0,11300.0,3710.0,24.72,544.0,263.0,1146.0,2892.0,19.0,1269.0,352.0,14.0,2668.0,-2143.0,-849.0,-324.0,525.0,1932061.03,1830555.08,25.68,0.89,5.28,1.01,11.8,-1.07,-1.73,27.8,1091,1011.0,472.0
SHREECEM,2023,13.27,16.58,12.71,0.15,13.0,0.68,17852.0,14893.0,2960.0,16.58,459.0,263.0,1661.0,1495.0,15.0,2369.0,664.0,28.0,2569.0,-2405.0,-277.0,-113.0,164.0,2414420.31,3046754.72,36.21,8.67,29.71,4.29,12.67,11.35,10.83,,1092,1012.0,473.0
SHREECEM,2024,8.45,22.02,8.37,0.08,19.83,0.73,20521.0,16003.0,4518.0,22.02,597.0,258.0,1897.0,2959.0,19.0,1733.0,480.0,16.0,3347.0,-1418.0,-1710.0,220.0,1929.0,3154358.33,2911084.5,25.87,1.21,26.58,3.2,10.33,11.29,10.68,7.24,1093,1013.0,474.0
SHRIRAMFIN,2013,20.87,31.09,19.94,4.55,0.71,0.15,7009.0,1738.0,2179.0,31.09,7.0,3092.0,23.0,2163.0,32.0,1463.0,12.0,11.0,-8359.0,-41.0,9060.0,661.0,-8400.0,,,,,,,,,,,1095,1014.0,
SHRIRAMFIN,2014,16.02,23.58,15.96,4.54,0.47,0.16,8476.0,2244.0,1999.0,23.58,4.0,4233.0,33.0,1970.0,31.0,1358.0,11.0,12.0,-4055.0,-112.0,5010.0,843.0,-4167.0,,,,,,,,,,,1096,1015.0,
SHRIRAMFIN,2015,11.2,18.43,11.09,5.04,0.36,0.15,9177.0,2781.0,1691.0,18.43,2.0,4706.0,43.0,1650.0,38.0,1028.0,8.0,22.0,-9611.0,-45.0,7836.0,-1819.0,-9656.0,,,,,,,,,,,1097,1016.0,
SHRIRAMFIN,2016,11.43,17.61,11.64,4.89,0.36,0.15,10359.0,3447.0,1824.0,17.61,3.0,5088.0,38.0,1789.0,34.0,1184.0,9.0,19.0,-5507.0,-36.0,2822.0,-2721.0,-5543.0,,,,,,,,,,,1098,1017.0,
SHRIRAMFIN,2017,11.61,18.09,11.17,4.68,0.38,0.15,10903.0,3712.0,1972.0,18.09,1.0,5219.0,35.0,1938.0,35.0,1266.0,10.0,7.0,-2677.0,-2.0,3017.0,338.0,-2679.0,,,,,,,,,,,1099,1018.0,
SHRIRAMFIN,2018,18.88,28.18,18.62,6.0,0.61,0.14,13502.0,3288.0,3805.0,28.18,127.0,6409.0,37.0,3896.0,35.0,2549.0,20.0,10.0,-13142.0,86.0,13014.0,-42.0,-13056.0,,,,,,,14.01,11.74,10.76,,1100,1019.0,
SHRIRAMFIN,2019,16.58,24.47,16.14,5.51,0.51,0.15,15536.0,4171.0,3801.0,24.47,20.0,7564.0,43.0,3778.0,32.0,2576.0,20.0,11.0,-5535.0,-76.0,5550.0,-62.0,-5611.0,594898.99,643160.23,79.88,0.51,8.83,1.36,12.88,13.66,12.7,,1101,1020.0,475.0
SHRIRAMFIN,2020,15.17,21.53,13.85,5.22,0.43,0.14,16561.0,4683.0,3565.0,21.53,14.0,8313.0,141.0,3439.0,27.0,2512.0,20.0,5.0,-2464.0,-55.0,4579.0,2060.0,-2519.0,513251.36,622540.94,11.8,11.36,6.84,1.14,12.53,19.57,20.11,,1102,1021.0,476.0
SHRIRAMFIN,2021,14.34,19.53,11.51,4.91,0.38,0.13,17422.0,4932.0,3402.0,19.53,14.0,9089.0,137.0,3278.0,24.0,2499.0,18.0,18.0,-4239.0,-25.0,12226.0,7962.0,-4264.0,652156.9,835046.55,37.85,14.56,26.94,1.87,10.96,16.11,14.87,,1103,1022.0,477.0
SHRIRAMFIN,2022,14.13,19.04,10.43,4.4,0.38,0.14,19255.0,5816.0,3666.0,19.04,18.0,9773.0,135.0,3549.0,24.0,2721.0,20.0,20.0,-8859.0,-34.0,8505.0,-388.0,-8893.0,816109.58,830906.79,27.14,10.02,18.67,0.61,12.05,16.54,14.87,,1104,1023.0,478.0
SHRIRAMFIN,2023,19.74,28.86,13.84,3.77,0.68,0.14,30492.0,8706.0,8799.0,28.86,16.0,12987.0,601.0,8214.0,27.0,6020.0,32.0,22.0,-17625.0,5076.0,11820.0,-730.0,-12549.0,721018.22,876135.94,56.67,6.47,36.37,1.85,17.69,18.75,9.86,,1105,1024.0,479.0
SHRIRAMFIN,2024,20.33,28.92,15.12,3.99,0.68,0.15,36388.0,10278.0,10523.0,28.92,25.0,15588.0,588.0,9960.0,26.0,7399.0,39.0,23.0,-31101.0,-258.0,27609.0,-3750.0,-31359.0,868933.47,1098024.4,68.53,7.91,28.82,1.86,18.56,23.49,14.29,,1106,1025.0,480.0
SIEMENS,2011,7.26,9.8,22.75,0.0,56.54,1.18,11955.0,10784.0,1171.0,9.8,299.0,26.0,154.0,1290.0,33.0,868.0,,24.0,3.0,264.0,-196.0,70.0,267.0,,,,,,,,,,,1108,1026.0,
SIEMENS,2014,5.65,1.11,13.78,0.0,35.61,1.04,10678.0,10559.0,119.0,1.11,985.0,31.0,229.0,844.0,28.0,603.0,17.0,35.0,608.0,130.0,-220.0,517.0,738.0,,,,,,,,,,,1109,1027.0,
SIEMENS,2015,11.11,9.45,22.94,0.0,64.7,1.0,10563.0,9565.0,998.0,9.45,943.0,30.0,224.0,1688.0,30.0,1174.0,33.0,30.0,574.0,646.0,-245.0,975.0,1220.0,,,,,,,,,,,1110,1028.0,
SIEMENS,2016,26.89,9.42,42.83,0.0,379.73,0.9,10837.0,9815.0,1021.0,9.42,3156.0,11.0,228.0,3938.0,26.0,2914.0,82.0,41.0,513.0,237.0,-1614.0,-864.0,750.0,,,,,,,-1.94,27.41,,22.94,1111,1029.0,
SIEMENS,2017,10.28,9.54,14.79,0.0,234.25,0.84,11065.0,10008.0,1056.0,9.54,818.0,8.0,198.0,1669.0,32.0,1137.0,32.0,22.0,573.0,1321.0,-285.0,1610.0,1894.0,,,,,,,,,,,1112,1030.0,
SIEMENS,2018,7.04,10.37,10.86,0.0,200.88,0.89,12795.0,11468.0,1327.0,10.37,280.0,8.0,198.0,1402.0,36.0,901.0,25.0,28.0,100.0,-174.0,-305.0,-379.0,-74.0,,,,,,,,,,,1113,1031.0,
SIEMENS,2019,8.4,11.39,12.14,0.0,157.33,0.85,13084.0,11594.0,1490.0,11.39,398.0,12.0,199.0,1678.0,34.0,1099.0,31.0,23.0,1273.0,-1135.0,-312.0,-174.0,138.0,951918.38,1022262.14,23.09,1.05,25.6,3.89,4.15,12.76,12.77,-28.49,1114,1032.0,481.0
SIEMENS,2020,7.73,10.08,8.1,0.0,43.93,0.63,9946.0,8944.0,1003.0,10.08,315.0,30.0,252.0,1036.0,26.0,769.0,22.0,32.0,720.0,871.0,-386.0,1205.0,1591.0,821304.84,803574.42,41.13,10.16,10.99,0.26,-1.2,-8.11,-7.79,5.45,1115,1033.0,482.0
SIEMENS,2021,8.25,11.0,10.52,0.0,73.88,0.73,13198.0,11746.0,1452.0,11.0,321.0,24.0,297.0,1452.0,25.0,1089.0,31.0,26.0,1422.0,-2389.0,-502.0,-1469.0,-967.0,911257.72,1118554.17,10.54,5.57,28.22,0.59,4.02,-17.87,-17.68,,1116,1034.0,483.0
SIEMENS,2022,9.56,11.53,13.29,0.02,65.19,0.8,16138.0,14278.0,1860.0,11.53,487.0,36.0,317.0,1993.0,23.0,1543.0,43.0,23.0,978.0,-34.0,-392.0,552.0,944.0,882073.22,982803.39,76.63,4.67,22.06,1.8,7.84,6.3,6.09,-13.0,1117,1035.0,484.0
SIEMENS,2023,10.03,12.72,14.99,0.01,129.7,0.9,19554.0,17067.0,2487.0,12.72,496.0,23.0,321.0,2640.0,26.0,1962.0,55.0,18.0,1400.0,-759.0,-450.0,191.0,641.0,1145547.03,1063933.61,48.76,12.77,39.58,3.14,8.85,16.84,17.08,,1118,1036.0,485.0
SIEMENS,2024,12.22,13.96,17.7,0.02,67.15,0.88,22240.0,19136.0,3104.0,13.96,925.0,60.0,330.0,3639.0,25.0,2718.0,76.0,16.0,1670.0,-502.0,-523.0,644.0,1168.0,1191331.95,1268446.56,33.32,9.25,30.88,3.69,11.19,19.85,19.64,53.29,1119,1037.0,486.0
SUNPHARMA,2013,31.17,42.98,23.14,0.02,109.16,0.55,11131.0,6346.0,4784.0,42.98,-90.0,43.0,336.0,4315.0,20.0,3469.0,14.0,9.0,3357.0,-2375.0,-665.0,316.0,982.0,,,,,,,,,,,1120,1038.0,
SUNPHARMA,2014,24.12,43.55,20.94,0.14,114.43,0.55,16080.0,9078.0,7003.0,43.55,-1968.0,44.0,409.0,4581.0,15.0,3879.0,15.0,10.0,3959.0,-2176.0,507.0,2290.0,1783.0,,,,,,,,,,,1121,1039.0,
SUNPHARMA,2015,19.99,28.82,21.36,0.35,14.12,0.56,27392.0,19498.0,7894.0,28.82,283.0,579.0,1195.0,6403.0,14.0,5476.0,22.0,14.0,5616.0,-1502.0,-1187.0,2927.0,4114.0,,,,,,,,,,,1122,1040.0,
SUNPHARMA,2016,19.86,28.69,17.15,0.26,15.55,0.51,28487.0,20313.0,8174.0,28.69,-42.0,523.0,1038.0,6571.0,14.0,5658.0,19.0,5.0,6686.0,-3949.0,-1889.0,848.0,2737.0,,,,,,,,,,,1123,1041.0,
SUNPHARMA,2017,24.85,31.99,21.41,0.27,26.78,0.52,31578.0,21476.0,10102.0,31.99,610.0,400.0,1265.0,9048.0,13.0,7846.0,29.0,12.0,7082.0,-4186.0,-2285.0,611.0,2896.0,,,,,,,,,,,1124,1042.0,
SUNPHARMA,2018,9.6,21.26,6.63,0.27,10.61,0.41,26489.0,20858.0,5631.0,21.26,-135.0,518.0,1500.0,3479.0,26.0,2542.0,9.0,23.0,3907.0,-3104.0,-1539.0,-736.0,803.0,,,,,,,18.93,-6.03,-8.46,-3.94,1125,1043.0,
SUNPHARMA,2019,11.04,21.94,7.75,0.25,11.03,0.45,29066.0,22689.0,6377.0,21.94,-258.0,555.0,1753.0,3810.0,16.0,3208.0,11.0,25.0,2196.0,-310.0,-2731.0,-844.0,1886.0,758612.89,960774.91,74.3,10.71,27.29,2.39,12.57,-3.73,-6.01,1.13,1126,1044.0,487.0
SUNPHARMA,2020,12.7,21.26,9.22,0.18,24.31,0.48,32838.0,25855.0,6983.0,21.26,382.0,303.0,2053.0,5010.0,16.0,4172.0,16.0,25.0,6555.0,-2225.0,-5715.0,-1386.0,4330.0,714309.02,678202.02,42.97,2.81,25.19,2.91,3.69,-5.29,-6.17,1.03,1127,1045.0,488.0
SUNPHARMA,2021,6.78,25.29,4.89,0.08,35.61,0.5,33498.0,25028.0,8470.0,25.29,-3449.0,141.0,2080.0,2799.0,18.0,2272.0,12.0,62.0,6170.0,407.0,-5980.0,596.0,6577.0,794888.64,726981.85,12.16,2.14,10.38,4.45,3.29,-16.68,-8.78,19.17,1128,1046.0,489.0
SUNPHARMA,2022,8.77,26.54,7.06,0.03,53.17,0.55,38654.0,28397.0,10258.0,26.54,-3505.0,127.0,2144.0,4481.0,24.0,3389.0,14.0,73.0,8985.0,-5556.0,-5193.0,-1765.0,3429.0,812572.94,826215.51,11.76,9.71,27.83,0.79,4.13,-15.46,-13.55,3.44,1129,1047.0,490.0
SUNPHARMA,2023,19.4,26.55,15.2,0.12,70.4,0.54,43886.0,32235.0,11650.0,26.55,459.0,172.0,2529.0,9408.0,9.0,8513.0,35.0,33.0,4959.0,-7220.0,2376.0,115.0,-2261.0,1064162.39,1298488.21,24.58,7.54,21.04,1.57,10.62,27.34,31.21,,1130,1048.0,491.0
SUNPHARMA,2024,19.82,26.84,15.09,0.05,58.33,0.57,48497.0,35479.0,13018.0,26.84,865.0,238.0,2557.0,11088.0,13.0,9610.0,40.0,34.0,12135.0,-763.0,-6710.0,4662.0,11372.0,1339586.09,1264175.16,37.9,6.71,21.41,3.88,10.78,24.54,29.46,43.24,1131,1049.0,492.0
TATACONSUM,2013,6.05,10.47,9.25,0.29,9.83,0.84,7351.0,6581.0,770.0,10.47,56.0,84.0,105.0,637.0,26.0,445.0,6.0,36.0,173.0,24.0,186.0,383.0,197.0,,,,,,,,,,,1133,1050.0,
TATACONSUM,2014,6.59,9.72,8.72,0.25,10.6,0.78,7738.0,6986.0,752.0,9.72,170.0,87.0,129.0,707.0,26.0,510.0,7.0,29.0,422.0,-1.0,-363.0,57.0,421.0,,,,,,,,,,,1134,1051.0,
TATACONSUM,2015,3.42,9.91,4.97,0.24,8.72,0.85,7993.0,7201.0,792.0,9.91,-77.0,82.0,133.0,500.0,43.0,273.0,4.0,6.0,418.0,-207.0,-392.0,-182.0,211.0,,,,,,,,,,,1135,1052.0,
TATACONSUM,2016,-0.56,5.51,-0.59,0.22,3.45,0.67,6637.0,6271.0,366.0,5.51,38.0,117.0,117.0,170.0,99.0,-37.0,0.0,-999.0,116.0,145.0,-282.0,-21.0,261.0,,,,,,,,,,,1136,1053.0,
TATACONSUM,2017,6.71,11.67,7.26,0.13,20.44,0.71,6780.0,5988.0,791.0,11.67,88.0,43.0,126.0,662.0,30.0,455.0,6.0,38.0,741.0,145.0,-816.0,70.0,886.0,,,,,,,,,,,1137,1054.0,
TATACONSUM,2018,8.16,12.31,7.91,0.15,17.54,0.65,6815.0,5976.0,839.0,12.31,73.0,52.0,116.0,753.0,25.0,556.0,8.0,30.0,356.0,-31.0,-30.0,294.0,325.0,,,,,,,-1.5,4.55,5.92,10.53,1138,1055.0,
TATACONSUM,2019,6.3,10.84,6.23,0.16,11.67,0.67,7252.0,6466.0,786.0,10.84,124.0,78.0,123.0,735.0,36.0,457.0,6.0,39.0,210.0,53.0,-224.0,39.0,263.0,298527.54,342447.92,20.52,1.59,19.93,0.99,-1.29,-2.17,-3.04,-8.98,1139,1056.0,493.0
TATACONSUM,2020,4.77,13.41,3.33,0.11,16.36,0.52,9637.0,8345.0,1292.0,13.41,-163.0,69.0,242.0,809.0,34.0,460.0,5.0,54.0,1082.0,-622.0,-308.0,152.0,460.0,307664.97,308860.07,14.67,8.63,5.95,4.35,3.81,11.0,4.56,16.87,1140,1057.0,494.0
TATACONSUM,2021,8.02,13.31,6.4,0.11,22.4,0.57,11602.0,10058.0,1544.0,13.31,91.0,73.0,255.0,1311.0,24.0,930.0,9.0,44.0,1656.0,-346.0,-426.0,884.0,1310.0,314022.94,369938.81,66.35,4.55,31.21,3.75,11.82,,,38.08,1141,1058.0,495.0
TATACONSUM,2022,8.17,13.84,6.7,0.09,20.77,0.59,12425.0,10707.0,1719.0,13.84,88.0,87.0,278.0,1456.0,26.0,1015.0,10.0,60.0,1516.0,-1317.0,-995.0,-796.0,199.0,304809.07,395336.72,9.49,3.65,32.3,0.87,12.88,17.41,10.76,-25.82,1142,1059.0,496.0
TATACONSUM,2023,9.58,13.47,8.11,0.1,16.8,0.61,13783.0,11927.0,1856.0,13.47,328.0,130.0,304.0,1794.0,25.0,1320.0,12.0,65.0,1461.0,-834.0,-714.0,-87.0,627.0,365505.69,454035.61,77.06,7.38,38.99,1.85,15.13,18.88,8.45,14.05,1143,1060.0,497.0
TATACONSUM,2024,7.99,15.02,7.57,0.22,25.32,0.55,15206.0,12922.0,2284.0,15.02,-81.0,87.0,377.0,1696.0,23.0,1215.0,12.0,64.0,1937.0,-1911.0,256.0,281.0,26.0,350543.35,387549.77,54.79,7.14,24.84,1.87,15.96,21.6,14.87,-37.05,1144,1061.0,498.0
TATAMOTORS,2013,5.28,13.03,26.51,1.43,6.97,1.12,188793.0,164197.0,24596.0,13.03,213.0,3560.0,7601.0,13647.0,28.0,9976.0,35.0,6.0,22163.0,-22969.0,-1692.0,-2499.0,-806.0,,,,,,,,,,,1146,1062.0,
TATAMOTORS,2014,6.03,14.97,21.42,0.92,7.31,1.07,232834.0,197980.0,34853.0,14.97,-157.0,4749.0,11078.0,18869.0,25.0,14050.0,48.0,5.0,36151.0,-27991.0,-3883.0,4277.0,8160.0,,,,,,,,,,,1147,1063.0,
TATAMOTORS,2015,5.35,14.91,25.01,1.31,8.22,1.11,263159.0,223920.0,39239.0,14.91,714.0,4861.0,13389.0,21703.0,35.0,14073.0,48.0,0.0,35531.0,-36232.0,5201.0,4500.0,-701.0,,,,,,,,,,,1148,1064.0,
TATAMOTORS,2016,4.28,14.06,14.79,0.88,7.31,1.04,273046.0,234650.0,38395.0,14.06,-2670.0,4889.0,16711.0,14126.0,21.0,11678.0,40.0,1.0,37900.0,-36694.0,-3795.0,-2589.0,1206.0,,,,,,,,,,,1149,1065.0,
TATAMOTORS,2017,2.8,10.97,13.02,1.35,7.42,0.99,269693.0,240104.0,29589.0,10.97,1869.0,4238.0,17905.0,9315.0,35.0,7557.0,26.0,0.0,30199.0,-39571.0,6205.0,-3167.0,-9372.0,,,,,,,,,,,1150,1066.0,
TATAMOTORS,2018,3.12,10.79,9.53,0.93,7.99,0.89,291550.0,260093.0,31458.0,10.79,5933.0,4682.0,21554.0,11155.0,39.0,9091.0,31.0,0.0,23857.0,-25139.0,2012.0,730.0,-1282.0,,,,,,,9.08,-1.84,-2.4,,1151,1067.0,
TATAMOTORS,2019,-9.51,8.17,-47.73,1.76,-0.35,0.99,301938.0,277274.0,24664.0,8.17,-26686.0,5759.0,23591.0,-31371.0,-8.0,-28724.0,-100.0,0.0,18891.0,-20878.0,8830.0,6843.0,-1987.0,1047137.5,1151780.53,26.23,11.5,16.82,3.67,5.34,,,,1152,1068.0,499.0
TATAMOTORS,2020,-4.59,6.89,-18.98,1.98,2.5,0.82,261068.0,243081.0,17987.0,6.89,102.0,7243.0,21425.0,-10580.0,4.0,-11975.0,-39.0,0.0,26633.0,-33115.0,3390.0,-3092.0,-6482.0,919827.57,950063.39,14.79,1.74,28.04,1.73,-0.16,,,,1153,1069.0,500.0
TATAMOTORS,2021,-5.36,12.93,-24.25,2.57,2.61,0.73,249795.0,217507.0,32287.0,12.93,-11118.0,8097.0,23547.0,-10474.0,24.0,-13395.0,-41.0,0.0,29001.0,-25672.0,9904.0,13232.0,3329.0,1182658.61,1308685.14,29.26,10.95,26.84,3.6,-1.76,,,22.52,1154,1070.0,501.0
TATAMOTORS,2022,-4.06,8.88,-25.38,3.29,2.91,0.85,278454.0,253734.0,24720.0,8.88,2424.0,9312.0,24836.0,-7003.0,60.0,-11309.0,-34.0,0.0,14283.0,-4444.0,-3380.0,6459.0,9839.0,1385832.42,1339830.23,56.26,6.18,21.21,4.15,0.64,,,,1155,1071.0,502.0
TATAMOTORS,2023,0.78,9.2,5.94,2.96,3.76,1.03,345967.0,314151.0,31816.0,9.2,6664.0,10225.0,24860.0,3394.0,21.0,2690.0,7.0,32.0,35388.0,-15417.0,-26243.0,-6272.0,19971.0,1427382.48,1634044.14,34.17,1.87,20.87,2.69,3.48,-21.62,-25.74,,1156,1072.0,503.0
TATAMOTORS,2024,7.26,13.6,37.46,1.26,6.53,1.19,437928.0,378389.0,59538.0,13.6,5673.0,9986.0,27270.0,27955.0,-14.0,31807.0,94.0,7.0,67915.0,-22782.0,-37006.0,8128.0,45133.0,1504106.64,1588737.42,67.07,0.93,15.35,3.65,7.72,,,,1157,1073.0,504.0
TATAPOWER,2013,0.37,16.86,1.0,3.07,2.26,0.49,33177.0,27583.0,5595.0,16.86,375.0,2642.0,2052.0,1277.0,92.0,123.0,0.0,-319.0,3286.0,-4026.0,-593.0,-1333.0,-740.0,,,,,,,,,,,1159,1074.0,
TATAPOWER,2014,0.03,19.36,0.1,3.24,2.08,0.5,35726.0,28810.0,6916.0,19.36,229.0,3440.0,2730.0,975.0,99.0,12.0,-1.0,-114.0,6483.0,-3609.0,-3265.0,-392.0,2874.0,,,,,,,,,,,1160,1075.0,
TATAPOWER,2015,1.36,18.76,3.19,2.84,1.99,0.45,33593.0,27292.0,6301.0,18.76,1056.0,3699.0,2174.0,1484.0,72.0,457.0,1.0,210.0,5981.0,-3865.0,-2239.0,-123.0,2116.0,,,,,,,,,,,1161,1076.0,
TATAPOWER,2016,2.66,7.14,6.76,3.34,1.91,0.42,29494.0,27389.0,2105.0,7.14,4060.0,3236.0,1649.0,1281.0,53.0,786.0,2.0,53.0,7415.0,-1805.0,-6183.0,-574.0,5610.0,,,,,,,,,,,1162,1077.0,
TATAPOWER,2017,3.99,19.84,8.32,3.69,2.01,0.33,27588.0,22114.0,5473.0,19.84,1297.0,3365.0,1956.0,1450.0,24.0,1100.0,3.0,39.0,7014.0,-7373.0,937.0,579.0,-359.0,,,,,,,,,,,1163,1078.0,
TATAPOWER,2018,9.73,8.55,15.92,2.96,2.36,0.33,26840.0,24545.0,2295.0,8.55,6586.0,3761.0,2346.0,2773.0,6.0,2611.0,9.0,15.0,6364.0,-1512.0,-4726.0,126.0,4852.0,,,,,,,-4.15,84.24,,,1164,1079.0,
TATAPOWER,2019,8.72,10.27,14.24,2.65,2.46,0.36,29881.0,26811.0,3070.0,10.27,7186.0,4170.0,2393.0,3693.0,29.0,2606.0,9.0,15.0,4574.0,-272.0,-5184.0,-883.0,4302.0,1458746.25,1831481.73,22.32,3.71,34.62,4.06,-3.51,193.33,,8.4,1165,1080.0,505.0
TATAPOWER,2020,4.52,23.36,6.73,2.65,2.02,0.32,29136.0,22331.0,6805.0,23.36,2280.0,4494.0,2634.0,1958.0,33.0,1316.0,4.0,41.0,7375.0,-493.0,-5110.0,1773.0,6882.0,1402442.85,1295478.08,14.5,4.29,31.65,2.29,-2.81,23.56,31.95,26.6,1166,1081.0,506.0
TATAPOWER,2021,4.4,21.16,6.45,2.09,2.17,0.33,32703.0,25782.0,6921.0,21.16,1775.0,4010.0,2745.0,1941.0,26.0,1439.0,4.0,44.0,8345.0,993.0,-7603.0,1736.0,9338.0,1511545.08,1713572.11,72.1,1.81,29.32,4.17,2.09,12.86,14.87,10.73,1167,1082.0,507.0
TATAPOWER,2022,5.04,16.42,9.61,2.28,2.47,0.38,42816.0,35785.0,7031.0,16.42,2486.0,3859.0,3122.0,2535.0,15.0,2156.0,5.0,32.0,6693.0,-6250.0,-1183.0,-741.0,443.0,1446057.42,1786038.43,58.26,0.71,13.11,2.73,9.19,14.41,10.76,,1168,1083.0,508.0
TATAPOWER,2023,6.91,14.02,13.23,1.84,3.03,0.43,55109.0,47381.0,7728.0,14.02,5540.0,4372.0,3439.0,5457.0,30.0,3810.0,10.0,19.0,7166.0,-7263.0,1341.0,1243.0,-97.0,1592398.68,1769432.81,24.7,10.29,14.32,1.75,15.48,7.85,2.13,,1169,1084.0,509.0
TATAPOWER,2024,6.97,17.47,13.23,1.66,3.05,0.44,61449.0,50714.0,10735.0,17.47,3416.0,4633.0,3786.0,5732.0,25.0,4280.0,12.0,17.0,12596.0,-9027.0,-4497.0,-928.0,3569.0,1647269.48,1925345.06,14.5,3.48,12.02,0.49,15.51,10.43,5.92,-3.67,1170,1085.0,510.0
TATASTEEL,2013,-5.4,2.94,-21.28,2.01,1.36,0.92,134712.0,130746.0,3965.0,2.94,1445.0,3968.0,5575.0,-4133.0,78.0,-7272.0,-6.0,-11.0,14035.0,-13099.0,-1780.0,-844.0,936.0,,,,,,,,,,,1172,1086.0,
TATASTEEL,2014,2.47,10.89,9.04,2.01,3.9,0.87,148614.0,132430.0,16184.0,10.89,716.0,4337.0,5841.0,6722.0,45.0,3665.0,3.0,27.0,13146.0,-15378.0,1015.0,-1218.0,-2232.0,,,,,,,,,,,1173,1087.0,
TATASTEEL,2015,-2.82,2.44,-12.56,2.57,1.94,0.88,139504.0,136095.0,3409.0,2.44,5994.0,4848.0,5944.0,-1388.0,99.0,-3939.0,-3.0,-20.0,11880.0,-9021.0,-2617.0,241.0,2859.0,,,,,,,,,,,1174,1088.0,
TATASTEEL,2016,-0.49,-0.61,-1.14,1.87,2.3,0.58,101965.0,102590.0,-625.0,-0.61,10346.0,4221.0,5306.0,193.0,99.0,-497.0,0.0,-203.0,11455.0,-8794.0,-4729.0,-2068.0,2661.0,,,,,,,,,,,1175,1089.0,
TATASTEEL,2017,-3.71,11.7,-11.02,2.2,1.84,0.65,112299.0,99156.0,13144.0,11.7,-3789.0,5072.0,5673.0,-1391.0,99.0,-4169.0,-4.0,-23.0,10824.0,-9490.0,-2579.0,-1245.0,1334.0,,,,,,,,,,,1176,1090.0,
TATASTEEL,2018,14.4,17.39,29.15,1.51,5.93,0.59,123249.0,101816.0,21433.0,17.39,10898.0,5455.0,5742.0,21135.0,16.0,17743.0,12.0,9.0,8023.0,-11730.0,6640.0,2933.0,-3707.0,,,,,,,-1.76,,,,1177,1091.0,
TATASTEEL,2019,5.79,18.59,13.23,1.46,4.03,0.68,157669.0,128351.0,29318.0,18.59,1524.0,7660.0,7342.0,15841.0,42.0,9122.0,9.0,15.0,25336.0,-29176.0,-673.0,-4513.0,-3840.0,363770.91,433930.41,55.54,7.39,6.84,4.32,1.19,20.01,24.57,,1178,1092.0,511.0
TATASTEEL,2020,0.84,12.49,1.6,1.58,1.94,0.56,139817.0,122354.0,17463.0,12.49,-2884.0,7533.0,8441.0,-1395.0,-99.0,1174.0,1.0,74.0,20169.0,-14012.0,-1695.0,4462.0,6157.0,339775.94,396643.74,73.73,10.62,12.63,1.42,0.04,,,16.58,1179,1093.0,512.0
TATASTEEL,2021,5.24,19.52,11.03,1.19,4.03,0.64,156294.0,125790.0,30504.0,19.52,180.0,7607.0,9234.0,13844.0,41.0,8190.0,6.0,40.0,44327.0,-9437.0,-37090.0,-2200.0,34890.0,293941.16,336592.99,52.14,11.02,5.38,3.68,8.92,,,67.31,1180,1094.0,513.0
TATASTEEL,2022,17.11,26.02,36.48,0.66,11.86,0.86,243959.0,180469.0,63490.0,26.02,1300.0,5462.0,9101.0,50227.0,17.0,41749.0,33.0,16.0,44381.0,-10905.0,-23401.0,10075.0,33476.0,358418.76,342775.45,33.03,9.76,22.35,0.52,16.79,,,90.51,1181,1095.0,514.0
TATASTEEL,2023,3.32,13.27,7.83,0.82,5.38,0.85,243353.0,211053.0,32300.0,13.27,1569.0,6299.0,9335.0,18235.0,56.0,8075.0,7.0,50.0,21683.0,-18179.0,-6981.0,-3477.0,3504.0,320309.06,388401.17,19.23,3.0,34.08,2.75,14.58,-14.57,-10.22,,1182,1096.0,515.0
TATASTEEL,2024,-2.14,9.71,-5.33,0.95,2.16,0.85,229171.0,206923.0,22248.0,9.71,-6005.0,7508.0,9882.0,-1147.0,99.0,-4910.0,-4.0,-101.0,20301.0,-14253.0,-11097.0,-5049.0,6048.0,369110.65,402972.23,48.97,9.23,38.87,1.0,7.77,,,,1183,1097.0,516.0
TCS,2013,22.35,28.64,36.52,0.01,400.38,1.21,62989.0,44950.0,18040.0,28.64,1178.0,48.0,1080.0,18090.0,22.0,14076.0,36.0,31.0,11615.0,-6038.0,-5729.0,-152.0,5577.0,,,,,,,,,,,1185,1098.0,
TCS,2014,23.63,30.75,39.3,0.01,686.92,1.22,81809.0,56657.0,25153.0,30.75,1637.0,39.0,1349.0,25402.0,24.0,19332.0,49.0,33.0,14751.0,-9452.0,-5673.0,-374.0,5299.0,,,,,,,,,,,1186,1099.0,
TCS,2015,21.19,25.87,39.62,0.01,271.17,1.29,94648.0,70167.0,24482.0,25.87,3720.0,104.0,1799.0,26298.0,24.0,20060.0,51.0,78.0,19369.0,-1807.0,-17168.0,394.0,17562.0,,,,,,,,,,,1187,1100.0,
TCS,2016,22.4,28.24,34.24,0.0,1023.06,1.23,108646.0,77969.0,30677.0,28.24,3084.0,33.0,1888.0,31840.0,24.0,24338.0,62.0,35.0,19109.0,-5010.0,-9666.0,4433.0,14099.0,,,,,,,,,,,1188,1101.0,
TCS,2017,22.34,27.39,30.57,0.0,1141.62,1.15,117966.0,85655.0,32311.0,27.39,4221.0,32.0,1987.0,34513.0,24.0,26357.0,67.0,35.0,25223.0,-16895.0,-11026.0,-2698.0,8328.0,,,,,,,,,,,1189,1102.0,
TCS,2018,21.02,26.41,30.4,0.0,695.35,1.17,123104.0,90588.0,32516.0,26.41,3642.0,52.0,2014.0,34092.0,24.0,25880.0,67.0,37.0,25067.0,3104.0,-26885.0,1286.0,28171.0,,,,,,,14.34,12.95,13.23,38.25,1190,1103.0,
TCS,2019,21.55,26.97,35.29,0.0,221.3,1.29,146463.0,106957.0,39506.0,26.97,4311.0,198.0,2056.0,41563.0,24.0,31562.0,84.0,36.0,28593.0,1645.0,-27897.0,2341.0,30238.0,286225.25,332959.97,47.53,2.11,17.76,0.8,12.35,10.3,11.38,41.67,1191,1104.0,517.0
TCS,2020,20.67,26.83,38.57,0.1,50.54,1.31,156949.0,114840.0,42109.0,26.83,4592.0,924.0,3529.0,42248.0,23.0,32447.0,86.0,85.0,32369.0,8968.0,-39915.0,1422.0,41337.0,290730.69,372282.29,57.2,0.61,13.84,0.05,10.64,10.1,11.02,18.67,1192,1105.0,518.0
TCS,2021,19.83,28.35,37.67,0.09,76.08,1.26,164177.0,117631.0,46546.0,28.35,1916.0,637.0,4065.0,43760.0,26.0,32562.0,88.0,43.0,38802.0,-7956.0,-32634.0,-1788.0,30846.0,351038.19,381848.36,79.57,11.14,23.13,3.62,8.61,5.99,7.26,16.95,1193,1106.0,519.0
TCS,2022,20.05,27.67,43.13,0.09,72.8,1.36,191754.0,138697.0,53057.0,27.67,4018.0,784.0,4604.0,51687.0,26.0,38449.0,105.0,41.0,39949.0,-738.0,-33581.0,5630.0,39211.0,422088.96,421038.16,46.18,8.56,20.79,0.81,10.2,7.84,9.4,36.32,1194,1107.0,520.0
TCS,2023,18.76,26.28,46.78,0.09,80.5,1.58,225458.0,166199.0,59259.0,26.28,3449.0,779.0,5022.0,56907.0,26.0,42303.0,115.0,100.0,41965.0,548.0,-47878.0,-5365.0,42513.0,405916.42,410957.48,8.74,13.8,29.01,3.1,12.86,10.33,11.41,8.58,1195,1108.0,521.0
TCS,2024,19.14,26.69,50.94,0.09,87.1,1.66,240893.0,176597.0,64296.0,26.69,3464.0,778.0,4985.0,61997.0,26.0,46099.0,127.0,58.0,44338.0,6091.0,-48536.0,1893.0,50429.0,461188.15,542230.13,78.69,6.08,29.94,1.62,10.46,7.87,8.62,10.77,1196,1109.0,522.0
TECHM,2013,19.02,20.69,24.09,0.25,12.44,0.77,6873.0,5451.0,1422.0,20.69,-141.0,103.0,200.0,978.0,24.0,1307.0,25.0,5.0,855.0,-622.0,65.0,298.0,233.0,,,,,,,,,,,1198,1110.0,
TECHM,2014,16.29,22.19,33.35,0.04,55.2,1.18,18802.0,14630.0,4172.0,22.19,244.0,80.0,522.0,3815.0,20.0,3062.0,32.0,15.0,1596.0,291.0,-972.0,915.0,1887.0,,,,,,,,,,,1199,1111.0,
TECHM,2015,11.75,18.54,21.71,0.06,62.3,1.14,22621.0,18428.0,4193.0,18.54,106.0,69.0,611.0,3618.0,27.0,2659.0,27.0,22.0,2448.0,-1865.0,-829.0,-246.0,583.0,,,,,,,,,,,1200,1112.0,
TECHM,2016,11.43,16.08,20.75,0.07,48.59,1.18,26494.0,22234.0,4260.0,16.08,453.0,97.0,759.0,3857.0,22.0,3027.0,31.0,35.0,3137.0,-1453.0,-496.0,1188.0,1684.0,,,,,,,,,,,1201,1113.0,
TECHM,2017,9.78,14.36,17.35,0.08,38.44,1.12,29141.0,24956.0,4184.0,14.36,775.0,129.0,978.0,3853.0,26.0,2851.0,29.0,28.0,4071.0,-2893.0,-1571.0,-392.0,1178.0,,,,,,,,,,,1202,1114.0,
TECHM,2018,12.3,15.31,20.09,0.13,37.82,1.01,30773.0,26063.0,4710.0,15.31,1417.0,162.0,1085.0,4879.0,22.0,3786.0,39.0,33.0,3554.0,-3319.0,-269.0,-35.0,235.0,,,,,,,34.96,23.7,9.3,0.17,1203,1115.0,
TECHM,2019,12.35,18.05,21.14,0.1,51.17,1.04,34742.0,28471.0,6271.0,18.05,534.0,133.0,1129.0,5543.0,23.0,4289.0,44.0,29.0,4432.0,-2104.0,-2251.0,77.0,2328.0,1639903.22,2067764.75,8.39,4.82,9.69,2.04,13.07,6.97,6.58,4.29,1204,1116.0,523.0
TECHM,2020,10.57,14.93,17.87,0.17,34.87,0.99,36868.0,31365.0,5503.0,14.93,1192.0,192.0,1446.0,5058.0,23.0,3897.0,42.0,32.0,4358.0,1081.0,-4466.0,974.0,5439.0,1800162.47,1804413.77,60.09,4.41,34.89,0.8,10.26,7.94,9.24,56.3,1205,1117.0,524.0
TECHM,2021,11.5,17.95,17.51,0.12,43.59,0.96,37855.0,31059.0,6796.0,17.95,788.0,174.0,1458.0,5953.0,27.0,4353.0,46.0,89.0,8094.0,-5433.0,-2987.0,-326.0,2661.0,1860679.7,2137725.8,51.58,1.63,34.62,2.69,7.4,7.54,8.21,9.58,1206,1118.0,525.0
TECHM,2022,12.61,17.96,20.94,0.1,56.04,1.01,44646.0,36626.0,8020.0,17.96,1115.0,163.0,1520.0,7452.0,24.0,5630.0,57.0,47.0,5285.0,480.0,-4667.0,1098.0,5765.0,2390842.75,2981510.56,47.31,13.71,34.69,4.31,8.91,14.58,14.47,37.38,1207,1119.0,526.0
TECHM,2023,9.11,14.57,17.39,0.1,26.77,1.16,53290.0,45527.0,7763.0,14.57,965.0,326.0,1957.0,6446.0,25.0,4857.0,50.0,91.0,5572.0,-226.0,-5078.0,267.0,5346.0,3048920.3,3745542.3,41.79,3.57,36.87,3.25,11.61,5.11,5.09,86.81,1208,1120.0,527.0
TECHM,2024,4.61,8.67,8.99,0.1,13.86,1.21,51996.0,47489.0,4506.0,8.67,927.0,392.0,1817.0,3224.0,26.0,2397.0,24.0,150.0,6376.0,-1318.0,-4767.0,291.0,5058.0,3021095.64,3131058.36,57.4,7.43,7.85,0.64,8.4,-10.99,-11.42,16.79,1209,1121.0,528.0
TITAN,2013,7.16,10.02,36.8,0.0,21.82,1.72,10123.0,9109.0,1014.0,10.02,99.0,51.0,56.0,1006.0,28.0,725.0,8.0,26.0,553.0,-142.0,-236.0,176.0,411.0,,,,,,,,,,,1211,1122.0,
TITAN,2014,6.73,9.58,29.13,0.32,13.38,1.79,10927.0,9880.0,1047.0,9.58,117.0,87.0,68.0,1010.0,27.0,735.0,8.0,25.0,-555.0,-271.0,497.0,-329.0,-826.0,,,,,,,,,,,1212,1123.0,
TITAN,2015,6.85,9.68,26.46,0.03,15.06,2.03,11913.0,10761.0,1153.0,9.68,67.0,81.0,90.0,1049.0,22.0,816.0,9.0,25.0,503.0,-118.0,-1005.0,-620.0,385.0,,,,,,,,,,,1213,1124.0,
TITAN,2016,5.99,8.33,19.25,0.03,24.0,1.78,11276.0,10337.0,939.0,8.33,69.0,42.0,98.0,868.0,22.0,675.0,8.0,29.0,576.0,-159.0,-505.0,-88.0,417.0,,,,,,,,,,,1214,1125.0,
TITAN,2017,5.26,8.78,16.47,0.44,29.53,1.58,13261.0,12097.0,1164.0,8.78,-42.0,38.0,111.0,973.0,28.0,697.0,8.0,32.0,1712.0,-953.0,-166.0,594.0,759.0,,,,,,,,,,,1215,1126.0,
TITAN,2018,6.84,10.2,21.65,0.33,32.34,1.69,16120.0,14476.0,1644.0,10.2,70.0,53.0,131.0,1530.0,28.0,1102.0,13.0,29.0,-51.0,98.0,-252.0,-206.0,47.0,,,,,,,9.75,8.73,10.2,-35.19,1216,1127.0,
TITAN,2019,7.02,10.08,22.88,0.39,40.98,1.69,19779.0,17785.0,1994.0,10.08,178.0,53.0,163.0,1957.0,29.0,1389.0,16.0,32.0,1243.0,-797.0,-489.0,-43.0,446.0,1135740.07,1252789.18,63.2,11.39,10.85,0.44,12.6,13.58,14.87,,1217,1128.0,529.0
TITAN,2020,7.09,11.7,22.39,0.53,15.76,1.55,21052.0,18589.0,2463.0,11.7,153.0,166.0,348.0,2102.0,29.0,1493.0,17.0,24.0,-348.0,235.0,-242.0,-355.0,-113.0,1301076.74,1556937.57,18.73,5.89,35.46,4.25,12.06,12.84,13.56,,1218,1129.0,530.0
TITAN,2021,4.5,7.97,12.99,0.75,9.38,1.32,21644.0,19919.0,1725.0,7.97,180.0,203.0,375.0,1327.0,27.0,974.0,11.0,37.0,4139.0,-2799.0,-1234.0,106.0,1340.0,1401305.03,1305744.95,26.55,3.88,13.36,2.22,13.93,7.61,6.58,26.3,1219,1130.0,531.0
TITAN,2022,7.63,11.61,23.63,0.78,16.15,1.36,28799.0,25455.0,3344.0,11.61,177.0,218.0,399.0,2904.0,24.0,2198.0,24.0,31.0,-724.0,1165.0,-403.0,38.0,441.0,1599747.79,1518166.79,72.03,9.49,25.9,4.44,16.78,25.82,24.57,-10.29,1220,1131.0,532.0
TITAN,2023,8.07,12.03,27.63,0.79,17.29,1.5,40575.0,35693.0,4882.0,12.03,306.0,300.0,441.0,4447.0,26.0,3274.0,37.0,27.0,1370.0,-1814.0,457.0,13.0,-444.0,1862221.59,2367970.55,28.61,3.98,23.08,2.29,20.28,24.33,23.27,,1221,1132.0,533.0
TITAN,2024,6.84,10.36,37.22,1.65,9.41,1.62,51084.0,45792.0,5292.0,10.36,534.0,619.0,584.0,4623.0,24.0,3496.0,39.0,28.0,1695.0,-189.0,-1329.0,177.0,1506.0,1793769.72,2116401.21,10.13,10.51,21.0,3.1,20.9,20.27,19.51,27.56,1222,1133.0,534.0
TORNTPHARM,2013,13.58,21.76,30.59,0.49,20.53,0.85,3203.0,2506.0,697.0,21.76,1.0,34.0,83.0,582.0,25.0,435.0,13.0,45.0,153.0,-247.0,20.0,-73.0,-94.0,,,,,,,,,,,1224,1134.0,
TORNTPHARM,2014,15.92,22.89,34.89,0.59,16.76,0.83,4172.0,3216.0,955.0,22.89,34.0,59.0,87.0,844.0,21.0,664.0,20.0,25.0,599.0,-418.0,86.0,268.0,181.0,,,,,,,,,,,1225,1135.0,
TORNTPHARM,2015,16.2,22.0,30.15,1.1,7.46,0.59,4636.0,3616.0,1020.0,22.0,286.0,175.0,191.0,940.0,20.0,751.0,22.0,25.0,810.0,-2113.0,1212.0,-90.0,-1303.0,,,,,,,,,,,1226,1136.0,
TORNTPHARM,2016,25.92,40.87,49.6,0.67,15.03,0.75,6687.0,3954.0,2733.0,40.87,32.0,184.0,238.0,2343.0,26.0,1733.0,51.0,34.0,2742.0,-869.0,-1435.0,437.0,1873.0,,,,,,,,,,,1227,1137.0,
TORNTPHARM,2017,16.06,23.68,21.47,0.58,7.77,0.61,5816.0,4438.0,1377.0,23.68,223.0,206.0,307.0,1088.0,14.0,934.0,28.0,25.0,1009.0,-798.0,-193.0,18.0,211.0,,,,,,,,,,,1228,1138.0,
TORNTPHARM,2018,11.39,22.67,14.67,1.4,5.35,0.42,5950.0,4601.0,1349.0,22.67,299.0,308.0,409.0,931.0,27.0,678.0,20.0,35.0,894.0,-4677.0,3417.0,-366.0,-3783.0,,,,,,,13.19,9.28,9.0,,1229,1139.0,
TORNTPHARM,2019,5.68,25.84,9.23,1.28,3.34,0.54,7673.0,5690.0,1983.0,25.84,-300.0,504.0,618.0,562.0,22.0,436.0,13.0,66.0,1798.0,-246.0,-1314.0,238.0,1552.0,961478.14,994047.23,78.75,1.44,28.93,2.04,12.96,-8.07,-8.25,53.69,1230,1140.0,535.0
TORNTPHARM,2020,12.91,27.33,21.25,1.2,5.08,0.57,7939.0,5769.0,2170.0,27.33,121.0,451.0,654.0,1187.0,14.0,1025.0,30.0,53.0,1393.0,229.0,-1549.0,73.0,1622.0,1212490.1,1474201.75,65.62,1.87,33.78,0.96,11.36,6.42,6.4,,1231,1141.0,536.0
TORNTPHARM,2021,15.64,30.98,21.45,0.83,7.19,0.57,8005.0,5524.0,2480.0,30.98,57.0,353.0,658.0,1526.0,18.0,1252.0,37.0,47.0,2005.0,-444.0,-1651.0,-89.0,1561.0,1046185.12,1032684.61,42.51,11.26,12.65,0.51,3.66,-6.3,-6.22,-3.58,1232,1142.0,537.0
TORNTPHARM,2022,9.13,28.57,13.05,0.68,8.4,0.66,8508.0,6077.0,2431.0,28.57,-288.0,255.0,662.0,1226.0,37.0,777.0,23.0,105.0,1803.0,-196.0,-1781.0,-174.0,1607.0,1227158.01,1587401.56,51.26,10.52,24.64,3.52,7.9,-3.61,-3.86,50.09,1233,1143.0,538.0
TORNTPHARM,2023,12.94,29.54,20.09,0.87,8.67,0.66,9620.0,6778.0,2842.0,29.54,45.0,333.0,707.0,1847.0,33.0,1245.0,37.0,60.0,2368.0,-2335.0,77.0,110.0,33.0,1641817.42,1834980.01,38.01,12.97,38.94,0.58,10.09,12.92,13.09,,1234,1144.0,539.0
TORNTPHARM,2024,15.44,31.39,24.15,0.59,9.93,0.74,10728.0,7360.0,3368.0,31.39,146.0,354.0,808.0,2352.0,30.0,1656.0,49.0,57.0,3266.0,-160.0,-2780.0,327.0,3106.0,1870170.39,2275967.43,46.4,6.43,27.93,1.22,6.93,30.59,30.39,14.88,1235,1145.0,540.0
TRENT,2013,-1.27,0.23,-2.19,0.28,2.17,0.97,2132.0,2128.0,5.0,0.23,58.0,29.0,45.0,-10.0,99.0,-27.0,-1.0,-87.0,31.0,-276.0,147.0,-97.0,-245.0,,,,,,,,,,,1237,1146.0,
TRENT,2014,-0.81,-0.43,-1.92,0.34,3.12,1.21,2333.0,2343.0,-10.0,-0.43,91.0,26.0,54.0,1.0,99.0,-19.0,-1.0,-125.0,-46.0,-48.0,-50.0,-145.0,-94.0,,,,,,,,,,,1238,1147.0,
TRENT,2015,5.65,3.85,9.07,0.19,13.45,1.03,2284.0,2196.0,88.0,3.85,208.0,22.0,75.0,200.0,35.0,129.0,4.0,26.0,-10.0,-306.0,310.0,-6.0,-316.0,,,,,,,,,,,1239,1148.0,
TRENT,2016,3.26,5.34,3.76,0.27,3.67,0.78,1686.0,1596.0,90.0,5.34,86.0,48.0,39.0,90.0,39.0,55.0,2.0,54.0,109.0,-98.0,-13.0,-2.0,11.0,,,,,,,,,,,1240,1149.0,
TRENT,2017,4.69,7.4,5.49,0.25,4.67,0.82,1812.0,1679.0,134.0,7.4,81.0,46.0,41.0,128.0,34.0,85.0,3.0,39.0,102.0,-44.0,-51.0,7.0,58.0,,,,,,,,,,,1241,1150.0,
TRENT,2018,4.03,9.64,5.45,0.25,5.34,0.92,2157.0,1949.0,208.0,9.64,27.0,44.0,46.0,147.0,41.0,87.0,3.0,44.0,77.0,-4.0,-74.0,-1.0,73.0,,,,,,,0.23,,,,1242,1151.0,
TRENT,2019,3.61,9.16,5.77,0.3,5.31,1.03,2630.0,2390.0,241.0,9.16,30.0,51.0,52.0,165.0,44.0,95.0,3.0,45.0,21.0,-37.0,37.0,21.0,-16.0,709354.25,819010.58,70.85,12.21,27.83,3.78,2.43,,,,1243,1152.0,541.0
TRENT,2020,3.04,15.17,4.44,0.13,2.57,0.63,3486.0,2957.0,529.0,15.17,147.0,263.0,247.0,165.0,36.0,106.0,3.0,29.0,361.0,-809.0,452.0,5.0,-448.0,704799.66,813935.48,50.52,9.53,10.9,1.25,8.82,-3.85,-5.59,,1244,1153.0,542.0
TRENT,2021,-6.98,4.4,-7.83,0.13,1.2,0.45,2593.0,2479.0,114.0,4.4,199.0,261.0,257.0,-205.0,-12.0,-181.0,-4.0,-15.0,285.0,18.0,-283.0,20.0,303.0,700098.06,798656.79,78.02,14.33,12.95,1.37,8.99,,,94.09,1245,1154.0,543.0
TRENT,2022,0.78,13.23,1.48,2.0,2.3,0.58,4498.0,3903.0,595.0,13.23,152.0,325.0,311.0,111.0,69.0,35.0,3.0,57.0,58.0,56.0,-108.0,6.0,114.0,607706.78,643881.28,68.1,13.78,13.28,1.2,19.94,-16.26,0.0,14.47,1246,1155.0,544.0
TRENT,2023,4.78,13.52,15.18,1.72,3.56,1.02,8242.0,7128.0,1114.0,13.52,341.0,409.0,494.0,552.0,29.0,394.0,13.0,18.0,595.0,-103.0,-491.0,1.0,492.0,583656.73,607027.17,65.94,9.88,32.51,2.62,30.75,35.27,34.08,46.46,1247,1156.0,545.0
TRENT,2024,11.94,15.93,36.31,0.43,8.04,1.73,12375.0,10404.0,1971.0,15.93,989.0,368.0,671.0,1921.0,23.0,1477.0,42.0,8.0,1349.0,-508.0,-629.0,211.0,841.0,571322.04,566293.08,8.65,11.82,34.65,3.46,36.31,73.11,69.52,,1248,1157.0,546.0
TVSMOTOR,2013,2.64,5.83,22.02,1.19,5.51,2.22,7510.0,7072.0,438.0,5.83,130.0,103.0,176.0,290.0,32.0,198.0,4.0,30.0,464.0,-120.0,-402.0,-58.0,344.0,,,,,,,,,,,1250,1158.0,
TVSMOTOR,2014,2.23,5.87,16.11,0.63,6.7,2.31,8384.0,7892.0,492.0,5.87,44.0,80.0,149.0,307.0,39.0,187.0,4.0,37.0,470.0,-235.0,-216.0,19.0,235.0,,,,,,,,,,,1251,1159.0,
TVSMOTOR,2015,3.2,5.9,24.75,0.84,11.05,2.24,10256.0,9650.0,605.0,5.9,80.0,62.0,179.0,444.0,28.0,328.0,7.0,28.0,83.0,-415.0,261.0,-71.0,-332.0,,,,,,,,,,,1252,1160.0,
TVSMOTOR,2016,3.77,7.2,23.58,0.6,13.03,2.21,11377.0,10558.0,819.0,7.2,93.0,70.0,262.0,580.0,26.0,429.0,9.0,28.0,936.0,-605.0,-319.0,12.0,331.0,,,,,,,,,,,1253,1161.0,
TVSMOTOR,2017,4.08,6.99,22.96,0.59,17.23,2.03,12463.0,11591.0,871.0,6.99,163.0,60.0,317.0,658.0,23.0,509.0,11.0,23.0,689.0,-709.0,-59.0,-79.0,-20.0,,,,,,,,,,,1254,1162.0,
TVSMOTOR,2018,4.07,9.61,24.83,2.59,4.86,1.24,16340.0,14769.0,1571.0,9.61,71.0,338.0,374.0,931.0,29.0,665.0,14.0,24.0,354.0,-1095.0,897.0,156.0,-741.0,,,,,,,16.82,27.42,28.47,,1255,1163.0,
TVSMOTOR,2019,3.6,10.73,22.86,2.93,3.3,1.21,20160.0,17997.0,2163.0,10.73,25.0,663.0,442.0,1083.0,33.0,725.0,15.0,24.0,-918.0,-1104.0,2210.0,188.0,-2022.0,143093.33,131403.61,15.6,6.89,21.67,3.67,19.18,31.13,30.26,,1256,1164.0,547.0
TVSMOTOR,2020,3.43,12.01,19.71,3.53,2.66,0.98,18849.0,16585.0,2264.0,12.01,12.0,855.0,556.0,865.0,25.0,647.0,13.0,27.0,373.0,-1090.0,1619.0,902.0,-717.0,170247.22,163663.43,24.28,4.64,9.33,1.29,12.94,14.55,13.18,,1257,1165.0,548.0
TVSMOTOR,2021,3.13,11.49,15.89,3.18,2.57,0.89,19421.0,17189.0,2232.0,11.49,36.0,881.0,565.0,822.0,26.0,608.0,13.0,28.0,1151.0,-882.0,264.0,532.0,269.0,206731.04,206020.01,68.15,7.31,16.3,1.86,11.29,7.22,7.63,-4.06,1258,1166.0,549.0
TVSMOTOR,2022,3.0,11.31,16.61,3.6,2.93,0.9,24355.0,21601.0,2755.0,11.31,-5.0,940.0,743.0,1067.0,31.0,731.0,16.0,24.0,-1575.0,-1471.0,2918.0,532.0,-3046.0,249058.89,275637.72,8.52,13.87,7.31,4.22,14.34,7.51,7.78,,1259,1167.0,550.0
TVSMOTOR,2023,4.09,12.59,23.78,4.06,3.04,0.91,31974.0,27947.0,4027.0,12.59,136.0,1368.0,859.0,1936.0,32.0,1309.0,28.0,18.0,-4405.0,-1308.0,6118.0,406.0,-5713.0,215205.91,260053.04,46.5,7.83,7.55,1.07,14.37,14.5,14.87,,1260,1168.0,551.0
TVSMOTOR,2024,4.54,14.05,26.22,3.83,2.91,0.93,39145.0,33645.0,5500.0,14.05,106.0,1928.0,975.0,2703.0,34.0,1779.0,36.0,23.0,-1253.0,-1001.0,2759.0,505.0,-2254.0,266591.41,334973.15,46.1,5.62,7.1,3.07,14.19,19.67,19.14,,1261,1169.0,552.0
