company_id,peer_group_name,metric,value,percentile_rank,year
HDFCBANK,Private Banks,return_on_equity_pct,14.34,45.0,2024.0
HDFCBANK,Private Banks,return_on_equity_pct,15.18,35.0,2021.0
HDFCBANK,Private Banks,return_on_equity_pct,15.94,20.0,2023.0
HDFCBANK,Private Banks,return_on_equity_pct,16.94,10.0,2018.0
HDFCBANK,Private Banks,return_on_equity_pct,16.69,13.33,2017.0
HDFCBANK,Private Banks,return_on_equity_pct,19.85,1.67,2014.0
HDFCBANK,Private Banks,return_on_equity_pct,15.43,28.33,2022.0
HDFCBANK,Private Banks,return_on_equity_pct,15.48,26.67,2020.0
HDFCBANK,Private Banks,return_on_equity_pct,18.84,3.33,2013.0
HDFCBANK,Private Banks,return_on_equity_pct,16.95,8.33,2015.0
HDFCBANK,Private Banks,return_on_equity_pct,17.25,6.67,2016.0
HDFCBANK,Private Banks,return_on_equity_pct,14.61,41.67,2019.0
ICICIBANK,Private Banks,return_on_equity_pct,12.92,62.5,2021.0
ICICIBANK,Private Banks,return_on_equity_pct,10.84,80.0,2017.0
ICICIBANK,Private Banks,return_on_equity_pct,9.13,85.0,2020.0
ICICIBANK,Private Banks,return_on_equity_pct,4.98,96.67,2019.0
ICICIBANK,Private Banks,return_on_equity_pct,14.58,43.33,2022.0
ICICIBANK,Private Banks,return_on_equity_pct,17.99,5.0,2024.0
ICICIBANK,Private Banks,return_on_equity_pct,11.61,76.67,2016.0
ICICIBANK,Private Banks,return_on_equity_pct,14.73,38.33,2013.0
ICICIBANK,Private Banks,return_on_equity_pct,8.23,86.67,2018.0
ICICIBANK,Private Banks,return_on_equity_pct,15.28,32.5,2014.0
ICICIBANK,Private Banks,return_on_equity_pct,15.28,32.5,2015.0
ICICIBANK,Private Banks,return_on_equity_pct,16.53,15.0,2023.0
AXISBANK,Private Banks,return_on_equity_pct,7.38,88.33,2023.0
AXISBANK,Private Banks,return_on_equity_pct,6.53,93.33,2017.0
AXISBANK,Private Banks,return_on_equity_pct,6.9,90.0,2019.0
AXISBANK,Private Banks,return_on_equity_pct,1.88,98.33,2020.0
AXISBANK,Private Banks,return_on_equity_pct,11.01,78.33,2022.0
AXISBANK,Private Banks,return_on_equity_pct,15.83,21.67,2024.0
AXISBANK,Private Banks,return_on_equity_pct,16.19,18.33,2014.0
AXISBANK,Private Banks,return_on_equity_pct,15.62,23.33,2013.0
AXISBANK,Private Banks,return_on_equity_pct,16.37,16.67,2015.0
AXISBANK,Private Banks,return_on_equity_pct,15.36,30.0,2016.0
AXISBANK,Private Banks,return_on_equity_pct,6.36,95.0,2021.0
AXISBANK,Private Banks,return_on_equity_pct,0.43,100.0,2018.0
KOTAKBANK,Private Banks,return_on_equity_pct,12.9,65.0,2020.0
KOTAKBANK,Private Banks,return_on_equity_pct,14.01,49.17,2024.0
KOTAKBANK,Private Banks,return_on_equity_pct,12.51,68.33,2022.0
KOTAKBANK,Private Banks,return_on_equity_pct,11.85,75.0,2021.0
KOTAKBANK,Private Banks,return_on_equity_pct,12.47,70.0,2019.0
KOTAKBANK,Private Banks,return_on_equity_pct,13.04,60.0,2017.0
KOTAKBANK,Private Banks,return_on_equity_pct,13.35,56.67,2023.0
KOTAKBANK,Private Banks,return_on_equity_pct,14.01,49.17,2015.0
KOTAKBANK,Private Banks,return_on_equity_pct,13.24,58.33,2014.0
KOTAKBANK,Private Banks,return_on_equity_pct,12.4,71.67,2018.0
KOTAKBANK,Private Banks,return_on_equity_pct,10.56,81.67,2016.0
KOTAKBANK,Private Banks,return_on_equity_pct,14.66,40.0,2013.0
INDUSINDBK,Private Banks,return_on_equity_pct,6.54,91.67,2021.0
INDUSINDBK,Private Banks,return_on_equity_pct,9.67,83.33,2022.0
INDUSINDBK,Private Banks,return_on_equity_pct,13.89,53.33,2017.0
INDUSINDBK,Private Banks,return_on_equity_pct,12.73,66.67,2020.0
INDUSINDBK,Private Banks,return_on_equity_pct,12.37,73.33,2019.0
INDUSINDBK,Private Banks,return_on_equity_pct,13.53,55.0,2023.0
INDUSINDBK,Private Banks,return_on_equity_pct,12.92,62.5,2016.0
INDUSINDBK,Private Banks,return_on_equity_pct,15.13,36.67,2018.0
INDUSINDBK,Private Banks,return_on_equity_pct,16.85,11.67,2015.0
INDUSINDBK,Private Banks,return_on_equity_pct,14.25,46.67,2024.0
INDUSINDBK,Private Banks,return_on_equity_pct,13.91,51.67,2013.0
INDUSINDBK,Private Banks,return_on_equity_pct,15.57,25.0,2014.0
HDFCBANK,Private Banks,net_profit_margin_pct,23.07,28.33,2024.0
HDFCBANK,Private Banks,net_profit_margin_pct,24.78,20.0,2021.0
HDFCBANK,Private Banks,net_profit_margin_pct,27.03,15.0,2023.0
HDFCBANK,Private Banks,net_profit_margin_pct,21.76,38.33,2018.0
HDFCBANK,Private Banks,net_profit_margin_pct,20.9,45.0,2017.0
HDFCBANK,Private Banks,net_profit_margin_pct,20.6,51.67,2014.0
HDFCBANK,Private Banks,net_profit_margin_pct,28.07,11.67,2022.0
HDFCBANK,Private Banks,net_profit_margin_pct,22.34,36.67,2020.0
HDFCBANK,Private Banks,net_profit_margin_pct,19.25,66.67,2013.0
HDFCBANK,Private Banks,net_profit_margin_pct,21.12,41.67,2015.0
HDFCBANK,Private Banks,net_profit_margin_pct,20.3,55.0,2016.0
HDFCBANK,Private Banks,net_profit_margin_pct,21.34,40.0,2019.0
ICICIBANK,Private Banks,net_profit_margin_pct,22.84,30.0,2021.0
ICICIBANK,Private Banks,net_profit_margin_pct,18.61,70.0,2017.0
ICICIBANK,Private Banks,net_profit_margin_pct,13.23,86.67,2020.0
ICICIBANK,Private Banks,net_profit_margin_pct,7.9,96.67,2019.0
ICICIBANK,Private Banks,net_profit_margin_pct,27.82,13.33,2022.0
ICICIBANK,Private Banks,net_profit_margin_pct,28.89,10.0,2024.0
ICICIBANK,Private Banks,net_profit_margin_pct,18.43,73.33,2016.0
ICICIBANK,Private Banks,net_profit_margin_pct,22.57,33.33,2013.0
ICICIBANK,Private Banks,net_profit_margin_pct,14.64,85.0,2018.0
ICICIBANK,Private Banks,net_profit_margin_pct,23.6,23.33,2014.0
ICICIBANK,Private Banks,net_profit_margin_pct,23.55,25.0,2015.0
ICICIBANK,Private Banks,net_profit_margin_pct,29.29,8.33,2023.0
AXISBANK,Private Banks,net_profit_margin_pct,11.25,88.33,2023.0
AXISBANK,Private Banks,net_profit_margin_pct,8.26,95.0,2017.0
AXISBANK,Private Banks,net_profit_margin_pct,8.51,93.33,2019.0
AXISBANK,Private Banks,net_profit_margin_pct,2.6,98.33,2020.0
AXISBANK,Private Banks,net_profit_margin_pct,19.33,63.33,2022.0
AXISBANK,Private Banks,net_profit_margin_pct,22.73,31.67,2024.0
AXISBANK,Private Banks,net_profit_margin_pct,20.29,56.67,2014.0
AXISBANK,Private Banks,net_profit_margin_pct,19.05,68.33,2013.0
AXISBANK,Private Banks,net_profit_margin_pct,20.74,48.33,2015.0
AXISBANK,Private Banks,net_profit_margin_pct,20.06,58.33,2016.0
AXISBANK,Private Banks,net_profit_margin_pct,10.4,90.0,2021.0
AXISBANK,Private Banks,net_profit_margin_pct,0.6,100.0,2018.0
KOTAKBANK,Private Banks,net_profit_margin_pct,25.67,16.67,2020.0
KOTAKBANK,Private Banks,net_profit_margin_pct,32.39,5.0,2024.0
KOTAKBANK,Private Banks,net_profit_margin_pct,35.83,1.67,2022.0
KOTAKBANK,Private Banks,net_profit_margin_pct,30.44,6.67,2021.0
KOTAKBANK,Private Banks,net_profit_margin_pct,24.15,21.67,2019.0
KOTAKBANK,Private Banks,net_profit_margin_pct,22.48,35.0,2017.0
KOTAKBANK,Private Banks,net_profit_margin_pct,35.41,3.33,2023.0
KOTAKBANK,Private Banks,net_profit_margin_pct,23.31,26.67,2015.0
KOTAKBANK,Private Banks,net_profit_margin_pct,21.08,43.33,2014.0
KOTAKBANK,Private Banks,net_profit_margin_pct,24.9,18.33,2018.0
KOTAKBANK,Private Banks,net_profit_margin_pct,17.27,75.0,2016.0
KOTAKBANK,Private Banks,net_profit_margin_pct,20.65,50.0,2013.0
INDUSINDBK,Private Banks,net_profit_margin_pct,9.78,91.67,2021.0
INDUSINDBK,Private Banks,net_profit_margin_pct,14.96,81.67,2022.0
INDUSINDBK,Private Banks,net_profit_margin_pct,19.91,60.0,2017.0
INDUSINDBK,Private Banks,net_profit_margin_pct,15.35,78.33,2020.0
INDUSINDBK,Private Banks,net_profit_margin_pct,14.83,83.33,2019.0
INDUSINDBK,Private Banks,net_profit_margin_pct,20.32,53.33,2023.0
INDUSINDBK,Private Banks,net_profit_margin_pct,19.26,65.0,2016.0
INDUSINDBK,Private Banks,net_profit_margin_pct,20.87,46.67,2018.0
INDUSINDBK,Private Banks,net_profit_margin_pct,18.51,71.67,2015.0
INDUSINDBK,Private Banks,net_profit_margin_pct,19.56,61.67,2024.0
INDUSINDBK,Private Banks,net_profit_margin_pct,15.19,80.0,2013.0
INDUSINDBK,Private Banks,net_profit_margin_pct,17.06,76.67,2014.0
HDFCBANK,Private Banks,operating_profit_margin_pct,61.41,38.33,2024.0
HDFCBANK,Private Banks,operating_profit_margin_pct,40.81,63.33,2021.0
HDFCBANK,Private Banks,operating_profit_margin_pct,36.92,71.67,2023.0
HDFCBANK,Private Banks,operating_profit_margin_pct,34.63,78.33,2018.0
HDFCBANK,Private Banks,operating_profit_margin_pct,32.56,85.0,2017.0
HDFCBANK,Private Banks,operating_profit_margin_pct,31.74,91.67,2014.0
HDFCBANK,Private Banks,operating_profit_margin_pct,41.61,61.67,2022.0
HDFCBANK,Private Banks,operating_profit_margin_pct,37.2,70.0,2020.0
HDFCBANK,Private Banks,operating_profit_margin_pct,35.22,75.0,2013.0
HDFCBANK,Private Banks,operating_profit_margin_pct,31.9,88.33,2015.0
HDFCBANK,Private Banks,operating_profit_margin_pct,31.75,90.0,2016.0
HDFCBANK,Private Banks,operating_profit_margin_pct,33.15,81.67,2019.0
ICICIBANK,Private Banks,operating_profit_margin_pct,102.41,6.67,2021.0
ICICIBANK,Private Banks,operating_profit_margin_pct,104.76,5.0,2017.0
ICICIBANK,Private Banks,operating_profit_margin_pct,100.62,8.33,2020.0
ICICIBANK,Private Banks,operating_profit_margin_pct,116.38,3.33,2019.0
ICICIBANK,Private Banks,operating_profit_margin_pct,84.69,15.0,2022.0
ICICIBANK,Private Banks,operating_profit_margin_pct,62.41,36.67,2024.0
ICICIBANK,Private Banks,operating_profit_margin_pct,88.12,13.33,2016.0
ICICIBANK,Private Banks,operating_profit_margin_pct,70.59,23.33,2013.0
ICICIBANK,Private Banks,operating_profit_margin_pct,117.12,1.67,2018.0
ICICIBANK,Private Banks,operating_profit_margin_pct,66.4,31.67,2014.0
ICICIBANK,Private Banks,operating_profit_margin_pct,70.53,25.0,2015.0
ICICIBANK,Private Banks,operating_profit_margin_pct,72.57,21.67,2023.0
AXISBANK,Private Banks,operating_profit_margin_pct,34.16,80.0,2023.0
AXISBANK,Private Banks,operating_profit_margin_pct,53.45,48.33,2017.0
AXISBANK,Private Banks,operating_profit_margin_pct,49.39,53.33,2019.0
AXISBANK,Private Banks,operating_profit_margin_pct,55.98,45.0,2020.0
AXISBANK,Private Banks,operating_profit_margin_pct,44.47,55.0,2022.0
AXISBANK,Private Banks,operating_profit_margin_pct,34.69,76.67,2024.0
AXISBANK,Private Banks,operating_profit_margin_pct,31.47,93.33,2014.0
AXISBANK,Private Banks,operating_profit_margin_pct,30.58,98.33,2013.0
AXISBANK,Private Banks,operating_profit_margin_pct,31.36,95.0,2015.0
AXISBANK,Private Banks,operating_profit_margin_pct,32.61,83.33,2016.0
AXISBANK,Private Banks,operating_profit_margin_pct,50.12,51.67,2021.0
AXISBANK,Private Banks,operating_profit_margin_pct,63.12,35.0,2018.0
KOTAKBANK,Private Banks,operating_profit_margin_pct,67.45,26.67,2020.0
KOTAKBANK,Private Banks,operating_profit_margin_pct,83.67,16.67,2024.0
KOTAKBANK,Private Banks,operating_profit_margin_pct,90.98,10.0,2022.0
KOTAKBANK,Private Banks,operating_profit_margin_pct,90.83,11.67,2021.0
KOTAKBANK,Private Banks,operating_profit_margin_pct,66.23,33.33,2019.0
KOTAKBANK,Private Banks,operating_profit_margin_pct,66.44,30.0,2017.0
KOTAKBANK,Private Banks,operating_profit_margin_pct,79.44,18.33,2023.0
KOTAKBANK,Private Banks,operating_profit_margin_pct,72.96,20.0,2015.0
KOTAKBANK,Private Banks,operating_profit_margin_pct,58.84,41.67,2014.0
KOTAKBANK,Private Banks,operating_profit_margin_pct,66.87,28.33,2018.0
KOTAKBANK,Private Banks,operating_profit_margin_pct,56.57,43.33,2016.0
KOTAKBANK,Private Banks,operating_profit_margin_pct,60.92,40.0,2013.0
INDUSINDBK,Private Banks,operating_profit_margin_pct,55.16,46.67,2021.0
INDUSINDBK,Private Banks,operating_profit_margin_pct,51.39,50.0,2022.0
INDUSINDBK,Private Banks,operating_profit_margin_pct,39.46,65.0,2017.0
INDUSINDBK,Private Banks,operating_profit_margin_pct,43.81,56.67,2020.0
INDUSINDBK,Private Banks,operating_profit_margin_pct,41.7,60.0,2019.0
INDUSINDBK,Private Banks,operating_profit_margin_pct,42.69,58.33,2023.0
INDUSINDBK,Private Banks,operating_profit_margin_pct,35.28,73.33,2016.0
INDUSINDBK,Private Banks,operating_profit_margin_pct,37.93,68.33,2018.0
INDUSINDBK,Private Banks,operating_profit_margin_pct,32.33,86.67,2015.0
INDUSINDBK,Private Banks,operating_profit_margin_pct,38.55,66.67,2024.0
INDUSINDBK,Private Banks,operating_profit_margin_pct,27.88,100.0,2013.0
INDUSINDBK,Private Banks,operating_profit_margin_pct,30.95,96.67,2014.0
HDFCBANK,Private Banks,debt_to_equity,6.81,28.33,2024.0
HDFCBANK,Private Banks,debt_to_equity,7.2,48.33,2021.0
HDFCBANK,Private Banks,debt_to_equity,7.39,55.0,2023.0
HDFCBANK,Private Banks,debt_to_equity,8.62,75.0,2018.0
HDFCBANK,Private Banks,debt_to_equity,8.08,65.0,2017.0
HDFCBANK,Private Banks,debt_to_equity,9.43,96.67,2014.0
HDFCBANK,Private Banks,debt_to_equity,7.22,50.83,2022.0
HDFCBANK,Private Banks,debt_to_equity,7.56,56.67,2020.0
HDFCBANK,Private Banks,debt_to_equity,9.16,91.67,2013.0
HDFCBANK,Private Banks,debt_to_equity,8.07,63.33,2015.0
HDFCBANK,Private Banks,debt_to_equity,8.74,80.0,2016.0
HDFCBANK,Private Banks,debt_to_equity,7.03,35.0,2019.0
ICICIBANK,Private Banks,debt_to_equity,7.0,33.33,2021.0
ICICIBANK,Private Banks,debt_to_equity,6.7,26.67,2017.0
ICICIBANK,Private Banks,debt_to_equity,8.25,69.17,2020.0
ICICIBANK,Private Banks,debt_to_equity,7.8,60.0,2019.0
ICICIBANK,Private Banks,debt_to_equity,6.88,30.0,2022.0
ICICIBANK,Private Banks,debt_to_equity,6.45,21.67,2024.0
ICICIBANK,Private Banks,debt_to_equity,7.13,45.0,2016.0
ICICIBANK,Private Banks,debt_to_equity,7.09,40.83,2013.0
ICICIBANK,Private Banks,debt_to_equity,7.37,53.33,2018.0
ICICIBANK,Private Banks,debt_to_equity,7.11,43.33,2014.0
ICICIBANK,Private Banks,debt_to_equity,7.05,36.67,2015.0
ICICIBANK,Private Banks,debt_to_equity,6.53,23.33,2023.0
AXISBANK,Private Banks,debt_to_equity,8.88,83.33,2023.0
AXISBANK,Private Banks,debt_to_equity,9.36,95.0,2017.0
AXISBANK,Private Banks,debt_to_equity,10.5,100.0,2019.0
AXISBANK,Private Banks,debt_to_equity,9.23,93.33,2020.0
AXISBANK,Private Banks,debt_to_equity,8.63,76.67,2022.0
AXISBANK,Private Banks,debt_to_equity,8.25,69.17,2024.0
AXISBANK,Private Banks,debt_to_equity,8.68,78.33,2014.0
AXISBANK,Private Banks,debt_to_equity,8.93,86.67,2013.0
AXISBANK,Private Banks,debt_to_equity,9.05,88.33,2015.0
AXISBANK,Private Banks,debt_to_equity,8.82,81.67,2016.0
AXISBANK,Private Banks,debt_to_equity,8.21,66.67,2021.0
AXISBANK,Private Banks,debt_to_equity,9.52,98.33,2018.0
KOTAKBANK,Private Banks,debt_to_equity,4.9,11.67,2020.0
KOTAKBANK,Private Banks,debt_to_equity,4.0,6.67,2024.0
KOTAKBANK,Private Banks,debt_to_equity,3.78,3.33,2022.0
KOTAKBANK,Private Banks,debt_to_equity,3.88,5.0,2021.0
KOTAKBANK,Private Banks,debt_to_equity,5.05,15.0,2019.0
KOTAKBANK,Private Banks,debt_to_equity,5.33,16.67,2017.0
KOTAKBANK,Private Banks,debt_to_equity,3.75,1.67,2023.0
KOTAKBANK,Private Banks,debt_to_equity,4.71,10.0,2015.0
KOTAKBANK,Private Banks,debt_to_equity,4.5,8.33,2014.0
KOTAKBANK,Private Banks,debt_to_equity,4.95,13.33,2018.0
KOTAKBANK,Private Banks,debt_to_equity,5.39,18.33,2016.0
KOTAKBANK,Private Banks,debt_to_equity,5.6,20.0,2013.0
INDUSINDBK,Private Banks,debt_to_equity,7.09,40.83,2021.0
INDUSINDBK,Private Banks,debt_to_equity,7.15,46.67,2022.0
INDUSINDBK,Private Banks,debt_to_equity,7.22,50.83,2017.0
INDUSINDBK,Private Banks,debt_to_equity,7.57,58.33,2020.0
INDUSINDBK,Private Banks,debt_to_equity,9.08,90.0,2019.0
INDUSINDBK,Private Banks,debt_to_equity,7.06,38.33,2023.0
INDUSINDBK,Private Banks,debt_to_equity,6.67,25.0,2016.0
INDUSINDBK,Private Banks,debt_to_equity,7.97,61.67,2018.0
INDUSINDBK,Private Banks,debt_to_equity,8.9,85.0,2015.0
INDUSINDBK,Private Banks,debt_to_equity,6.89,31.67,2024.0
INDUSINDBK,Private Banks,debt_to_equity,8.33,73.33,2013.0
INDUSINDBK,Private Banks,debt_to_equity,8.32,71.67,2014.0
HDFCBANK,Private Banks,free_cash_flow,35669.0,10.0,2024.0
HDFCBANK,Private Banks,free_cash_flow,40653.0,6.67,2021.0
HDFCBANK,Private Banks,free_cash_flow,17822.0,21.67,2023.0
HDFCBANK,Private Banks,free_cash_flow,16372.0,23.33,2018.0
HDFCBANK,Private Banks,free_cash_flow,16136.0,26.67,2017.0
HDFCBANK,Private Banks,free_cash_flow,3112.0,38.33,2014.0
HDFCBANK,Private Banks,free_cash_flow,-14011.0,75.0,2022.0
HDFCBANK,Private Banks,free_cash_flow,-18272.0,81.67,2020.0
HDFCBANK,Private Banks,free_cash_flow,-6749.0,61.67,2013.0
HDFCBANK,Private Banks,free_cash_flow,-22081.0,85.0,2015.0
HDFCBANK,Private Banks,free_cash_flow,-35272.0,93.33,2016.0
HDFCBANK,Private Banks,free_cash_flow,-64375.0,98.33,2019.0
ICICIBANK,Private Banks,free_cash_flow,74384.0,1.67,2021.0
ICICIBANK,Private Banks,free_cash_flow,50925.0,3.33,2017.0
ICICIBANK,Private Banks,free_cash_flow,37470.0,8.33,2020.0
ICICIBANK,Private Banks,free_cash_flow,18389.0,20.0,2019.0
ICICIBANK,Private Banks,free_cash_flow,18663.0,16.67,2022.0
ICICIBANK,Private Banks,free_cash_flow,12547.0,28.33,2024.0
ICICIBANK,Private Banks,free_cash_flow,11585.0,30.0,2016.0
ICICIBANK,Private Banks,free_cash_flow,-1069.0,46.67,2013.0
ICICIBANK,Private Banks,free_cash_flow,-31168.0,91.67,2018.0
ICICIBANK,Private Banks,free_cash_flow,-8985.0,66.67,2014.0
ICICIBANK,Private Banks,free_cash_flow,-25448.0,90.0,2015.0
ICICIBANK,Private Banks,free_cash_flow,-71460.0,100.0,2023.0
AXISBANK,Private Banks,free_cash_flow,-10276.0,68.33,2023.0
AXISBANK,Private Banks,free_cash_flow,19751.0,15.0,2017.0
AXISBANK,Private Banks,free_cash_flow,18451.0,18.33,2019.0
AXISBANK,Private Banks,free_cash_flow,20931.0,13.33,2020.0
AXISBANK,Private Banks,free_cash_flow,1025.0,41.67,2022.0
AXISBANK,Private Banks,free_cash_flow,-14556.0,76.67,2024.0
AXISBANK,Private Banks,free_cash_flow,298.0,43.33,2014.0
AXISBANK,Private Banks,free_cash_flow,-8366.0,65.0,2013.0
AXISBANK,Private Banks,free_cash_flow,-23134.0,86.67,2015.0
AXISBANK,Private Banks,free_cash_flow,-25284.0,88.33,2016.0
AXISBANK,Private Banks,free_cash_flow,-41655.0,95.0,2021.0
AXISBANK,Private Banks,free_cash_flow,-48397.0,96.67,2018.0
KOTAKBANK,Private Banks,free_cash_flow,33551.0,11.67,2020.0
KOTAKBANK,Private Banks,free_cash_flow,6766.0,36.67,2024.0
KOTAKBANK,Private Banks,free_cash_flow,-2595.0,53.33,2022.0
KOTAKBANK,Private Banks,free_cash_flow,-6291.0,60.0,2021.0
KOTAKBANK,Private Banks,free_cash_flow,-1501.0,48.33,2019.0
KOTAKBANK,Private Banks,free_cash_flow,7933.0,35.0,2017.0
KOTAKBANK,Private Banks,free_cash_flow,-11623.0,71.67,2023.0
KOTAKBANK,Private Banks,free_cash_flow,-2165.0,51.67,2015.0
KOTAKBANK,Private Banks,free_cash_flow,7938.0,33.33,2014.0
KOTAKBANK,Private Banks,free_cash_flow,-15867.0,78.33,2018.0
KOTAKBANK,Private Banks,free_cash_flow,2672.0,40.0,2016.0
KOTAKBANK,Private Banks,free_cash_flow,-6157.0,58.33,2013.0
INDUSINDBK,Private Banks,free_cash_flow,44420.0,5.0,2021.0
INDUSINDBK,Private Banks,free_cash_flow,16249.0,25.0,2022.0
INDUSINDBK,Private Banks,free_cash_flow,11284.0,31.67,2017.0
INDUSINDBK,Private Banks,free_cash_flow,-11513.0,70.0,2020.0
INDUSINDBK,Private Banks,free_cash_flow,-7022.0,63.33,2019.0
INDUSINDBK,Private Banks,free_cash_flow,-12879.0,73.33,2023.0
INDUSINDBK,Private Banks,free_cash_flow,-3185.0,55.0,2016.0
INDUSINDBK,Private Banks,free_cash_flow,-20917.0,83.33,2018.0
INDUSINDBK,Private Banks,free_cash_flow,-1697.0,50.0,2015.0
INDUSINDBK,Private Banks,free_cash_flow,-17468.0,80.0,2024.0
INDUSINDBK,Private Banks,free_cash_flow,-660.0,45.0,2013.0
INDUSINDBK,Private Banks,free_cash_flow,-4280.0,56.67,2014.0
HDFCBANK,Private Banks,revenue_cagr_5yr,21.95098428169122,5.71,2024.0
HDFCBANK,Private Banks,revenue_cagr_5yr,15.272202925687562,45.71,2021.0
HDFCBANK,Private Banks,revenue_cagr_5yr,14.89379936491606,48.57,2023.0
HDFCBANK,Private Banks,revenue_cagr_5yr,18.91950885967244,28.57,2018.0
HDFCBANK,Private Banks,revenue_cagr_5yr,,,2017.0
HDFCBANK,Private Banks,revenue_cagr_5yr,,,2014.0
HDFCBANK,Private Banks,revenue_cagr_5yr,13.156752089445444,62.86,2022.0
HDFCBANK,Private Banks,revenue_cagr_5yr,19.251293469323972,25.71,2020.0
HDFCBANK,Private Banks,revenue_cagr_5yr,,,2013.0
HDFCBANK,Private Banks,revenue_cagr_5yr,,,2015.0
HDFCBANK,Private Banks,revenue_cagr_5yr,,,2016.0
HDFCBANK,Private Banks,revenue_cagr_5yr,19.834211467600227,20.0,2019.0
ICICIBANK,Private Banks,revenue_cagr_5yr,8.501260775564191,94.29,2021.0
ICICIBANK,Private Banks,revenue_cagr_5yr,,,2017.0
ICICIBANK,Private Banks,revenue_cagr_5yr,9.068758698425295,85.71,2020.0
ICICIBANK,Private Banks,revenue_cagr_5yr,7.785564136098544,97.14,2019.0
ICICIBANK,Private Banks,revenue_cagr_5yr,9.379405364120297,80.0,2022.0
ICICIBANK,Private Banks,revenue_cagr_5yr,17.25086850260209,34.29,2024.0
ICICIBANK,Private Banks,revenue_cagr_5yr,,,2016.0
ICICIBANK,Private Banks,revenue_cagr_5yr,,,2013.0
ICICIBANK,Private Banks,revenue_cagr_5yr,6.72956758804637,100.0,2018.0
ICICIBANK,Private Banks,revenue_cagr_5yr,,,2014.0
ICICIBANK,Private Banks,revenue_cagr_5yr,,,2015.0
ICICIBANK,Private Banks,revenue_cagr_5yr,14.261562955956219,54.29,2023.0
AXISBANK,Private Banks,revenue_cagr_5yr,13.218149586033778,60.0,2023.0
AXISBANK,Private Banks,revenue_cagr_5yr,,,2017.0
AXISBANK,Private Banks,revenue_cagr_5yr,12.406089291127099,65.71,2019.0
AXISBANK,Private Banks,revenue_cagr_5yr,12.038978942135437,68.57,2020.0
AXISBANK,Private Banks,revenue_cagr_5yr,8.629652750055783,88.57,2022.0
AXISBANK,Private Banks,revenue_cagr_5yr,14.743587120514379,51.43,2024.0
AXISBANK,Private Banks,revenue_cagr_5yr,,,2014.0
AXISBANK,Private Banks,revenue_cagr_5yr,,,2013.0
AXISBANK,Private Banks,revenue_cagr_5yr,,,2015.0
AXISBANK,Private Banks,revenue_cagr_5yr,,,2016.0
AXISBANK,Private Banks,revenue_cagr_5yr,9.096920986218016,82.86,2021.0
AXISBANK,Private Banks,revenue_cagr_5yr,10.987911870151823,71.43,2018.0
KOTAKBANK,Private Banks,revenue_cagr_5yr,20.239510229555723,11.43,2020.0
KOTAKBANK,Private Banks,revenue_cagr_5yr,13.51960376324537,57.14,2024.0
KOTAKBANK,Private Banks,revenue_cagr_5yr,8.61184401023458,91.43,2022.0
KOTAKBANK,Private Banks,revenue_cagr_5yr,9.974796418167053,77.14,2021.0
KOTAKBANK,Private Banks,revenue_cagr_5yr,20.004824943182275,14.29,2019.0
KOTAKBANK,Private Banks,revenue_cagr_5yr,,,2017.0
KOTAKBANK,Private Banks,revenue_cagr_5yr,10.896955244101703,74.29,2023.0
KOTAKBANK,Private Banks,revenue_cagr_5yr,,,2015.0
KOTAKBANK,Private Banks,revenue_cagr_5yr,,,2014.0
KOTAKBANK,Private Banks,revenue_cagr_5yr,18.318355472841485,31.43,2018.0
KOTAKBANK,Private Banks,revenue_cagr_5yr,,,2016.0
KOTAKBANK,Private Banks,revenue_cagr_5yr,,,2013.0
INDUSINDBK,Private Banks,revenue_cagr_5yr,19.556948543092957,22.86,2021.0
INDUSINDBK,Private Banks,revenue_cagr_5yr,16.429620297749015,37.14,2022.0
INDUSINDBK,Private Banks,revenue_cagr_5yr,,,2017.0
INDUSINDBK,Private Banks,revenue_cagr_5yr,24.321010202841762,2.86,2020.0
INDUSINDBK,Private Banks,revenue_cagr_5yr,21.948381582255692,8.57,2019.0
INDUSINDBK,Private Banks,revenue_cagr_5yr,16.04598245049358,40.0,2023.0
INDUSINDBK,Private Banks,revenue_cagr_5yr,,,2016.0
INDUSINDBK,Private Banks,revenue_cagr_5yr,19.868581396171827,17.14,2018.0
INDUSINDBK,Private Banks,revenue_cagr_5yr,,,2015.0
INDUSINDBK,Private Banks,revenue_cagr_5yr,15.495613083358029,42.86,2024.0
INDUSINDBK,Private Banks,revenue_cagr_5yr,,,2013.0
INDUSINDBK,Private Banks,revenue_cagr_5yr,,,2014.0
HDFCBANK,Private Banks,pat_cagr_5yr,23.865063572879073,20.0,2024.0
HDFCBANK,Private Banks,pat_cagr_5yr,19.965562603525953,54.29,2021.0
HDFCBANK,Private Banks,pat_cagr_5yr,19.980919190469294,51.43,2023.0
HDFCBANK,Private Banks,pat_cagr_5yr,21.87445860432433,37.14,2018.0
HDFCBANK,Private Banks,pat_cagr_5yr,,,2017.0
HDFCBANK,Private Banks,pat_cagr_5yr,,,2014.0
HDFCBANK,Private Banks,pat_cagr_5yr,20.023543022481306,48.57,2022.0
HDFCBANK,Private Banks,pat_cagr_5yr,20.59205522492409,42.86,2020.0
HDFCBANK,Private Banks,pat_cagr_5yr,,,2013.0
HDFCBANK,Private Banks,pat_cagr_5yr,,,2015.0
HDFCBANK,Private Banks,pat_cagr_5yr,,,2016.0
HDFCBANK,Private Banks,pat_cagr_5yr,20.683440705228385,40.0,2019.0
ICICIBANK,Private Banks,pat_cagr_5yr,13.258923400037336,74.29,2021.0
ICICIBANK,Private Banks,pat_cagr_5yr,,,2017.0
ICICIBANK,Private Banks,pat_cagr_5yr,-2.8065516501292964,85.71,2020.0
ICICIBANK,Private Banks,pat_cagr_5yr,-13.395405873309175,94.29,2019.0
ICICIBANK,Private Banks,pat_cagr_5yr,18.536207206394106,68.57,2022.0
ICICIBANK,Private Banks,pat_cagr_5yr,51.94877118224903,5.71,2024.0
ICICIBANK,Private Banks,pat_cagr_5yr,,,2016.0
ICICIBANK,Private Banks,pat_cagr_5yr,,,2013.0
ICICIBANK,Private Banks,pat_cagr_5yr,-2.1217063794276014,82.86,2018.0
ICICIBANK,Private Banks,pat_cagr_5yr,,,2014.0
ICICIBANK,Private Banks,pat_cagr_5yr,,,2015.0
ICICIBANK,Private Banks,pat_cagr_5yr,31.262876521643257,11.43,2023.0
AXISBANK,Private Banks,pat_cagr_5yr,103.27842418477906,2.86,2023.0
AXISBANK,Private Banks,pat_cagr_5yr,,,2017.0
AXISBANK,Private Banks,pat_cagr_5yr,-5.536652756116112,91.43,2019.0
AXISBANK,Private Banks,pat_cagr_5yr,-26.05214961079477,97.14,2020.0
AXISBANK,Private Banks,pat_cagr_5yr,28.76848580321414,14.29,2022.0
AXISBANK,Private Banks,pat_cagr_5yr,39.67228711897934,8.57,2024.0
AXISBANK,Private Banks,pat_cagr_5yr,,,2014.0
AXISBANK,Private Banks,pat_cagr_5yr,,,2013.0
AXISBANK,Private Banks,pat_cagr_5yr,,,2015.0
AXISBANK,Private Banks,pat_cagr_5yr,,,2016.0
AXISBANK,Private Banks,pat_cagr_5yr,-4.3391803379436595,88.57,2021.0
AXISBANK,Private Banks,pat_cagr_5yr,-44.36698022375808,100.0,2018.0
KOTAKBANK,Private Banks,pat_cagr_5yr,22.5791601484139,31.43,2020.0
KOTAKBANK,Private Banks,pat_cagr_5yr,20.38200065626572,45.71,2024.0
KOTAKBANK,Private Banks,pat_cagr_5yr,19.221515022302448,60.0,2022.0
KOTAKBANK,Private Banks,pat_cagr_5yr,23.17027688055957,25.71,2021.0
KOTAKBANK,Private Banks,pat_cagr_5yr,23.30869241378142,22.86,2019.0
KOTAKBANK,Private Banks,pat_cagr_5yr,,,2017.0
KOTAKBANK,Private Banks,pat_cagr_5yr,18.985970213374358,62.86,2023.0
KOTAKBANK,Private Banks,pat_cagr_5yr,,,2015.0
KOTAKBANK,Private Banks,pat_cagr_5yr,,,2014.0
KOTAKBANK,Private Banks,pat_cagr_5yr,22.833010294153834,28.57,2018.0
KOTAKBANK,Private Banks,pat_cagr_5yr,,,2016.0
KOTAKBANK,Private Banks,pat_cagr_5yr,,,2013.0
INDUSINDBK,Private Banks,pat_cagr_5yr,4.406130464362379,80.0,2021.0
INDUSINDBK,Private Banks,pat_cagr_5yr,9.962143008064084,77.14,2022.0
INDUSINDBK,Private Banks,pat_cagr_5yr,,,2017.0
INDUSINDBK,Private Banks,pat_cagr_5yr,19.751415210189815,57.14,2020.0
INDUSINDBK,Private Banks,pat_cagr_5yr,18.57921580173736,65.71,2019.0
INDUSINDBK,Private Banks,pat_cagr_5yr,15.431341581089676,71.43,2023.0
INDUSINDBK,Private Banks,pat_cagr_5yr,,,2016.0
INDUSINDBK,Private Banks,pat_cagr_5yr,27.72092867738314,17.14,2018.0
INDUSINDBK,Private Banks,pat_cagr_5yr,,,2015.0
INDUSINDBK,Private Banks,pat_cagr_5yr,22.077464953948358,34.29,2024.0
INDUSINDBK,Private Banks,pat_cagr_5yr,,,2013.0
INDUSINDBK,Private Banks,pat_cagr_5yr,,,2014.0
HDFCBANK,Private Banks,eps_cagr_5yr,15.424788082530828,62.86,2024.0
HDFCBANK,Private Banks,eps_cagr_5yr,18.330744502429685,34.29,2021.0
HDFCBANK,Private Banks,eps_cagr_5yr,17.89686864191824,41.43,2023.0
HDFCBANK,Private Banks,eps_cagr_5yr,20.791087977228596,22.86,2018.0
HDFCBANK,Private Banks,eps_cagr_5yr,,,2017.0
HDFCBANK,Private Banks,eps_cagr_5yr,,,2014.0
HDFCBANK,Private Banks,eps_cagr_5yr,18.12601880431084,37.14,2022.0
HDFCBANK,Private Banks,eps_cagr_5yr,18.94608218221061,28.57,2020.0
HDFCBANK,Private Banks,eps_cagr_5yr,,,2013.0
HDFCBANK,Private Banks,eps_cagr_5yr,,,2015.0
HDFCBANK,Private Banks,eps_cagr_5yr,,,2016.0
HDFCBANK,Private Banks,eps_cagr_5yr,17.89686864191824,41.43,2019.0
ICICIBANK,Private Banks,eps_cagr_5yr,11.032151746146003,71.43,2021.0
ICICIBANK,Private Banks,eps_cagr_5yr,,,2017.0
ICICIBANK,Private Banks,eps_cagr_5yr,-4.617756873980916,85.71,2020.0
ICICIBANK,Private Banks,eps_cagr_5yr,-16.260604064943717,94.29,2019.0
ICICIBANK,Private Banks,eps_cagr_5yr,17.607902252467355,52.86,2022.0
ICICIBANK,Private Banks,eps_cagr_5yr,55.18455739153598,5.71,2024.0
ICICIBANK,Private Banks,eps_cagr_5yr,,,2016.0
ICICIBANK,Private Banks,eps_cagr_5yr,,,2013.0
ICICIBANK,Private Banks,eps_cagr_5yr,-4.3647500209963,82.86,2018.0
ICICIBANK,Private Banks,eps_cagr_5yr,,,2014.0
ICICIBANK,Private Banks,eps_cagr_5yr,,,2015.0
ICICIBANK,Private Banks,eps_cagr_5yr,32.496060863545125,11.43,2023.0
AXISBANK,Private Banks,eps_cagr_5yr,98.73407546644582,2.86,2023.0
AXISBANK,Private Banks,eps_cagr_5yr,,,2017.0
AXISBANK,Private Banks,eps_cagr_5yr,-7.090562353743978,88.57,2019.0
AXISBANK,Private Banks,eps_cagr_5yr,-27.995786442428194,97.14,2020.0
AXISBANK,Private Banks,eps_cagr_5yr,22.865967908314722,17.14,2022.0
AXISBANK,Private Banks,eps_cagr_5yr,35.09600385206135,8.57,2024.0
AXISBANK,Private Banks,eps_cagr_5yr,,,2014.0
AXISBANK,Private Banks,eps_cagr_5yr,,,2013.0
AXISBANK,Private Banks,eps_cagr_5yr,,,2015.0
AXISBANK,Private Banks,eps_cagr_5yr,,,2016.0
AXISBANK,Private Banks,eps_cagr_5yr,-8.867994584474538,91.43,2021.0
AXISBANK,Private Banks,eps_cagr_5yr,-46.10909661436371,100.0,2018.0
KOTAKBANK,Private Banks,eps_cagr_5yr,17.607902252467355,52.86,2020.0
KOTAKBANK,Private Banks,eps_cagr_5yr,19.344070441601247,25.71,2024.0
KOTAKBANK,Private Banks,eps_cagr_5yr,17.70453993611598,48.57,2022.0
KOTAKBANK,Private Banks,eps_cagr_5yr,21.350977971820974,20.0,2021.0
KOTAKBANK,Private Banks,eps_cagr_5yr,18.88654957871243,31.43,2019.0
KOTAKBANK,Private Banks,eps_cagr_5yr,,,2017.0
KOTAKBANK,Private Banks,eps_cagr_5yr,17.844539784792257,45.71,2023.0
KOTAKBANK,Private Banks,eps_cagr_5yr,,,2015.0
KOTAKBANK,Private Banks,eps_cagr_5yr,,,2014.0
KOTAKBANK,Private Banks,eps_cagr_5yr,17.08049129648923,57.14,2018.0
KOTAKBANK,Private Banks,eps_cagr_5yr,,,2016.0
KOTAKBANK,Private Banks,eps_cagr_5yr,,,2013.0
INDUSINDBK,Private Banks,eps_cagr_5yr,-0.5319450763145883,80.0,2021.0
INDUSINDBK,Private Banks,eps_cagr_5yr,4.563955259127317,77.14,2022.0
INDUSINDBK,Private Banks,eps_cagr_5yr,,,2017.0
INDUSINDBK,Private Banks,eps_cagr_5yr,13.485457134316015,68.57,2020.0
INDUSINDBK,Private Banks,eps_cagr_5yr,15.292162467409565,65.71,2019.0
INDUSINDBK,Private Banks,eps_cagr_5yr,9.626227935295418,74.29,2023.0
INDUSINDBK,Private Banks,eps_cagr_5yr,,,2016.0
INDUSINDBK,Private Banks,eps_cagr_5yr,24.57309396155174,14.29,2018.0
INDUSINDBK,Private Banks,eps_cagr_5yr,,,2015.0
INDUSINDBK,Private Banks,eps_cagr_5yr,15.895621875417865,60.0,2024.0
INDUSINDBK,Private Banks,eps_cagr_5yr,,,2013.0
INDUSINDBK,Private Banks,eps_cagr_5yr,,,2014.0
HDFCBANK,Private Banks,interest_coverage,1.4,50.0,2024.0
HDFCBANK,Private Banks,interest_coverage,1.92,15.0,2021.0
HDFCBANK,Private Banks,interest_coverage,1.86,20.0,2023.0
HDFCBANK,Private Banks,interest_coverage,1.84,24.17,2018.0
HDFCBANK,Private Banks,interest_coverage,1.85,21.67,2017.0
HDFCBANK,Private Banks,interest_coverage,1.63,41.67,2014.0
HDFCBANK,Private Banks,interest_coverage,1.78,33.33,2022.0
HDFCBANK,Private Banks,interest_coverage,1.83,26.67,2020.0
HDFCBANK,Private Banks,interest_coverage,1.77,35.0,2013.0
HDFCBANK,Private Banks,interest_coverage,1.69,37.5,2015.0
HDFCBANK,Private Banks,interest_coverage,1.79,31.67,2016.0
HDFCBANK,Private Banks,interest_coverage,1.84,24.17,2019.0
ICICIBANK,Private Banks,interest_coverage,1.26,80.83,2021.0
ICICIBANK,Private Banks,interest_coverage,1.22,92.5,2017.0
ICICIBANK,Private Banks,interest_coverage,1.31,63.33,2020.0
ICICIBANK,Private Banks,interest_coverage,1.41,48.33,2019.0
ICICIBANK,Private Banks,interest_coverage,1.3,66.67,2022.0
ICICIBANK,Private Banks,interest_coverage,1.3,66.67,2024.0
ICICIBANK,Private Banks,interest_coverage,1.24,84.17,2016.0
ICICIBANK,Private Banks,interest_coverage,1.08,100.0,2013.0
ICICIBANK,Private Banks,interest_coverage,1.28,73.33,2018.0
ICICIBANK,Private Banks,interest_coverage,1.09,98.33,2014.0
ICICIBANK,Private Banks,interest_coverage,1.1,96.67,2015.0
ICICIBANK,Private Banks,interest_coverage,1.35,55.83,2023.0
AXISBANK,Private Banks,interest_coverage,1.8,30.0,2023.0
AXISBANK,Private Banks,interest_coverage,2.04,11.67,2017.0
AXISBANK,Private Banks,interest_coverage,2.07,10.0,2019.0
AXISBANK,Private Banks,interest_coverage,2.26,6.67,2020.0
AXISBANK,Private Banks,interest_coverage,1.97,13.33,2022.0
AXISBANK,Private Banks,interest_coverage,1.69,37.5,2024.0
AXISBANK,Private Banks,interest_coverage,1.3,66.67,2014.0
AXISBANK,Private Banks,interest_coverage,1.27,76.67,2013.0
AXISBANK,Private Banks,interest_coverage,1.33,60.83,2015.0
AXISBANK,Private Banks,interest_coverage,1.43,45.83,2016.0
AXISBANK,Private Banks,interest_coverage,2.59,3.33,2021.0
AXISBANK,Private Banks,interest_coverage,2.63,1.67,2018.0
KOTAKBANK,Private Banks,interest_coverage,1.34,58.33,2020.0
KOTAKBANK,Private Banks,interest_coverage,1.24,84.17,2024.0
KOTAKBANK,Private Banks,interest_coverage,1.23,88.33,2022.0
KOTAKBANK,Private Banks,interest_coverage,1.26,80.83,2021.0
KOTAKBANK,Private Banks,interest_coverage,1.22,92.5,2019.0
KOTAKBANK,Private Banks,interest_coverage,1.27,76.67,2017.0
KOTAKBANK,Private Banks,interest_coverage,1.29,70.83,2023.0
KOTAKBANK,Private Banks,interest_coverage,1.19,95.0,2015.0
KOTAKBANK,Private Banks,interest_coverage,1.33,60.83,2014.0
KOTAKBANK,Private Banks,interest_coverage,1.23,88.33,2018.0
KOTAKBANK,Private Banks,interest_coverage,1.51,43.33,2016.0
KOTAKBANK,Private Banks,interest_coverage,1.29,70.83,2013.0
INDUSINDBK,Private Banks,interest_coverage,2.44,5.0,2021.0
INDUSINDBK,Private Banks,interest_coverage,2.16,8.33,2022.0
INDUSINDBK,Private Banks,interest_coverage,1.36,53.33,2017.0
INDUSINDBK,Private Banks,interest_coverage,1.81,28.33,2020.0
INDUSINDBK,Private Banks,interest_coverage,1.64,40.0,2019.0
INDUSINDBK,Private Banks,interest_coverage,1.9,16.67,2023.0
INDUSINDBK,Private Banks,interest_coverage,1.27,76.67,2016.0
INDUSINDBK,Private Banks,interest_coverage,1.38,51.67,2018.0
INDUSINDBK,Private Banks,interest_coverage,1.23,88.33,2015.0
INDUSINDBK,Private Banks,interest_coverage,1.88,18.33,2024.0
INDUSINDBK,Private Banks,interest_coverage,1.43,45.83,2013.0
INDUSINDBK,Private Banks,interest_coverage,1.35,55.83,2014.0
HDFCBANK,Private Banks,asset_turnover,0.07,65.83,2024.0
HDFCBANK,Private Banks,asset_turnover,0.07,65.83,2021.0
HDFCBANK,Private Banks,asset_turnover,0.07,65.83,2023.0
HDFCBANK,Private Banks,asset_turnover,0.08,34.17,2018.0
HDFCBANK,Private Banks,asset_turnover,0.08,34.17,2017.0
HDFCBANK,Private Banks,asset_turnover,0.08,34.17,2014.0
HDFCBANK,Private Banks,asset_turnover,0.06,89.17,2022.0
HDFCBANK,Private Banks,asset_turnover,0.08,34.17,2020.0
HDFCBANK,Private Banks,asset_turnover,0.09,10.0,2013.0
HDFCBANK,Private Banks,asset_turnover,0.08,34.17,2015.0
HDFCBANK,Private Banks,asset_turnover,0.08,34.17,2016.0
HDFCBANK,Private Banks,asset_turnover,0.08,34.17,2019.0
ICICIBANK,Private Banks,asset_turnover,0.06,89.17,2021.0
ICICIBANK,Private Banks,asset_turnover,0.06,89.17,2017.0
ICICIBANK,Private Banks,asset_turnover,0.06,89.17,2020.0
ICICIBANK,Private Banks,asset_turnover,0.06,89.17,2019.0
ICICIBANK,Private Banks,asset_turnover,0.05,100.0,2022.0
ICICIBANK,Private Banks,asset_turnover,0.07,65.83,2024.0
ICICIBANK,Private Banks,asset_turnover,0.06,89.17,2016.0
ICICIBANK,Private Banks,asset_turnover,0.07,65.83,2013.0
ICICIBANK,Private Banks,asset_turnover,0.06,89.17,2018.0
ICICIBANK,Private Banks,asset_turnover,0.07,65.83,2014.0
ICICIBANK,Private Banks,asset_turnover,0.07,65.83,2015.0
ICICIBANK,Private Banks,asset_turnover,0.06,89.17,2023.0
AXISBANK,Private Banks,asset_turnover,0.06,89.17,2023.0
AXISBANK,Private Banks,asset_turnover,0.07,65.83,2017.0
AXISBANK,Private Banks,asset_turnover,0.07,65.83,2019.0
AXISBANK,Private Banks,asset_turnover,0.07,65.83,2020.0
AXISBANK,Private Banks,asset_turnover,0.06,89.17,2022.0
AXISBANK,Private Banks,asset_turnover,0.07,65.83,2024.0
AXISBANK,Private Banks,asset_turnover,0.08,34.17,2014.0
AXISBANK,Private Banks,asset_turnover,0.08,34.17,2013.0
AXISBANK,Private Banks,asset_turnover,0.08,34.17,2015.0
AXISBANK,Private Banks,asset_turnover,0.08,34.17,2016.0
AXISBANK,Private Banks,asset_turnover,0.06,89.17,2021.0
AXISBANK,Private Banks,asset_turnover,0.07,65.83,2018.0
KOTAKBANK,Private Banks,asset_turnover,0.08,34.17,2020.0
KOTAKBANK,Private Banks,asset_turnover,0.07,65.83,2024.0
KOTAKBANK,Private Banks,asset_turnover,0.06,89.17,2022.0
KOTAKBANK,Private Banks,asset_turnover,0.07,65.83,2021.0
KOTAKBANK,Private Banks,asset_turnover,0.08,34.17,2019.0
KOTAKBANK,Private Banks,asset_turnover,0.08,34.17,2017.0
KOTAKBANK,Private Banks,asset_turnover,0.07,65.83,2023.0
KOTAKBANK,Private Banks,asset_turnover,0.09,10.0,2015.0
KOTAKBANK,Private Banks,asset_turnover,0.1,2.5,2014.0
KOTAKBANK,Private Banks,asset_turnover,0.07,65.83,2018.0
KOTAKBANK,Private Banks,asset_turnover,0.08,34.17,2016.0
KOTAKBANK,Private Banks,asset_turnover,0.09,10.0,2013.0
INDUSINDBK,Private Banks,asset_turnover,0.08,34.17,2021.0
INDUSINDBK,Private Banks,asset_turnover,0.08,34.17,2022.0
INDUSINDBK,Private Banks,asset_turnover,0.08,34.17,2017.0
INDUSINDBK,Private Banks,asset_turnover,0.09,10.0,2020.0
INDUSINDBK,Private Banks,asset_turnover,0.08,34.17,2019.0
INDUSINDBK,Private Banks,asset_turnover,0.08,34.17,2023.0
INDUSINDBK,Private Banks,asset_turnover,0.08,34.17,2016.0
INDUSINDBK,Private Banks,asset_turnover,0.08,34.17,2018.0
INDUSINDBK,Private Banks,asset_turnover,0.09,10.0,2015.0
INDUSINDBK,Private Banks,asset_turnover,0.09,10.0,2024.0
INDUSINDBK,Private Banks,asset_turnover,0.1,2.5,2013.0
INDUSINDBK,Private Banks,asset_turnover,0.09,10.0,2014.0
SBIN,Public Sector Banks,return_on_equity_pct,,,
BANKBARODA,Public Sector Banks,return_on_equity_pct,13.31,38.89,2014.0
BANKBARODA,Public Sector Banks,return_on_equity_pct,15.76,27.78,2024.0
BANKBARODA,Public Sector Banks,return_on_equity_pct,8.64,55.56,2022.0
BANKBARODA,Public Sector Banks,return_on_equity_pct,4.31,63.89,2017.0
BANKBARODA,Public Sector Banks,return_on_equity_pct,14.51,33.33,2013.0
BANKBARODA,Public Sector Banks,return_on_equity_pct,1.29,77.78,2020.0
BANKBARODA,Public Sector Banks,return_on_equity_pct,9.4,44.44,2015.0
BANKBARODA,Public Sector Banks,return_on_equity_pct,1.97,72.22,2021.0
BANKBARODA,Public Sector Banks,return_on_equity_pct,-11.84,91.67,2016.0
BANKBARODA,Public Sector Banks,return_on_equity_pct,14.28,36.11,2023.0
BANKBARODA,Public Sector Banks,return_on_equity_pct,2.12,69.44,2019.0
BANKBARODA,Public Sector Banks,return_on_equity_pct,-3.94,80.56,2018.0
CANBK,Public Sector Banks,return_on_equity_pct,4.74,61.11,2021.0
CANBK,Public Sector Banks,return_on_equity_pct,16.72,25.0,2024.0
CANBK,Public Sector Banks,return_on_equity_pct,8.8,52.78,2022.0
CANBK,Public Sector Banks,return_on_equity_pct,-7.82,86.11,2016.0
CANBK,Public Sector Banks,return_on_equity_pct,1.85,75.0,2019.0
CANBK,Public Sector Banks,return_on_equity_pct,8.85,50.0,2014.0
CANBK,Public Sector Banks,return_on_equity_pct,4.07,66.67,2017.0
CANBK,Public Sector Banks,return_on_equity_pct,-10.5,88.89,2018.0
CANBK,Public Sector Banks,return_on_equity_pct,-4.66,83.33,2020.0
CANBK,Public Sector Banks,return_on_equity_pct,11.9,41.67,2013.0
CANBK,Public Sector Banks,return_on_equity_pct,9.02,47.22,2015.0
CANBK,Public Sector Banks,return_on_equity_pct,14.53,30.56,2023.0
PNB,Public Sector Banks,return_on_equity_pct,30.39,19.44,2021.0
PNB,Public Sector Banks,return_on_equity_pct,39.87,13.89,2022.0
PNB,Public Sector Banks,return_on_equity_pct,30.67,16.67,2023.0
PNB,Public Sector Banks,return_on_equity_pct,22.21,22.22,2017.0
PNB,Public Sector Banks,return_on_equity_pct,393.36,5.56,2014.0
PNB,Public Sector Banks,return_on_equity_pct,-163.56,97.22,2016.0
PNB,Public Sector Banks,return_on_equity_pct,812.3,2.78,2013.0
PNB,Public Sector Banks,return_on_equity_pct,223.24,8.33,2015.0
PNB,Public Sector Banks,return_on_equity_pct,-184.37,100.0,2018.0
PNB,Public Sector Banks,return_on_equity_pct,61.32,11.11,2024.0
PNB,Public Sector Banks,return_on_equity_pct,6.1,58.33,2020.0
PNB,Public Sector Banks,return_on_equity_pct,-128.45,94.44,2019.0
SBIN,Public Sector Banks,net_profit_margin_pct,,,
BANKBARODA,Public Sector Banks,net_profit_margin_pct,12.45,16.67,2014.0
BANKBARODA,Public Sector Banks,net_profit_margin_pct,15.94,2.78,2024.0
BANKBARODA,Public Sector Banks,net_profit_margin_pct,10.81,22.22,2022.0
BANKBARODA,Public Sector Banks,net_profit_margin_pct,4.17,52.78,2017.0
BANKBARODA,Public Sector Banks,net_profit_margin_pct,13.25,11.11,2013.0
BANKBARODA,Public Sector Banks,net_profit_margin_pct,1.24,75.0,2020.0
BANKBARODA,Public Sector Banks,net_profit_margin_pct,8.79,26.39,2015.0
BANKBARODA,Public Sector Banks,net_profit_margin_pct,2.18,69.44,2021.0
BANKBARODA,Public Sector Banks,net_profit_margin_pct,-10.99,94.44,2016.0
BANKBARODA,Public Sector Banks,net_profit_margin_pct,15.88,5.56,2023.0
BANKBARODA,Public Sector Banks,net_profit_margin_pct,2.2,66.67,2019.0
BANKBARODA,Public Sector Banks,net_profit_margin_pct,-3.99,83.33,2018.0
CANBK,Public Sector Banks,net_profit_margin_pct,4.21,50.0,2021.0
CANBK,Public Sector Banks,net_profit_margin_pct,13.94,8.33,2024.0
CANBK,Public Sector Banks,net_profit_margin_pct,8.72,30.56,2022.0
CANBK,Public Sector Banks,net_profit_margin_pct,-5.76,86.11,2016.0
CANBK,Public Sector Banks,net_profit_margin_pct,1.45,72.22,2019.0
CANBK,Public Sector Banks,net_profit_margin_pct,6.75,41.67,2014.0
CANBK,Public Sector Banks,net_profit_margin_pct,3.4,58.33,2017.0
CANBK,Public Sector Banks,net_profit_margin_pct,-9.37,91.67,2018.0
CANBK,Public Sector Banks,net_profit_margin_pct,-3.86,80.56,2020.0
CANBK,Public Sector Banks,net_profit_margin_pct,8.79,26.39,2013.0
CANBK,Public Sector Banks,net_profit_margin_pct,6.69,44.44,2015.0
CANBK,Public Sector Banks,net_profit_margin_pct,13.21,13.89,2023.0
PNB,Public Sector Banks,net_profit_margin_pct,3.29,61.11,2021.0
PNB,Public Sector Banks,net_profit_margin_pct,5.13,47.22,2022.0
PNB,Public Sector Banks,net_profit_margin_pct,3.87,55.56,2023.0
PNB,Public Sector Banks,net_profit_margin_pct,2.58,63.89,2017.0
PNB,Public Sector Banks,net_profit_margin_pct,8.17,36.11,2014.0
PNB,Public Sector Banks,net_profit_margin_pct,-6.91,88.89,2016.0
PNB,Public Sector Banks,net_profit_margin_pct,11.66,19.44,2013.0
PNB,Public Sector Banks,net_profit_margin_pct,7.24,38.89,2015.0
PNB,Public Sector Banks,net_profit_margin_pct,-24.86,100.0,2018.0
PNB,Public Sector Banks,net_profit_margin_pct,8.4,33.33,2024.0
PNB,Public Sector Banks,net_profit_margin_pct,0.88,77.78,2020.0
PNB,Public Sector Banks,net_profit_margin_pct,-18.31,97.22,2019.0
SBIN,Public Sector Banks,operating_profit_margin_pct,,,
BANKBARODA,Public Sector Banks,operating_profit_margin_pct,29.78,87.5,2014.0
BANKBARODA,Public Sector Banks,operating_profit_margin_pct,37.49,75.0,2024.0
BANKBARODA,Public Sector Banks,operating_profit_margin_pct,51.12,41.67,2022.0
BANKBARODA,Public Sector Banks,operating_profit_margin_pct,43.28,54.17,2017.0
BANKBARODA,Public Sector Banks,operating_profit_margin_pct,30.05,79.17,2013.0
BANKBARODA,Public Sector Banks,operating_profit_margin_pct,51.44,33.33,2020.0
BANKBARODA,Public Sector Banks,operating_profit_margin_pct,29.98,83.33,2015.0
BANKBARODA,Public Sector Banks,operating_profit_margin_pct,51.23,37.5,2021.0
BANKBARODA,Public Sector Banks,operating_profit_margin_pct,55.44,25.0,2016.0
BANKBARODA,Public Sector Banks,operating_profit_margin_pct,40.45,62.5,2023.0
BANKBARODA,Public Sector Banks,operating_profit_margin_pct,48.79,50.0,2019.0
BANKBARODA,Public Sector Banks,operating_profit_margin_pct,56.65,20.83,2018.0
CANBK,Public Sector Banks,operating_profit_margin_pct,61.83,8.33,2021.0
CANBK,Public Sector Banks,operating_profit_margin_pct,41.75,58.33,2024.0
CANBK,Public Sector Banks,operating_profit_margin_pct,58.39,12.5,2022.0
CANBK,Public Sector Banks,operating_profit_margin_pct,40.38,66.67,2016.0
CANBK,Public Sector Banks,operating_profit_margin_pct,56.73,16.67,2019.0
CANBK,Public Sector Banks,operating_profit_margin_pct,24.35,91.67,2014.0
CANBK,Public Sector Banks,operating_profit_margin_pct,37.85,70.83,2017.0
CANBK,Public Sector Banks,operating_profit_margin_pct,61.87,4.17,2018.0
CANBK,Public Sector Banks,operating_profit_margin_pct,53.88,29.17,2020.0
CANBK,Public Sector Banks,operating_profit_margin_pct,21.18,100.0,2013.0
CANBK,Public Sector Banks,operating_profit_margin_pct,23.51,95.83,2015.0
CANBK,Public Sector Banks,operating_profit_margin_pct,49.8,45.83,2023.0
PNB,Public Sector Banks,operating_profit_margin_pct,,,2021.0
PNB,Public Sector Banks,operating_profit_margin_pct,,,2022.0
PNB,Public Sector Banks,operating_profit_margin_pct,,,2023.0
PNB,Public Sector Banks,operating_profit_margin_pct,,,2017.0
PNB,Public Sector Banks,operating_profit_margin_pct,,,2014.0
PNB,Public Sector Banks,operating_profit_margin_pct,,,2016.0
PNB,Public Sector Banks,operating_profit_margin_pct,,,2013.0
PNB,Public Sector Banks,operating_profit_margin_pct,,,2015.0
PNB,Public Sector Banks,operating_profit_margin_pct,,,2018.0
PNB,Public Sector Banks,operating_profit_margin_pct,,,2024.0
PNB,Public Sector Banks,operating_profit_margin_pct,,,2020.0
PNB,Public Sector Banks,operating_profit_margin_pct,,,2019.0
SBIN,Public Sector Banks,debt_to_equity,,,
BANKBARODA,Public Sector Banks,debt_to_equity,16.3,94.44,2014.0
BANKBARODA,Public Sector Banks,debt_to_equity,12.14,36.11,2024.0
BANKBARODA,Public Sector Banks,debt_to_equity,12.9,41.67,2022.0
BANKBARODA,Public Sector Banks,debt_to_equity,15.06,66.67,2017.0
BANKBARODA,Public Sector Banks,debt_to_equity,15.3,72.22,2013.0
BANKBARODA,Public Sector Banks,debt_to_equity,14.05,50.0,2020.0
BANKBARODA,Public Sector Banks,debt_to_equity,15.84,83.33,2015.0
BANKBARODA,Public Sector Banks,debt_to_equity,12.95,44.44,2021.0
BANKBARODA,Public Sector Banks,debt_to_equity,14.6,55.56,2016.0
BANKBARODA,Public Sector Banks,debt_to_equity,12.78,38.89,2023.0
BANKBARODA,Public Sector Banks,debt_to_equity,13.35,47.22,2019.0
BANKBARODA,Public Sector Banks,debt_to_equity,14.44,52.78,2018.0
CANBK,Public Sector Banks,debt_to_equity,17.0,100.0,2021.0
CANBK,Public Sector Banks,debt_to_equity,14.87,61.11,2024.0
CANBK,Public Sector Banks,debt_to_equity,16.19,88.89,2022.0
CANBK,Public Sector Banks,debt_to_equity,15.63,80.56,2016.0
CANBK,Public Sector Banks,debt_to_equity,16.99,97.22,2019.0
CANBK,Public Sector Banks,debt_to_equity,14.84,58.33,2014.0
CANBK,Public Sector Banks,debt_to_equity,15.42,77.78,2017.0
CANBK,Public Sector Banks,debt_to_equity,15.28,69.44,2018.0
CANBK,Public Sector Banks,debt_to_equity,16.22,91.67,2020.0
CANBK,Public Sector Banks,debt_to_equity,14.94,63.89,2013.0
CANBK,Public Sector Banks,debt_to_equity,15.37,75.0,2015.0
CANBK,Public Sector Banks,debt_to_equity,15.85,86.11,2023.0
PNB,Public Sector Banks,debt_to_equity,6.7,13.89,2021.0
PNB,Public Sector Banks,debt_to_equity,5.4,8.33,2022.0
PNB,Public Sector Banks,debt_to_equity,4.9,5.56,2023.0
PNB,Public Sector Banks,debt_to_equity,6.36,11.11,2017.0
PNB,Public Sector Banks,debt_to_equity,10.82,27.78,2014.0
PNB,Public Sector Banks,debt_to_equity,12.12,33.33,2016.0
PNB,Public Sector Banks,debt_to_equity,10.83,30.56,2013.0
PNB,Public Sector Banks,debt_to_equity,10.44,25.0,2015.0
PNB,Public Sector Banks,debt_to_equity,8.19,16.67,2018.0
PNB,Public Sector Banks,debt_to_equity,3.68,2.78,2024.0
PNB,Public Sector Banks,debt_to_equity,8.52,19.44,2020.0
PNB,Public Sector Banks,debt_to_equity,9.66,22.22,2019.0
SBIN,Public Sector Banks,free_cash_flow,,,
BANKBARODA,Public Sector Banks,free_cash_flow,41503.0,5.56,2014.0
BANKBARODA,Public Sector Banks,free_cash_flow,-7559.0,77.78,2024.0
BANKBARODA,Public Sector Banks,free_cash_flow,2565.0,55.56,2022.0
BANKBARODA,Public Sector Banks,free_cash_flow,17314.0,27.78,2017.0
BANKBARODA,Public Sector Banks,free_cash_flow,22682.0,11.11,2013.0
BANKBARODA,Public Sector Banks,free_cash_flow,18392.0,22.22,2020.0
BANKBARODA,Public Sector Banks,free_cash_flow,17282.0,30.56,2015.0
BANKBARODA,Public Sector Banks,free_cash_flow,-1358.0,69.44,2021.0
BANKBARODA,Public Sector Banks,free_cash_flow,-14016.0,86.11,2016.0
BANKBARODA,Public Sector Banks,free_cash_flow,-22450.0,88.89,2023.0
BANKBARODA,Public Sector Banks,free_cash_flow,-3986.0,72.22,2019.0
BANKBARODA,Public Sector Banks,free_cash_flow,-60106.0,100.0,2018.0
CANBK,Public Sector Banks,free_cash_flow,58002.0,2.78,2021.0
CANBK,Public Sector Banks,free_cash_flow,13296.0,38.89,2024.0
CANBK,Public Sector Banks,free_cash_flow,-510.0,61.11,2022.0
CANBK,Public Sector Banks,free_cash_flow,8903.0,44.44,2016.0
CANBK,Public Sector Banks,free_cash_flow,17492.0,25.0,2019.0
CANBK,Public Sector Banks,free_cash_flow,13864.0,36.11,2014.0
CANBK,Public Sector Banks,free_cash_flow,2099.0,58.33,2017.0
CANBK,Public Sector Banks,free_cash_flow,-11607.0,80.56,2018.0
CANBK,Public Sector Banks,free_cash_flow,-5734.0,75.0,2020.0
CANBK,Public Sector Banks,free_cash_flow,7575.0,47.22,2013.0
CANBK,Public Sector Banks,free_cash_flow,5240.0,50.0,2015.0
CANBK,Public Sector Banks,free_cash_flow,-41134.0,97.22,2023.0
PNB,Public Sector Banks,free_cash_flow,30163.0,8.33,2021.0
PNB,Public Sector Banks,free_cash_flow,18828.0,19.44,2022.0
PNB,Public Sector Banks,free_cash_flow,21860.0,16.67,2023.0
PNB,Public Sector Banks,free_cash_flow,22097.0,13.89,2017.0
PNB,Public Sector Banks,free_cash_flow,16604.0,33.33,2014.0
PNB,Public Sector Banks,free_cash_flow,12815.0,41.67,2016.0
PNB,Public Sector Banks,free_cash_flow,-1292.0,63.89,2013.0
PNB,Public Sector Banks,free_cash_flow,3942.0,52.78,2015.0
PNB,Public Sector Banks,free_cash_flow,-1350.0,66.67,2018.0
PNB,Public Sector Banks,free_cash_flow,-29445.0,91.67,2024.0
PNB,Public Sector Banks,free_cash_flow,-13131.0,83.33,2020.0
PNB,Public Sector Banks,free_cash_flow,-34161.0,94.44,2019.0
SBIN,Public Sector Banks,revenue_cagr_5yr,,,
BANKBARODA,Public Sector Banks,revenue_cagr_5yr,,,2014.0
BANKBARODA,Public Sector Banks,revenue_cagr_5yr,17.477297665890944,9.52,2024.0
BANKBARODA,Public Sector Banks,revenue_cagr_5yr,10.535600363888875,42.86,2022.0
BANKBARODA,Public Sector Banks,revenue_cagr_5yr,,,2017.0
BANKBARODA,Public Sector Banks,revenue_cagr_5yr,,,2013.0
BANKBARODA,Public Sector Banks,revenue_cagr_5yr,11.92616288690813,33.33,2020.0
BANKBARODA,Public Sector Banks,revenue_cagr_5yr,,,2015.0
BANKBARODA,Public Sector Banks,revenue_cagr_5yr,10.16481983224744,47.62,2021.0
BANKBARODA,Public Sector Banks,revenue_cagr_5yr,,,2016.0
BANKBARODA,Public Sector Banks,revenue_cagr_5yr,15.460085773662335,23.81,2023.0
BANKBARODA,Public Sector Banks,revenue_cagr_5yr,5.50896667929075,66.67,2019.0
BANKBARODA,Public Sector Banks,revenue_cagr_5yr,4.794092847280318,71.43,2018.0
CANBK,Public Sector Banks,revenue_cagr_5yr,9.79068258124791,57.14,2021.0
CANBK,Public Sector Banks,revenue_cagr_5yr,18.17561078322378,4.76,2024.0
CANBK,Public Sector Banks,revenue_cagr_5yr,11.239387352854724,38.1,2022.0
CANBK,Public Sector Banks,revenue_cagr_5yr,,,2016.0
CANBK,Public Sector Banks,revenue_cagr_5yr,3.9169337588697672,80.95,2019.0
CANBK,Public Sector Banks,revenue_cagr_5yr,,,2014.0
CANBK,Public Sector Banks,revenue_cagr_5yr,,,2017.0
CANBK,Public Sector Banks,revenue_cagr_5yr,3.9465722412666437,76.19,2018.0
CANBK,Public Sector Banks,revenue_cagr_5yr,2.5778826660805887,90.48,2020.0
CANBK,Public Sector Banks,revenue_cagr_5yr,,,2013.0
CANBK,Public Sector Banks,revenue_cagr_5yr,,,2015.0
CANBK,Public Sector Banks,revenue_cagr_5yr,15.744100651185388,19.05,2023.0
PNB,Public Sector Banks,revenue_cagr_5yr,10.030810019359127,52.38,2021.0
PNB,Public Sector Banks,revenue_cagr_5yr,9.669463127978407,61.9,2022.0
PNB,Public Sector Banks,revenue_cagr_5yr,12.253164864690724,28.57,2023.0
PNB,Public Sector Banks,revenue_cagr_5yr,,,2017.0
PNB,Public Sector Banks,revenue_cagr_5yr,,,2014.0
PNB,Public Sector Banks,revenue_cagr_5yr,,,2016.0
PNB,Public Sector Banks,revenue_cagr_5yr,,,2013.0
PNB,Public Sector Banks,revenue_cagr_5yr,,,2015.0
PNB,Public Sector Banks,revenue_cagr_5yr,2.4975249752582362,95.24,2018.0
PNB,Public Sector Banks,revenue_cagr_5yr,15.902076009106025,14.29,2024.0
PNB,Public Sector Banks,revenue_cagr_5yr,2.428147129974434,100.0,2020.0
PNB,Public Sector Banks,revenue_cagr_5yr,3.011205394596783,85.71,2019.0
SBIN,Public Sector Banks,pat_cagr_5yr,,,
BANKBARODA,Public Sector Banks,pat_cagr_5yr,,,2014.0
BANKBARODA,Public Sector Banks,pat_cagr_5yr,74.50588066551305,22.22,2024.0
BANKBARODA,Public Sector Banks,pat_cagr_5yr,33.726878745525866,44.44,2022.0
BANKBARODA,Public Sector Banks,pat_cagr_5yr,,,2017.0
BANKBARODA,Public Sector Banks,pat_cagr_5yr,,,2013.0
BANKBARODA,Public Sector Banks,pat_cagr_5yr,-24.314204084211188,77.78,2020.0
BANKBARODA,Public Sector Banks,pat_cagr_5yr,,,2015.0
BANKBARODA,Public Sector Banks,pat_cagr_5yr,,,2021.0
BANKBARODA,Public Sector Banks,pat_cagr_5yr,,,2016.0
BANKBARODA,Public Sector Banks,pat_cagr_5yr,,,2023.0
BANKBARODA,Public Sector Banks,pat_cagr_5yr,-25.36843206737871,88.89,2019.0
BANKBARODA,Public Sector Banks,pat_cagr_5yr,,,2018.0
CANBK,Public Sector Banks,pat_cagr_5yr,,,2021.0
CANBK,Public Sector Banks,pat_cagr_5yr,85.7752850068174,11.11,2024.0
CANBK,Public Sector Banks,pat_cagr_5yr,34.27109608133916,33.33,2022.0
CANBK,Public Sector Banks,pat_cagr_5yr,,,2016.0
CANBK,Public Sector Banks,pat_cagr_5yr,-23.589233339154912,66.67,2019.0
CANBK,Public Sector Banks,pat_cagr_5yr,,,2014.0
CANBK,Public Sector Banks,pat_cagr_5yr,,,2017.0
CANBK,Public Sector Banks,pat_cagr_5yr,,,2018.0
CANBK,Public Sector Banks,pat_cagr_5yr,,,2020.0
CANBK,Public Sector Banks,pat_cagr_5yr,,,2013.0
CANBK,Public Sector Banks,pat_cagr_5yr,,,2015.0
CANBK,Public Sector Banks,pat_cagr_5yr,,,2023.0
PNB,Public Sector Banks,pat_cagr_5yr,,,2021.0
PNB,Public Sector Banks,pat_cagr_5yr,25.827813432196976,55.56,2022.0
PNB,Public Sector Banks,pat_cagr_5yr,,,2023.0
PNB,Public Sector Banks,pat_cagr_5yr,,,2017.0
PNB,Public Sector Banks,pat_cagr_5yr,,,2014.0
PNB,Public Sector Banks,pat_cagr_5yr,,,2016.0
PNB,Public Sector Banks,pat_cagr_5yr,,,2013.0
PNB,Public Sector Banks,pat_cagr_5yr,,,2015.0
PNB,Public Sector Banks,pat_cagr_5yr,,,2018.0
PNB,Public Sector Banks,pat_cagr_5yr,,,2024.0
PNB,Public Sector Banks,pat_cagr_5yr,-32.746247167458385,100.0,2020.0
PNB,Public Sector Banks,pat_cagr_5yr,,,2019.0
SBIN,Public Sector Banks,eps_cagr_5yr,,,
BANKBARODA,Public Sector Banks,eps_cagr_5yr,,,2014.0
BANKBARODA,Public Sector Banks,eps_cagr_5yr,55.18455739153598,11.11,2024.0
BANKBARODA,Public Sector Banks,eps_cagr_5yr,13.396657763302722,33.33,2022.0
BANKBARODA,Public Sector Banks,eps_cagr_5yr,,,2017.0
BANKBARODA,Public Sector Banks,eps_cagr_5yr,,,2013.0
BANKBARODA,Public Sector Banks,eps_cagr_5yr,-35.56059850227457,88.89,2020.0
BANKBARODA,Public Sector Banks,eps_cagr_5yr,,,2015.0
BANKBARODA,Public Sector Banks,eps_cagr_5yr,,,2021.0
BANKBARODA,Public Sector Banks,eps_cagr_5yr,,,2016.0
BANKBARODA,Public Sector Banks,eps_cagr_5yr,,,2023.0
BANKBARODA,Public Sector Banks,eps_cagr_5yr,-29.51991307003312,77.78,2019.0
BANKBARODA,Public Sector Banks,eps_cagr_5yr,,,2018.0
CANBK,Public Sector Banks,eps_cagr_5yr,,,2021.0
CANBK,Public Sector Banks,eps_cagr_5yr,53.4206382524911,22.22,2024.0
CANBK,Public Sector Banks,eps_cagr_5yr,6.9610375725068785,44.44,2022.0
CANBK,Public Sector Banks,eps_cagr_5yr,,,2016.0
CANBK,Public Sector Banks,eps_cagr_5yr,-27.522033632230446,66.67,2019.0
CANBK,Public Sector Banks,eps_cagr_5yr,,,2014.0
CANBK,Public Sector Banks,eps_cagr_5yr,,,2017.0
CANBK,Public Sector Banks,eps_cagr_5yr,,,2018.0
CANBK,Public Sector Banks,eps_cagr_5yr,,,2020.0
CANBK,Public Sector Banks,eps_cagr_5yr,,,2013.0
CANBK,Public Sector Banks,eps_cagr_5yr,,,2015.0
CANBK,Public Sector Banks,eps_cagr_5yr,,,2023.0
PNB,Public Sector Banks,eps_cagr_5yr,,,2021.0
PNB,Public Sector Banks,eps_cagr_5yr,-7.7892088518272224,55.56,2022.0
PNB,Public Sector Banks,eps_cagr_5yr,,,2023.0
PNB,Public Sector Banks,eps_cagr_5yr,,,2017.0
PNB,Public Sector Banks,eps_cagr_5yr,,,2014.0
PNB,Public Sector Banks,eps_cagr_5yr,,,2016.0
PNB,Public Sector Banks,eps_cagr_5yr,,,2013.0
PNB,Public Sector Banks,eps_cagr_5yr,,,2015.0
PNB,Public Sector Banks,eps_cagr_5yr,,,2018.0
PNB,Public Sector Banks,eps_cagr_5yr,,,2024.0
PNB,Public Sector Banks,eps_cagr_5yr,-43.90224272769003,100.0,2020.0
PNB,Public Sector Banks,eps_cagr_5yr,,,2019.0
SBIN,Public Sector Banks,interest_coverage,,,
BANKBARODA,Public Sector Banks,interest_coverage,2.17,75.0,2014.0
BANKBARODA,Public Sector Banks,interest_coverage,1.9,83.33,2024.0
BANKBARODA,Public Sector Banks,interest_coverage,2.61,33.33,2022.0
BANKBARODA,Public Sector Banks,interest_coverage,2.42,50.0,2017.0
BANKBARODA,Public Sector Banks,interest_coverage,2.43,45.83,2013.0
BANKBARODA,Public Sector Banks,interest_coverage,3.33,16.67,2020.0
BANKBARODA,Public Sector Banks,interest_coverage,2.47,41.67,2015.0
BANKBARODA,Public Sector Banks,interest_coverage,2.59,37.5,2021.0
BANKBARODA,Public Sector Banks,interest_coverage,4.23,4.17,2016.0
BANKBARODA,Public Sector Banks,interest_coverage,2.35,54.17,2023.0
BANKBARODA,Public Sector Banks,interest_coverage,3.27,20.83,2019.0
BANKBARODA,Public Sector Banks,interest_coverage,3.26,25.0,2018.0
CANBK,Public Sector Banks,interest_coverage,1.88,87.5,2021.0
CANBK,Public Sector Banks,interest_coverage,1.61,100.0,2024.0
CANBK,Public Sector Banks,interest_coverage,1.74,91.67,2022.0
CANBK,Public Sector Banks,interest_coverage,3.37,12.5,2016.0
CANBK,Public Sector Banks,interest_coverage,2.74,29.17,2019.0
CANBK,Public Sector Banks,interest_coverage,2.32,58.33,2014.0
CANBK,Public Sector Banks,interest_coverage,2.0,79.17,2017.0
CANBK,Public Sector Banks,interest_coverage,3.45,8.33,2018.0
CANBK,Public Sector Banks,interest_coverage,2.27,62.5,2020.0
CANBK,Public Sector Banks,interest_coverage,2.18,68.75,2013.0
CANBK,Public Sector Banks,interest_coverage,2.18,68.75,2015.0
CANBK,Public Sector Banks,interest_coverage,1.69,95.83,2023.0
PNB,Public Sector Banks,interest_coverage,,,2021.0
PNB,Public Sector Banks,interest_coverage,,,2022.0
PNB,Public Sector Banks,interest_coverage,,,2023.0
PNB,Public Sector Banks,interest_coverage,,,2017.0
PNB,Public Sector Banks,interest_coverage,,,2014.0
PNB,Public Sector Banks,interest_coverage,,,2016.0
PNB,Public Sector Banks,interest_coverage,,,2013.0
PNB,Public Sector Banks,interest_coverage,,,2015.0
PNB,Public Sector Banks,interest_coverage,,,2018.0
PNB,Public Sector Banks,interest_coverage,,,2024.0
PNB,Public Sector Banks,interest_coverage,,,2020.0
PNB,Public Sector Banks,interest_coverage,,,2019.0
SBIN,Public Sector Banks,asset_turnover,,,
BANKBARODA,Public Sector Banks,asset_turnover,0.06,84.72,2014.0
BANKBARODA,Public Sector Banks,asset_turnover,0.07,58.33,2024.0
BANKBARODA,Public Sector Banks,asset_turnover,0.05,100.0,2022.0
BANKBARODA,Public Sector Banks,asset_turnover,0.06,84.72,2017.0
BANKBARODA,Public Sector Banks,asset_turnover,0.07,58.33,2013.0
BANKBARODA,Public Sector Banks,asset_turnover,0.07,58.33,2020.0
BANKBARODA,Public Sector Banks,asset_turnover,0.06,84.72,2015.0
BANKBARODA,Public Sector Banks,asset_turnover,0.06,84.72,2021.0
BANKBARODA,Public Sector Banks,asset_turnover,0.07,58.33,2016.0
BANKBARODA,Public Sector Banks,asset_turnover,0.06,84.72,2023.0
BANKBARODA,Public Sector Banks,asset_turnover,0.06,84.72,2019.0
BANKBARODA,Public Sector Banks,asset_turnover,0.06,84.72,2018.0
CANBK,Public Sector Banks,asset_turnover,0.06,84.72,2021.0
CANBK,Public Sector Banks,asset_turnover,0.07,58.33,2024.0
CANBK,Public Sector Banks,asset_turnover,0.06,84.72,2022.0
CANBK,Public Sector Banks,asset_turnover,0.08,40.28,2016.0
CANBK,Public Sector Banks,asset_turnover,0.07,58.33,2019.0
CANBK,Public Sector Banks,asset_turnover,0.08,40.28,2014.0
CANBK,Public Sector Banks,asset_turnover,0.07,58.33,2017.0
CANBK,Public Sector Banks,asset_turnover,0.07,58.33,2018.0
CANBK,Public Sector Banks,asset_turnover,0.07,58.33,2020.0
CANBK,Public Sector Banks,asset_turnover,0.08,40.28,2013.0
CANBK,Public Sector Banks,asset_turnover,0.08,40.28,2015.0
CANBK,Public Sector Banks,asset_turnover,0.06,84.72,2023.0
PNB,Public Sector Banks,asset_turnover,1.15,22.22,2021.0
PNB,Public Sector Banks,asset_turnover,1.16,19.44,2022.0
PNB,Public Sector Banks,asset_turnover,1.3,16.67,2023.0
PNB,Public Sector Banks,asset_turnover,1.12,25.0,2017.0
PNB,Public Sector Banks,asset_turnover,3.9,5.56,2014.0
PNB,Public Sector Banks,asset_turnover,1.71,11.11,2016.0
PNB,Public Sector Banks,asset_turnover,5.63,2.78,2013.0
PNB,Public Sector Banks,asset_turnover,2.56,8.33,2015.0
PNB,Public Sector Banks,asset_turnover,0.77,27.78,2018.0
PNB,Public Sector Banks,asset_turnover,1.51,13.89,2024.0
PNB,Public Sector Banks,asset_turnover,0.7,30.56,2020.0
PNB,Public Sector Banks,asset_turnover,0.62,33.33,2019.0
TCS,IT Services,return_on_equity_pct,50.94,3.39,2024.0
TCS,IT Services,return_on_equity_pct,46.78,5.08,2023.0
TCS,IT Services,return_on_equity_pct,38.57,15.25,2020.0
TCS,IT Services,return_on_equity_pct,43.13,6.78,2022.0
TCS,IT Services,return_on_equity_pct,30.4,37.29,2018.0
TCS,IT Services,return_on_equity_pct,35.29,22.03,2019.0
TCS,IT Services,return_on_equity_pct,37.67,18.64,2021.0
TCS,IT Services,return_on_equity_pct,34.24,23.73,2016.0
TCS,IT Services,return_on_equity_pct,39.62,10.17,2015.0
TCS,IT Services,return_on_equity_pct,30.57,35.59,2017.0
TCS,IT Services,return_on_equity_pct,39.3,13.56,2014.0
TCS,IT Services,return_on_equity_pct,36.52,20.34,2013.0
INFY,IT Services,return_on_equity_pct,31.97,28.81,2023.0
INFY,IT Services,return_on_equity_pct,24.82,57.63,2013.0
INFY,IT Services,return_on_equity_pct,29.79,40.68,2024.0
INFY,IT Services,return_on_equity_pct,24.39,62.71,2015.0
INFY,IT Services,return_on_equity_pct,24.69,59.32,2018.0
INFY,IT Services,return_on_equity_pct,29.39,42.37,2022.0
INFY,IT Services,return_on_equity_pct,23.93,67.8,2014.0
INFY,IT Services,return_on_equity_pct,25.44,54.24,2021.0
INFY,IT Services,return_on_equity_pct,25.42,55.93,2020.0
INFY,IT Services,return_on_equity_pct,23.73,69.49,2019.0
INFY,IT Services,return_on_equity_pct,21.85,76.27,2016.0
INFY,IT Services,return_on_equity_pct,20.81,86.44,2017.0
HCLTECH,IT Services,return_on_equity_pct,21.84,77.97,2022.0
HCLTECH,IT Services,return_on_equity_pct,18.64,91.53,2021.0
HCLTECH,IT Services,return_on_equity_pct,22.7,74.58,2023.0
HCLTECH,IT Services,return_on_equity_pct,24.46,61.02,2019.0
HCLTECH,IT Services,return_on_equity_pct,23.01,71.19,2024.0
HCLTECH,IT Services,return_on_equity_pct,21.57,81.36,2020.0
HCLTECH,IT Services,return_on_equity_pct,23.97,66.1,2018.0
HCLTECH,IT Services,return_on_equity_pct,26.12,52.54,2017.0
HCLTECH,IT Services,return_on_equity_pct,30.31,38.98,2015.0
HCLTECH,IT Services,return_on_equity_pct,33.39,25.42,2014.0
HCLTECH,IT Services,return_on_equity_pct,30.69,33.9,2013.0
TECHM,IT Services,return_on_equity_pct,20.09,89.83,2018.0
TECHM,IT Services,return_on_equity_pct,33.35,27.12,2014.0
TECHM,IT Services,return_on_equity_pct,20.94,84.75,2022.0
TECHM,IT Services,return_on_equity_pct,24.09,64.41,2013.0
TECHM,IT Services,return_on_equity_pct,21.14,83.05,2019.0
TECHM,IT Services,return_on_equity_pct,21.71,79.66,2015.0
TECHM,IT Services,return_on_equity_pct,17.87,93.22,2020.0
TECHM,IT Services,return_on_equity_pct,20.75,88.14,2016.0
TECHM,IT Services,return_on_equity_pct,17.39,96.61,2023.0
TECHM,IT Services,return_on_equity_pct,17.35,98.31,2017.0
TECHM,IT Services,return_on_equity_pct,17.51,94.92,2021.0
TECHM,IT Services,return_on_equity_pct,8.99,100.0,2024.0
LTIM,IT Services,return_on_equity_pct,26.58,49.15,2023.0
LTIM,IT Services,return_on_equity_pct,27.65,47.46,2022.0
LTIM,IT Services,return_on_equity_pct,22.9,72.88,2024.0
LTIM,IT Services,return_on_equity_pct,26.53,50.85,2021.0
LTIM,IT Services,return_on_equity_pct,28.13,45.76,2020.0
LTIM,IT Services,return_on_equity_pct,61.86,1.69,2014.0
LTIM,IT Services,return_on_equity_pct,41.97,8.47,2013.0
LTIM,IT Services,return_on_equity_pct,30.98,30.51,2019.0
LTIM,IT Services,return_on_equity_pct,30.88,32.2,2017.0
LTIM,IT Services,return_on_equity_pct,28.81,44.07,2018.0
LTIM,IT Services,return_on_equity_pct,37.96,16.95,2015.0
LTIM,IT Services,return_on_equity_pct,39.34,11.86,2016.0
TCS,IT Services,net_profit_margin_pct,19.14,35.59,2024.0
TCS,IT Services,net_profit_margin_pct,18.76,38.98,2023.0
TCS,IT Services,net_profit_margin_pct,20.67,23.73,2020.0
TCS,IT Services,net_profit_margin_pct,20.05,28.81,2022.0
TCS,IT Services,net_profit_margin_pct,21.02,20.34,2018.0
TCS,IT Services,net_profit_margin_pct,21.55,15.25,2019.0
TCS,IT Services,net_profit_margin_pct,19.83,32.2,2021.0
TCS,IT Services,net_profit_margin_pct,22.4,8.47,2016.0
TCS,IT Services,net_profit_margin_pct,21.19,18.64,2015.0
TCS,IT Services,net_profit_margin_pct,22.34,11.86,2017.0
TCS,IT Services,net_profit_margin_pct,23.63,1.69,2014.0
TCS,IT Services,net_profit_margin_pct,22.35,10.17,2013.0
INFY,IT Services,net_profit_margin_pct,16.43,52.54,2023.0
INFY,IT Services,net_profit_margin_pct,23.37,3.39,2013.0
INFY,IT Services,net_profit_margin_pct,17.08,49.15,2024.0
INFY,IT Services,net_profit_margin_pct,23.2,5.08,2015.0
INFY,IT Services,net_profit_margin_pct,22.73,6.78,2018.0
INFY,IT Services,net_profit_margin_pct,18.21,44.07,2022.0
INFY,IT Services,net_profit_margin_pct,21.26,16.95,2014.0
INFY,IT Services,net_profit_margin_pct,19.33,33.9,2021.0
INFY,IT Services,net_profit_margin_pct,18.33,42.37,2020.0
INFY,IT Services,net_profit_margin_pct,18.64,40.68,2019.0
INFY,IT Services,net_profit_margin_pct,21.6,13.56,2016.0
INFY,IT Services,net_profit_margin_pct,20.96,22.03,2017.0
HCLTECH,IT Services,net_profit_margin_pct,15.79,58.47,2022.0
HCLTECH,IT Services,net_profit_margin_pct,14.82,71.19,2021.0
HCLTECH,IT Services,net_profit_margin_pct,14.63,72.88,2023.0
HCLTECH,IT Services,net_profit_margin_pct,16.75,50.85,2019.0
HCLTECH,IT Services,net_profit_margin_pct,14.29,77.97,2024.0
HCLTECH,IT Services,net_profit_margin_pct,15.64,62.71,2020.0
HCLTECH,IT Services,net_profit_margin_pct,17.25,47.46,2018.0
HCLTECH,IT Services,net_profit_margin_pct,18.09,45.76,2017.0
HCLTECH,IT Services,net_profit_margin_pct,20.0,30.51,2015.0
HCLTECH,IT Services,net_profit_margin_pct,20.31,25.42,2014.0
HCLTECH,IT Services,net_profit_margin_pct,15.79,58.47,2013.0
TECHM,IT Services,net_profit_margin_pct,12.3,88.14,2018.0
TECHM,IT Services,net_profit_margin_pct,16.29,54.24,2014.0
TECHM,IT Services,net_profit_margin_pct,12.61,84.75,2022.0
TECHM,IT Services,net_profit_margin_pct,19.02,37.29,2013.0
TECHM,IT Services,net_profit_margin_pct,12.35,86.44,2019.0
TECHM,IT Services,net_profit_margin_pct,11.75,89.83,2015.0
TECHM,IT Services,net_profit_margin_pct,10.57,94.92,2020.0
TECHM,IT Services,net_profit_margin_pct,11.43,93.22,2016.0
TECHM,IT Services,net_profit_margin_pct,9.11,98.31,2023.0
TECHM,IT Services,net_profit_margin_pct,9.78,96.61,2017.0
TECHM,IT Services,net_profit_margin_pct,11.5,91.53,2021.0
TECHM,IT Services,net_profit_margin_pct,4.61,100.0,2024.0
LTIM,IT Services,net_profit_margin_pct,13.29,81.36,2023.0
LTIM,IT Services,net_profit_margin_pct,15.13,67.8,2022.0
LTIM,IT Services,net_profit_margin_pct,12.91,83.05,2024.0
LTIM,IT Services,net_profit_margin_pct,15.67,61.02,2021.0
LTIM,IT Services,net_profit_margin_pct,13.97,79.66,2020.0
LTIM,IT Services,net_profit_margin_pct,20.24,27.12,2014.0
LTIM,IT Services,net_profit_margin_pct,14.59,74.58,2013.0
LTIM,IT Services,net_profit_margin_pct,16.05,55.93,2019.0
LTIM,IT Services,net_profit_margin_pct,14.94,69.49,2017.0
LTIM,IT Services,net_profit_margin_pct,15.22,66.1,2018.0
LTIM,IT Services,net_profit_margin_pct,15.45,64.41,2015.0
LTIM,IT Services,net_profit_margin_pct,14.3,76.27,2016.0
TCS,IT Services,operating_profit_margin_pct,26.69,26.27,2024.0
TCS,IT Services,operating_profit_margin_pct,26.28,32.2,2023.0
TCS,IT Services,operating_profit_margin_pct,26.83,22.03,2020.0
TCS,IT Services,operating_profit_margin_pct,27.67,13.56,2022.0
TCS,IT Services,operating_profit_margin_pct,26.41,30.51,2018.0
TCS,IT Services,operating_profit_margin_pct,26.97,20.34,2019.0
TCS,IT Services,operating_profit_margin_pct,28.35,6.78,2021.0
TCS,IT Services,operating_profit_margin_pct,28.24,8.47,2016.0
TCS,IT Services,operating_profit_margin_pct,25.87,35.59,2015.0
TCS,IT Services,operating_profit_margin_pct,27.39,15.25,2017.0
TCS,IT Services,operating_profit_margin_pct,30.75,1.69,2014.0
TCS,IT Services,operating_profit_margin_pct,28.64,3.39,2013.0
INFY,IT Services,operating_profit_margin_pct,23.94,45.76,2023.0
INFY,IT Services,operating_profit_margin_pct,28.59,5.08,2013.0
INFY,IT Services,operating_profit_margin_pct,23.7,47.46,2024.0
INFY,IT Services,operating_profit_margin_pct,27.91,10.17,2015.0
INFY,IT Services,operating_profit_margin_pct,26.69,26.27,2018.0
INFY,IT Services,operating_profit_margin_pct,25.89,33.9,2022.0
INFY,IT Services,operating_profit_margin_pct,26.71,23.73,2014.0
INFY,IT Services,operating_profit_margin_pct,27.76,11.86,2021.0
INFY,IT Services,operating_profit_margin_pct,24.53,38.98,2020.0
INFY,IT Services,operating_profit_margin_pct,24.4,42.37,2019.0
INFY,IT Services,operating_profit_margin_pct,27.35,16.95,2016.0
INFY,IT Services,operating_profit_margin_pct,27.17,18.64,2017.0
HCLTECH,IT Services,operating_profit_margin_pct,23.97,44.07,2022.0
HCLTECH,IT Services,operating_profit_margin_pct,26.6,28.81,2021.0
HCLTECH,IT Services,operating_profit_margin_pct,22.3,55.93,2023.0
HCLTECH,IT Services,operating_profit_margin_pct,23.05,52.54,2019.0
HCLTECH,IT Services,operating_profit_margin_pct,22.02,64.41,2024.0
HCLTECH,IT Services,operating_profit_margin_pct,24.5,40.68,2020.0
HCLTECH,IT Services,operating_profit_margin_pct,22.24,57.63,2018.0
HCLTECH,IT Services,operating_profit_margin_pct,21.84,66.1,2017.0
HCLTECH,IT Services,operating_profit_margin_pct,23.12,50.85,2015.0
HCLTECH,IT Services,operating_profit_margin_pct,25.0,37.29,2014.0
HCLTECH,IT Services,operating_profit_margin_pct,22.2,59.32,2013.0
TECHM,IT Services,operating_profit_margin_pct,15.31,93.22,2018.0
TECHM,IT Services,operating_profit_margin_pct,22.19,61.02,2014.0
TECHM,IT Services,operating_profit_margin_pct,17.96,84.75,2022.0
TECHM,IT Services,operating_profit_margin_pct,20.69,67.8,2013.0
TECHM,IT Services,operating_profit_margin_pct,18.05,81.36,2019.0
TECHM,IT Services,operating_profit_margin_pct,18.54,77.97,2015.0
TECHM,IT Services,operating_profit_margin_pct,14.93,94.92,2020.0
TECHM,IT Services,operating_profit_margin_pct,16.08,91.53,2016.0
TECHM,IT Services,operating_profit_margin_pct,14.57,96.61,2023.0
TECHM,IT Services,operating_profit_margin_pct,14.36,98.31,2017.0
TECHM,IT Services,operating_profit_margin_pct,17.95,86.44,2021.0
TECHM,IT Services,operating_profit_margin_pct,8.67,100.0,2024.0
LTIM,IT Services,operating_profit_margin_pct,18.41,79.66,2023.0
LTIM,IT Services,operating_profit_margin_pct,20.1,71.19,2022.0
LTIM,IT Services,operating_profit_margin_pct,17.98,83.05,2024.0
LTIM,IT Services,operating_profit_margin_pct,22.03,62.71,2021.0
LTIM,IT Services,operating_profit_margin_pct,18.65,76.27,2020.0
LTIM,IT Services,operating_profit_margin_pct,23.31,49.15,2014.0
LTIM,IT Services,operating_profit_margin_pct,22.59,54.24,2013.0
LTIM,IT Services,operating_profit_margin_pct,19.93,72.88,2019.0
LTIM,IT Services,operating_profit_margin_pct,18.92,74.58,2017.0
LTIM,IT Services,operating_profit_margin_pct,16.25,89.83,2018.0
LTIM,IT Services,operating_profit_margin_pct,20.19,69.49,2015.0
LTIM,IT Services,operating_profit_margin_pct,17.58,88.14,2016.0
TCS,IT Services,debt_to_equity,0.09,63.56,2024.0
TCS,IT Services,debt_to_equity,0.09,63.56,2023.0
TCS,IT Services,debt_to_equity,0.1,75.42,2020.0
TCS,IT Services,debt_to_equity,0.09,63.56,2022.0
TCS,IT Services,debt_to_equity,0.0,12.71,2018.0
TCS,IT Services,debt_to_equity,0.0,12.71,2019.0
TCS,IT Services,debt_to_equity,0.09,63.56,2021.0
TCS,IT Services,debt_to_equity,0.0,12.71,2016.0
TCS,IT Services,debt_to_equity,0.01,27.12,2015.0
TCS,IT Services,debt_to_equity,0.0,12.71,2017.0
TCS,IT Services,debt_to_equity,0.01,27.12,2014.0
TCS,IT Services,debt_to_equity,0.01,27.12,2013.0
INFY,IT Services,debt_to_equity,0.11,85.59,2023.0
INFY,IT Services,debt_to_equity,0.0,12.71,2013.0
INFY,IT Services,debt_to_equity,0.09,63.56,2024.0
INFY,IT Services,debt_to_equity,0.0,12.71,2015.0
INFY,IT Services,debt_to_equity,0.0,12.71,2018.0
INFY,IT Services,debt_to_equity,0.07,48.31,2022.0
INFY,IT Services,debt_to_equity,0.0,12.71,2014.0
INFY,IT Services,debt_to_equity,0.07,48.31,2021.0
INFY,IT Services,debt_to_equity,0.07,48.31,2020.0
INFY,IT Services,debt_to_equity,0.0,12.71,2019.0
INFY,IT Services,debt_to_equity,0.0,12.71,2016.0
INFY,IT Services,debt_to_equity,0.0,12.71,2017.0
HCLTECH,IT Services,debt_to_equity,0.1,75.42,2022.0
HCLTECH,IT Services,debt_to_equity,0.11,85.59,2021.0
HCLTECH,IT Services,debt_to_equity,0.07,48.31,2023.0
HCLTECH,IT Services,debt_to_equity,0.1,75.42,2019.0
HCLTECH,IT Services,debt_to_equity,0.08,55.93,2024.0
HCLTECH,IT Services,debt_to_equity,0.16,93.22,2020.0
HCLTECH,IT Services,debt_to_equity,0.02,32.2,2018.0
HCLTECH,IT Services,debt_to_equity,0.02,32.2,2017.0
HCLTECH,IT Services,debt_to_equity,0.03,36.44,2015.0
HCLTECH,IT Services,debt_to_equity,0.05,40.68,2014.0
HCLTECH,IT Services,debt_to_equity,0.08,55.93,2013.0
TECHM,IT Services,debt_to_equity,0.13,91.53,2018.0
TECHM,IT Services,debt_to_equity,0.04,38.98,2014.0
TECHM,IT Services,debt_to_equity,0.1,75.42,2022.0
TECHM,IT Services,debt_to_equity,0.25,100.0,2013.0
TECHM,IT Services,debt_to_equity,0.1,75.42,2019.0
TECHM,IT Services,debt_to_equity,0.06,42.37,2015.0
TECHM,IT Services,debt_to_equity,0.17,96.61,2020.0
TECHM,IT Services,debt_to_equity,0.07,48.31,2016.0
TECHM,IT Services,debt_to_equity,0.1,75.42,2023.0
TECHM,IT Services,debt_to_equity,0.08,55.93,2017.0
TECHM,IT Services,debt_to_equity,0.12,89.83,2021.0
TECHM,IT Services,debt_to_equity,0.1,75.42,2024.0
LTIM,IT Services,debt_to_equity,0.09,63.56,2023.0
LTIM,IT Services,debt_to_equity,0.02,32.2,2022.0
LTIM,IT Services,debt_to_equity,0.1,75.42,2024.0
LTIM,IT Services,debt_to_equity,0.11,85.59,2021.0
LTIM,IT Services,debt_to_equity,0.17,96.61,2020.0
LTIM,IT Services,debt_to_equity,0.07,48.31,2014.0
LTIM,IT Services,debt_to_equity,0.17,96.61,2013.0
LTIM,IT Services,debt_to_equity,0.0,12.71,2019.0
LTIM,IT Services,debt_to_equity,0.0,12.71,2017.0
LTIM,IT Services,debt_to_equity,0.0,12.71,2018.0
LTIM,IT Services,debt_to_equity,0.11,85.59,2015.0
LTIM,IT Services,debt_to_equity,0.03,36.44,2016.0
TCS,IT Services,free_cash_flow,50429.0,1.69,2024.0
TCS,IT Services,free_cash_flow,42513.0,3.39,2023.0
TCS,IT Services,free_cash_flow,41337.0,5.08,2020.0
TCS,IT Services,free_cash_flow,39211.0,6.78,2022.0
TCS,IT Services,free_cash_flow,28171.0,11.86,2018.0
TCS,IT Services,free_cash_flow,30238.0,10.17,2019.0
TCS,IT Services,free_cash_flow,30846.0,8.47,2021.0
TCS,IT Services,free_cash_flow,14099.0,32.2,2016.0
TCS,IT Services,free_cash_flow,17562.0,20.34,2015.0
TCS,IT Services,free_cash_flow,8328.0,38.98,2017.0
TCS,IT Services,free_cash_flow,5299.0,52.54,2014.0
TCS,IT Services,free_cash_flow,5577.0,47.46,2013.0
INFY,IT Services,free_cash_flow,21396.0,13.56,2023.0
INFY,IT Services,free_cash_flow,4451.0,57.63,2013.0
INFY,IT Services,free_cash_flow,20117.0,15.25,2024.0
INFY,IT Services,free_cash_flow,9352.0,35.59,2015.0
INFY,IT Services,free_cash_flow,17751.0,18.64,2018.0
INFY,IT Services,free_cash_flow,17400.0,22.03,2022.0
INFY,IT Services,free_cash_flow,7262.0,40.68,2014.0
INFY,IT Services,free_cash_flow,15851.0,25.42,2021.0
INFY,IT Services,free_cash_flow,16672.0,23.73,2020.0
INFY,IT Services,free_cash_flow,14209.0,30.51,2019.0
INFY,IT Services,free_cash_flow,9143.0,37.29,2016.0
INFY,IT Services,free_cash_flow,-3133.0,100.0,2017.0
HCLTECH,IT Services,free_cash_flow,18497.0,16.95,2022.0
HCLTECH,IT Services,free_cash_flow,13953.0,33.9,2021.0
HCLTECH,IT Services,free_cash_flow,14436.0,28.81,2023.0
HCLTECH,IT Services,free_cash_flow,5715.0,45.76,2019.0
HCLTECH,IT Services,free_cash_flow,15840.0,27.12,2024.0
HCLTECH,IT Services,free_cash_flow,1027.0,77.97,2020.0
HCLTECH,IT Services,free_cash_flow,6092.0,42.37,2018.0
HCLTECH,IT Services,free_cash_flow,5105.0,54.24,2017.0
HCLTECH,IT Services,free_cash_flow,3451.0,59.32,2015.0
HCLTECH,IT Services,free_cash_flow,1615.0,72.88,2014.0
HCLTECH,IT Services,free_cash_flow,2131.0,66.1,2013.0
TECHM,IT Services,free_cash_flow,235.0,94.92,2018.0
TECHM,IT Services,free_cash_flow,1887.0,67.8,2014.0
TECHM,IT Services,free_cash_flow,5765.0,44.07,2022.0
TECHM,IT Services,free_cash_flow,233.0,96.61,2013.0
TECHM,IT Services,free_cash_flow,2328.0,64.41,2019.0
TECHM,IT Services,free_cash_flow,583.0,88.14,2015.0
TECHM,IT Services,free_cash_flow,5439.0,49.15,2020.0
TECHM,IT Services,free_cash_flow,1684.0,71.19,2016.0
TECHM,IT Services,free_cash_flow,5346.0,50.85,2023.0
TECHM,IT Services,free_cash_flow,1178.0,76.27,2017.0
TECHM,IT Services,free_cash_flow,2661.0,62.71,2021.0
TECHM,IT Services,free_cash_flow,5058.0,55.93,2024.0
LTIM,IT Services,free_cash_flow,2824.0,61.02,2023.0
LTIM,IT Services,free_cash_flow,1608.0,74.58,2022.0
LTIM,IT Services,free_cash_flow,1752.0,69.49,2024.0
LTIM,IT Services,free_cash_flow,743.0,84.75,2021.0
LTIM,IT Services,free_cash_flow,1001.0,79.66,2020.0
LTIM,IT Services,free_cash_flow,808.0,83.05,2014.0
LTIM,IT Services,free_cash_flow,384.0,93.22,2013.0
LTIM,IT Services,free_cash_flow,646.0,86.44,2019.0
LTIM,IT Services,free_cash_flow,209.0,98.31,2017.0
LTIM,IT Services,free_cash_flow,392.0,91.53,2018.0
LTIM,IT Services,free_cash_flow,539.0,89.83,2015.0
LTIM,IT Services,free_cash_flow,818.0,81.36,2016.0
TCS,IT Services,revenue_cagr_5yr,10.463614801716602,79.41,2024.0
TCS,IT Services,revenue_cagr_5yr,12.864846978115496,50.0,2023.0
TCS,IT Services,revenue_cagr_5yr,10.644395991959787,73.53,2020.0
TCS,IT Services,revenue_cagr_5yr,10.204039995433668,85.29,2022.0
TCS,IT Services,revenue_cagr_5yr,14.340869430011583,35.29,2018.0
TCS,IT Services,revenue_cagr_5yr,12.353179810852332,58.82,2019.0
TCS,IT Services,revenue_cagr_5yr,8.607474456825258,94.12,2021.0
TCS,IT Services,revenue_cagr_5yr,,,2016.0
TCS,IT Services,revenue_cagr_5yr,,,2015.0
TCS,IT Services,revenue_cagr_5yr,,,2017.0
TCS,IT Services,revenue_cagr_5yr,,,2014.0
TCS,IT Services,revenue_cagr_5yr,,,2013.0
INFY,IT Services,revenue_cagr_5yr,15.787255328146577,26.47,2023.0
INFY,IT Services,revenue_cagr_5yr,,,2013.0
INFY,IT Services,revenue_cagr_5yr,13.199100930556229,44.12,2024.0
INFY,IT Services,revenue_cagr_5yr,,,2015.0
INFY,IT Services,revenue_cagr_5yr,11.81289987999634,64.71,2018.0
INFY,IT Services,revenue_cagr_5yr,12.175540977423328,61.76,2022.0
INFY,IT Services,revenue_cagr_5yr,,,2014.0
INFY,IT Services,revenue_cagr_5yr,9.980335337542012,88.24,2021.0
INFY,IT Services,revenue_cagr_5yr,11.23261845680139,70.59,2020.0
INFY,IT Services,revenue_cagr_5yr,10.522347793403108,76.47,2019.0
INFY,IT Services,revenue_cagr_5yr,,,2016.0
INFY,IT Services,revenue_cagr_5yr,,,2017.0
HCLTECH,IT Services,revenue_cagr_5yr,12.482124171071419,55.88,2022.0
HCLTECH,IT Services,revenue_cagr_5yr,15.482052674174573,29.41,2021.0
HCLTECH,IT Services,revenue_cagr_5yr,14.941980000474619,32.35,2023.0
HCLTECH,IT Services,revenue_cagr_5yr,18.757952998060045,14.71,2019.0
HCLTECH,IT Services,revenue_cagr_5yr,12.710299978373406,52.94,2024.0
HCLTECH,IT Services,revenue_cagr_5yr,17.066978278834565,17.65,2020.0
HCLTECH,IT Services,revenue_cagr_5yr,,,2018.0
HCLTECH,IT Services,revenue_cagr_5yr,,,2017.0
HCLTECH,IT Services,revenue_cagr_5yr,,,2015.0
HCLTECH,IT Services,revenue_cagr_5yr,,,2014.0
HCLTECH,IT Services,revenue_cagr_5yr,,,2013.0
TECHM,IT Services,revenue_cagr_5yr,34.95988471064084,5.88,2018.0
TECHM,IT Services,revenue_cagr_5yr,,,2014.0
TECHM,IT Services,revenue_cagr_5yr,8.906956332092818,91.18,2022.0
TECHM,IT Services,revenue_cagr_5yr,,,2013.0
TECHM,IT Services,revenue_cagr_5yr,13.06551195018606,47.06,2019.0
TECHM,IT Services,revenue_cagr_5yr,,,2015.0
TECHM,IT Services,revenue_cagr_5yr,10.262429096201808,82.35,2020.0
TECHM,IT Services,revenue_cagr_5yr,,,2016.0
TECHM,IT Services,revenue_cagr_5yr,11.607961702305758,67.65,2023.0
TECHM,IT Services,revenue_cagr_5yr,,,2017.0
TECHM,IT Services,revenue_cagr_5yr,7.397740303281619,100.0,2021.0
TECHM,IT Services,revenue_cagr_5yr,8.398437919098868,97.06,2024.0
LTIM,IT Services,revenue_cagr_5yr,35.34655180923289,2.94,2023.0
LTIM,IT Services,revenue_cagr_5yr,32.05717863061026,8.82,2022.0
LTIM,IT Services,revenue_cagr_5yr,30.32798083513346,11.76,2024.0
LTIM,IT Services,revenue_cagr_5yr,16.17219033696773,23.53,2021.0
LTIM,IT Services,revenue_cagr_5yr,16.92484877805469,20.59,2020.0
LTIM,IT Services,revenue_cagr_5yr,,,2014.0
LTIM,IT Services,revenue_cagr_5yr,,,2013.0
LTIM,IT Services,revenue_cagr_5yr,13.93484548578321,38.24,2019.0
LTIM,IT Services,revenue_cagr_5yr,,,2017.0
LTIM,IT Services,revenue_cagr_5yr,13.663553615808555,41.18,2018.0
LTIM,IT Services,revenue_cagr_5yr,,,2015.0
LTIM,IT Services,revenue_cagr_5yr,,,2016.0
TCS,IT Services,pat_cagr_5yr,7.871172131953608,73.53,2024.0
TCS,IT Services,pat_cagr_5yr,10.32689076721931,44.12,2023.0
TCS,IT Services,pat_cagr_5yr,10.09528600904459,50.0,2020.0
TCS,IT Services,pat_cagr_5yr,7.844453615982827,76.47,2022.0
TCS,IT Services,pat_cagr_5yr,12.95280041634883,29.41,2018.0
TCS,IT Services,pat_cagr_5yr,10.300516425506201,47.06,2019.0
TCS,IT Services,pat_cagr_5yr,5.994965305597044,94.12,2021.0
TCS,IT Services,pat_cagr_5yr,,,2016.0
TCS,IT Services,pat_cagr_5yr,,,2015.0
TCS,IT Services,pat_cagr_5yr,,,2017.0
TCS,IT Services,pat_cagr_5yr,,,2014.0
TCS,IT Services,pat_cagr_5yr,,,2013.0
INFY,IT Services,pat_cagr_5yr,8.505299682051447,67.65,2023.0
INFY,IT Services,pat_cagr_5yr,,,2013.0
INFY,IT Services,pat_cagr_5yr,11.239419983657939,32.35,2024.0
INFY,IT Services,pat_cagr_5yr,,,2015.0
INFY,IT Services,pat_cagr_5yr,11.195742367356232,38.24,2018.0
INFY,IT Services,pat_cagr_5yr,9.061262837863616,58.82,2022.0
INFY,IT Services,pat_cagr_5yr,,,2014.0
INFY,IT Services,pat_cagr_5yr,7.564090913719279,82.35,2021.0
INFY,IT Services,pat_cagr_5yr,6.105393931161118,91.18,2020.0
INFY,IT Services,pat_cagr_5yr,7.656854216677544,79.41,2019.0
INFY,IT Services,pat_cagr_5yr,,,2016.0
INFY,IT Services,pat_cagr_5yr,,,2017.0
HCLTECH,IT Services,pat_cagr_5yr,9.45972211285866,52.94,2022.0
HCLTECH,IT Services,pat_cagr_5yr,8.752683517235393,64.71,2021.0
HCLTECH,IT Services,pat_cagr_5yr,11.222543851563692,35.29,2023.0
HCLTECH,IT Services,pat_cagr_5yr,20.15997504872078,14.71,2019.0
HCLTECH,IT Services,pat_cagr_5yr,9.194090295112023,55.88,2024.0
HCLTECH,IT Services,pat_cagr_5yr,11.114678181908477,41.18,2020.0
HCLTECH,IT Services,pat_cagr_5yr,,,2018.0
HCLTECH,IT Services,pat_cagr_5yr,,,2017.0
HCLTECH,IT Services,pat_cagr_5yr,,,2015.0
HCLTECH,IT Services,pat_cagr_5yr,,,2014.0
HCLTECH,IT Services,pat_cagr_5yr,,,2013.0
TECHM,IT Services,pat_cagr_5yr,23.70321997995626,11.76,2018.0
TECHM,IT Services,pat_cagr_5yr,,,2014.0
TECHM,IT Services,pat_cagr_5yr,14.5782633758762,26.47,2022.0
TECHM,IT Services,pat_cagr_5yr,,,2013.0
TECHM,IT Services,pat_cagr_5yr,6.972013871466487,88.24,2019.0
TECHM,IT Services,pat_cagr_5yr,,,2015.0
TECHM,IT Services,pat_cagr_5yr,7.9449709259688195,70.59,2020.0
TECHM,IT Services,pat_cagr_5yr,,,2016.0
TECHM,IT Services,pat_cagr_5yr,5.108417819260591,97.06,2023.0
TECHM,IT Services,pat_cagr_5yr,,,2017.0
TECHM,IT Services,pat_cagr_5yr,7.536339520356772,85.29,2021.0
TECHM,IT Services,pat_cagr_5yr,-10.985163688218591,100.0,2024.0
LTIM,IT Services,pat_cagr_5yr,31.72456117454432,5.88,2023.0
LTIM,IT Services,pat_cagr_5yr,32.39621611581924,2.94,2022.0
LTIM,IT Services,pat_cagr_5yr,24.775129058600996,8.82,2024.0
LTIM,IT Services,pat_cagr_5yr,18.312191546907464,17.65,2021.0
LTIM,IT Services,pat_cagr_5yr,14.5996917922393,23.53,2020.0
LTIM,IT Services,pat_cagr_5yr,,,2014.0
LTIM,IT Services,pat_cagr_5yr,,,2013.0
LTIM,IT Services,pat_cagr_5yr,8.76470157317437,61.76,2019.0
LTIM,IT Services,pat_cagr_5yr,,,2017.0
LTIM,IT Services,pat_cagr_5yr,14.623507637472377,20.59,2018.0
LTIM,IT Services,pat_cagr_5yr,,,2015.0
LTIM,IT Services,pat_cagr_5yr,,,2016.0
TCS,IT Services,eps_cagr_5yr,8.618771612987096,73.53,2024.0
TCS,IT Services,eps_cagr_5yr,11.410111155073954,35.29,2023.0
TCS,IT Services,eps_cagr_5yr,11.01602038533911,44.12,2020.0
TCS,IT Services,eps_cagr_5yr,9.40140494061652,58.82,2022.0
TCS,IT Services,eps_cagr_5yr,13.228162727841198,17.65,2018.0
TCS,IT Services,eps_cagr_5yr,11.382417860287909,38.24,2019.0
TCS,IT Services,eps_cagr_5yr,7.255160357783463,82.35,2021.0
TCS,IT Services,eps_cagr_5yr,,,2016.0
TCS,IT Services,eps_cagr_5yr,,,2015.0
TCS,IT Services,eps_cagr_5yr,,,2017.0
TCS,IT Services,eps_cagr_5yr,,,2014.0
TCS,IT Services,eps_cagr_5yr,,,2013.0
INFY,IT Services,eps_cagr_5yr,9.407036350794119,54.41,2023.0
INFY,IT Services,eps_cagr_5yr,,,2013.0
INFY,IT Services,eps_cagr_5yr,12.474611314209483,20.59,2024.0
INFY,IT Services,eps_cagr_5yr,,,2015.0
INFY,IT Services,eps_cagr_5yr,11.994446021554527,32.35,2018.0
INFY,IT Services,eps_cagr_5yr,11.322470345537216,41.18,2022.0
INFY,IT Services,eps_cagr_5yr,,,2014.0
INFY,IT Services,eps_cagr_5yr,9.184981078954069,67.65,2021.0
INFY,IT Services,eps_cagr_5yr,7.631692251481081,79.41,2020.0
INFY,IT Services,eps_cagr_5yr,8.7597101915158,70.59,2019.0
INFY,IT Services,eps_cagr_5yr,,,2016.0
INFY,IT Services,eps_cagr_5yr,,,2017.0
HCLTECH,IT Services,eps_cagr_5yr,10.756634324829006,47.06,2022.0
HCLTECH,IT Services,eps_cagr_5yr,9.537317657751387,50.0,2021.0
HCLTECH,IT Services,eps_cagr_5yr,12.150237889617976,29.41,2023.0
HCLTECH,IT Services,eps_cagr_5yr,21.454815241300285,5.88,2019.0
HCLTECH,IT Services,eps_cagr_5yr,9.407036350794119,54.41,2024.0
HCLTECH,IT Services,eps_cagr_5yr,12.256424197530347,23.53,2020.0
HCLTECH,IT Services,eps_cagr_5yr,,,2018.0
HCLTECH,IT Services,eps_cagr_5yr,,,2017.0
HCLTECH,IT Services,eps_cagr_5yr,,,2015.0
HCLTECH,IT Services,eps_cagr_5yr,,,2014.0
HCLTECH,IT Services,eps_cagr_5yr,,,2013.0
TECHM,IT Services,eps_cagr_5yr,9.301197394385863,61.76,2018.0
TECHM,IT Services,eps_cagr_5yr,,,2014.0
TECHM,IT Services,eps_cagr_5yr,14.470972269648552,14.71,2022.0
TECHM,IT Services,eps_cagr_5yr,,,2013.0
TECHM,IT Services,eps_cagr_5yr,6.576275663547415,85.29,2019.0
TECHM,IT Services,eps_cagr_5yr,,,2015.0
TECHM,IT Services,eps_cagr_5yr,9.238846414037294,64.71,2020.0
TECHM,IT Services,eps_cagr_5yr,,,2016.0
TECHM,IT Services,eps_cagr_5yr,5.09476404473832,88.24,2023.0
TECHM,IT Services,eps_cagr_5yr,,,2017.0
TECHM,IT Services,eps_cagr_5yr,8.212947767693679,76.47,2021.0
TECHM,IT Services,eps_cagr_5yr,-11.416728965524282,91.18,2024.0
LTIM,IT Services,eps_cagr_5yr,18.04689882786892,8.82,2023.0
LTIM,IT Services,eps_cagr_5yr,31.6017100176736,2.94,2022.0
LTIM,IT Services,eps_cagr_5yr,12.24383304425547,26.47,2024.0
LTIM,IT Services,eps_cagr_5yr,17.76747936916381,11.76,2021.0
LTIM,IT Services,eps_cagr_5yr,-18.231042821628996,97.06,2020.0
LTIM,IT Services,eps_cagr_5yr,,,2014.0
LTIM,IT Services,eps_cagr_5yr,,,2013.0
LTIM,IT Services,eps_cagr_5yr,-22.390988009879575,100.0,2019.0
LTIM,IT Services,eps_cagr_5yr,,,2017.0
LTIM,IT Services,eps_cagr_5yr,-17.87548426345513,94.12,2018.0
LTIM,IT Services,eps_cagr_5yr,,,2015.0
LTIM,IT Services,eps_cagr_5yr,,,2016.0
TCS,IT Services,interest_coverage,87.1,43.64,2024.0
TCS,IT Services,interest_coverage,80.5,47.27,2023.0
TCS,IT Services,interest_coverage,50.54,67.27,2020.0
TCS,IT Services,interest_coverage,72.8,52.73,2022.0
TCS,IT Services,interest_coverage,695.35,10.91,2018.0
TCS,IT Services,interest_coverage,221.3,20.0,2019.0
TCS,IT Services,interest_coverage,76.08,50.91,2021.0
TCS,IT Services,interest_coverage,1023.06,9.09,2016.0
TCS,IT Services,interest_coverage,271.17,18.18,2015.0
TCS,IT Services,interest_coverage,1141.62,7.27,2017.0
TCS,IT Services,interest_coverage,686.92,12.73,2014.0
TCS,IT Services,interest_coverage,400.38,16.36,2013.0
INFY,IT Services,interest_coverage,133.21,32.73,2023.0
INFY,IT Services,interest_coverage,2780.6,1.82,2013.0
INFY,IT Services,interest_coverage,87.52,41.82,2024.0
INFY,IT Services,interest_coverage,1526.08,5.45,2015.0
INFY,IT Services,interest_coverage,,,2018.0
INFY,IT Services,interest_coverage,168.93,27.27,2022.0
INFY,IT Services,interest_coverage,1783.78,3.64,2014.0
INFY,IT Services,interest_coverage,154.31,29.09,2021.0
INFY,IT Services,interest_coverage,147.47,30.91,2020.0
INFY,IT Services,interest_coverage,,,2019.0
INFY,IT Services,interest_coverage,,,2016.0
INFY,IT Services,interest_coverage,,,2017.0
HCLTECH,IT Services,interest_coverage,67.7,56.36,2022.0
HCLTECH,IT Services,interest_coverage,41.05,81.82,2021.0
HCLTECH,IT Services,interest_coverage,67.95,54.55,2023.0
HCLTECH,IT Services,interest_coverage,85.45,45.45,2019.0
HCLTECH,IT Services,interest_coverage,46.46,72.73,2024.0
HCLTECH,IT Services,interest_coverage,35.46,89.09,2020.0
HCLTECH,IT Services,interest_coverage,180.81,25.45,2018.0
HCLTECH,IT Services,interest_coverage,128.75,34.55,2017.0
HCLTECH,IT Services,interest_coverage,105.63,38.18,2015.0
HCLTECH,IT Services,interest_coverage,76.42,49.09,2014.0
HCLTECH,IT Services,interest_coverage,56.72,60.0,2013.0
TECHM,IT Services,interest_coverage,37.82,87.27,2018.0
TECHM,IT Services,interest_coverage,55.2,63.64,2014.0
TECHM,IT Services,interest_coverage,56.04,61.82,2022.0
TECHM,IT Services,interest_coverage,12.44,100.0,2013.0
TECHM,IT Services,interest_coverage,51.17,65.45,2019.0
TECHM,IT Services,interest_coverage,62.3,58.18,2015.0
TECHM,IT Services,interest_coverage,34.87,90.91,2020.0
TECHM,IT Services,interest_coverage,48.59,70.91,2016.0
TECHM,IT Services,interest_coverage,26.77,96.36,2023.0
TECHM,IT Services,interest_coverage,38.44,83.64,2017.0
TECHM,IT Services,interest_coverage,43.59,78.18,2021.0
TECHM,IT Services,interest_coverage,13.86,98.18,2024.0
LTIM,IT Services,interest_coverage,44.43,74.55,2023.0
LTIM,IT Services,interest_coverage,48.9,69.09,2022.0
LTIM,IT Services,interest_coverage,31.93,92.73,2024.0
LTIM,IT Services,interest_coverage,37.96,85.45,2021.0
LTIM,IT Services,interest_coverage,28.41,94.55,2020.0
LTIM,IT Services,interest_coverage,44.0,76.36,2014.0
LTIM,IT Services,interest_coverage,42.48,80.0,2013.0
LTIM,IT Services,interest_coverage,198.64,23.64,2019.0
LTIM,IT Services,interest_coverage,472.33,14.55,2017.0
LTIM,IT Services,interest_coverage,100.81,40.0,2018.0
LTIM,IT Services,interest_coverage,110.4,36.36,2015.0
LTIM,IT Services,interest_coverage,202.5,21.82,2016.0
TCS,IT Services,asset_turnover,1.66,6.78,2024.0
TCS,IT Services,asset_turnover,1.58,10.17,2023.0
TCS,IT Services,asset_turnover,1.31,20.34,2020.0
TCS,IT Services,asset_turnover,1.36,18.64,2022.0
TCS,IT Services,asset_turnover,1.17,44.07,2018.0
TCS,IT Services,asset_turnover,1.29,23.73,2019.0
TCS,IT Services,asset_turnover,1.26,28.81,2021.0
TCS,IT Services,asset_turnover,1.23,31.36,2016.0
TCS,IT Services,asset_turnover,1.29,23.73,2015.0
TCS,IT Services,asset_turnover,1.15,49.15,2017.0
TCS,IT Services,asset_turnover,1.22,33.9,2014.0
TCS,IT Services,asset_turnover,1.21,36.44,2013.0
INFY,IT Services,asset_turnover,1.18,40.68,2023.0
INFY,IT Services,asset_turnover,0.87,91.53,2013.0
INFY,IT Services,asset_turnover,1.13,54.24,2024.0
INFY,IT Services,asset_turnover,0.8,98.31,2015.0
INFY,IT Services,asset_turnover,0.89,86.44,2018.0
INFY,IT Services,asset_turnover,1.04,67.8,2022.0
INFY,IT Services,asset_turnover,0.88,88.98,2014.0
INFY,IT Services,asset_turnover,0.93,84.75,2021.0
INFY,IT Services,asset_turnover,0.99,77.12,2020.0
INFY,IT Services,asset_turnover,0.98,79.66,2019.0
INFY,IT Services,asset_turnover,0.83,94.92,2016.0
INFY,IT Services,asset_turnover,0.82,96.61,2017.0
HCLTECH,IT Services,asset_turnover,0.96,82.2,2022.0
HCLTECH,IT Services,asset_turnover,0.88,88.98,2021.0
HCLTECH,IT Services,asset_turnover,1.09,59.32,2023.0
HCLTECH,IT Services,asset_turnover,1.04,67.8,2019.0
HCLTECH,IT Services,asset_turnover,1.11,57.63,2024.0
HCLTECH,IT Services,asset_turnover,0.85,93.22,2020.0
HCLTECH,IT Services,asset_turnover,1.05,62.71,2018.0
HCLTECH,IT Services,asset_turnover,1.04,67.8,2017.0
HCLTECH,IT Services,asset_turnover,1.04,67.8,2015.0
HCLTECH,IT Services,asset_turnover,1.07,61.02,2014.0
HCLTECH,IT Services,asset_turnover,1.14,51.69,2013.0
TECHM,IT Services,asset_turnover,1.01,73.73,2018.0
TECHM,IT Services,asset_turnover,1.18,40.68,2014.0
TECHM,IT Services,asset_turnover,1.01,73.73,2022.0
TECHM,IT Services,asset_turnover,0.77,100.0,2013.0
TECHM,IT Services,asset_turnover,1.04,67.8,2019.0
TECHM,IT Services,asset_turnover,1.14,51.69,2015.0
TECHM,IT Services,asset_turnover,0.99,77.12,2020.0
TECHM,IT Services,asset_turnover,1.18,40.68,2016.0
TECHM,IT Services,asset_turnover,1.16,46.61,2023.0
TECHM,IT Services,asset_turnover,1.12,55.93,2017.0
TECHM,IT Services,asset_turnover,0.96,82.2,2021.0
TECHM,IT Services,asset_turnover,1.21,36.44,2024.0
LTIM,IT Services,asset_turnover,1.41,15.25,2023.0
LTIM,IT Services,asset_turnover,1.27,27.12,2022.0
LTIM,IT Services,asset_turnover,1.29,23.73,2024.0
LTIM,IT Services,asset_turnover,1.16,46.61,2021.0
LTIM,IT Services,asset_turnover,1.23,31.36,2020.0
LTIM,IT Services,asset_turnover,1.85,3.39,2014.0
LTIM,IT Services,asset_turnover,1.65,8.47,2013.0
LTIM,IT Services,asset_turnover,1.42,13.56,2019.0
LTIM,IT Services,asset_turnover,1.47,11.86,2017.0
LTIM,IT Services,asset_turnover,1.37,16.95,2018.0
LTIM,IT Services,asset_turnover,1.67,5.08,2015.0
LTIM,IT Services,asset_turnover,1.86,1.69,2016.0
SUNPHARMA,Pharmaceuticals,return_on_equity_pct,15.09,55.0,2024.0
SUNPHARMA,Pharmaceuticals,return_on_equity_pct,20.94,35.0,2014.0
SUNPHARMA,Pharmaceuticals,return_on_equity_pct,23.14,23.33,2013.0
SUNPHARMA,Pharmaceuticals,return_on_equity_pct,21.41,28.33,2017.0
SUNPHARMA,Pharmaceuticals,return_on_equity_pct,21.36,30.0,2015.0
SUNPHARMA,Pharmaceuticals,return_on_equity_pct,15.2,53.33,2023.0
SUNPHARMA,Pharmaceuticals,return_on_equity_pct,17.15,46.67,2016.0
SUNPHARMA,Pharmaceuticals,return_on_equity_pct,6.63,98.33,2018.0
SUNPHARMA,Pharmaceuticals,return_on_equity_pct,7.75,93.33,2019.0
SUNPHARMA,Pharmaceuticals,return_on_equity_pct,9.22,90.0,2020.0
SUNPHARMA,Pharmaceuticals,return_on_equity_pct,4.89,100.0,2021.0
SUNPHARMA,Pharmaceuticals,return_on_equity_pct,7.06,96.67,2022.0
CIPLA,Pharmaceuticals,return_on_equity_pct,12.22,70.0,2022.0
CIPLA,Pharmaceuticals,return_on_equity_pct,8.25,91.67,2017.0
CIPLA,Pharmaceuticals,return_on_equity_pct,15.55,51.67,2024.0
CIPLA,Pharmaceuticals,return_on_equity_pct,11.38,76.67,2015.0
CIPLA,Pharmaceuticals,return_on_equity_pct,13.97,61.67,2014.0
CIPLA,Pharmaceuticals,return_on_equity_pct,12.1,71.67,2023.0
CIPLA,Pharmaceuticals,return_on_equity_pct,12.01,73.33,2016.0
CIPLA,Pharmaceuticals,return_on_equity_pct,9.52,86.67,2020.0
CIPLA,Pharmaceuticals,return_on_equity_pct,13.04,66.67,2021.0
CIPLA,Pharmaceuticals,return_on_equity_pct,9.96,83.33,2018.0
CIPLA,Pharmaceuticals,return_on_equity_pct,17.13,48.33,2013.0
CIPLA,Pharmaceuticals,return_on_equity_pct,9.94,85.0,2019.0
DRREDDY,Pharmaceuticals,return_on_equity_pct,19.35,43.33,2023.0
DRREDDY,Pharmaceuticals,return_on_equity_pct,19.74,40.0,2024.0
DRREDDY,Pharmaceuticals,return_on_equity_pct,16.95,50.0,2016.0
DRREDDY,Pharmaceuticals,return_on_equity_pct,24.96,13.33,2014.0
DRREDDY,Pharmaceuticals,return_on_equity_pct,23.71,21.67,2015.0
DRREDDY,Pharmaceuticals,return_on_equity_pct,23.98,20.0,2013.0
DRREDDY,Pharmaceuticals,return_on_equity_pct,10.54,81.67,2017.0
DRREDDY,Pharmaceuticals,return_on_equity_pct,11.36,78.33,2022.0
DRREDDY,Pharmaceuticals,return_on_equity_pct,13.9,63.33,2019.0
DRREDDY,Pharmaceuticals,return_on_equity_pct,11.07,80.0,2021.0
DRREDDY,Pharmaceuticals,return_on_equity_pct,12.99,68.33,2020.0
DRREDDY,Pharmaceuticals,return_on_equity_pct,7.53,95.0,2018.0
DIVISLAB,Pharmaceuticals,return_on_equity_pct,25.24,11.67,2022.0
DIVISLAB,Pharmaceuticals,return_on_equity_pct,21.34,31.67,2021.0
DIVISLAB,Pharmaceuticals,return_on_equity_pct,14.29,60.0,2023.0
DIVISLAB,Pharmaceuticals,return_on_equity_pct,19.45,41.67,2019.0
DIVISLAB,Pharmaceuticals,return_on_equity_pct,26.08,10.0,2014.0
DIVISLAB,Pharmaceuticals,return_on_equity_pct,26.23,8.33,2016.0
DIVISLAB,Pharmaceuticals,return_on_equity_pct,24.37,15.0,2015.0
DIVISLAB,Pharmaceuticals,return_on_equity_pct,24.07,18.33,2013.0
DIVISLAB,Pharmaceuticals,return_on_equity_pct,19.79,38.33,2017.0
DIVISLAB,Pharmaceuticals,return_on_equity_pct,18.84,45.0,2020.0
DIVISLAB,Pharmaceuticals,return_on_equity_pct,14.8,56.67,2018.0
DIVISLAB,Pharmaceuticals,return_on_equity_pct,11.79,75.0,2024.0
TORNTPHARM,Pharmaceuticals,return_on_equity_pct,49.6,1.67,2016.0
TORNTPHARM,Pharmaceuticals,return_on_equity_pct,24.15,16.67,2024.0
TORNTPHARM,Pharmaceuticals,return_on_equity_pct,20.09,36.67,2023.0
TORNTPHARM,Pharmaceuticals,return_on_equity_pct,21.25,33.33,2020.0
TORNTPHARM,Pharmaceuticals,return_on_equity_pct,21.47,25.0,2017.0
TORNTPHARM,Pharmaceuticals,return_on_equity_pct,34.89,3.33,2014.0
TORNTPHARM,Pharmaceuticals,return_on_equity_pct,30.59,5.0,2013.0
TORNTPHARM,Pharmaceuticals,return_on_equity_pct,30.15,6.67,2015.0
TORNTPHARM,Pharmaceuticals,return_on_equity_pct,13.05,65.0,2022.0
TORNTPHARM,Pharmaceuticals,return_on_equity_pct,14.67,58.33,2018.0
TORNTPHARM,Pharmaceuticals,return_on_equity_pct,9.23,88.33,2019.0
TORNTPHARM,Pharmaceuticals,return_on_equity_pct,21.45,26.67,2021.0
SUNPHARMA,Pharmaceuticals,net_profit_margin_pct,19.82,33.33,2024.0
SUNPHARMA,Pharmaceuticals,net_profit_margin_pct,24.12,21.67,2014.0
SUNPHARMA,Pharmaceuticals,net_profit_margin_pct,31.17,3.33,2013.0
SUNPHARMA,Pharmaceuticals,net_profit_margin_pct,24.85,20.0,2017.0
SUNPHARMA,Pharmaceuticals,net_profit_margin_pct,19.99,28.33,2015.0
SUNPHARMA,Pharmaceuticals,net_profit_margin_pct,19.4,35.0,2023.0
SUNPHARMA,Pharmaceuticals,net_profit_margin_pct,19.86,31.67,2016.0
SUNPHARMA,Pharmaceuticals,net_profit_margin_pct,9.6,83.33,2018.0
SUNPHARMA,Pharmaceuticals,net_profit_margin_pct,11.04,75.0,2019.0
SUNPHARMA,Pharmaceuticals,net_profit_margin_pct,12.7,63.33,2020.0
SUNPHARMA,Pharmaceuticals,net_profit_margin_pct,6.78,96.67,2021.0
SUNPHARMA,Pharmaceuticals,net_profit_margin_pct,8.77,91.67,2022.0
CIPLA,Pharmaceuticals,net_profit_margin_pct,11.7,70.0,2022.0
CIPLA,Pharmaceuticals,net_profit_margin_pct,7.19,95.0,2017.0
CIPLA,Pharmaceuticals,net_profit_margin_pct,16.12,41.67,2024.0
CIPLA,Pharmaceuticals,net_profit_margin_pct,10.83,76.67,2015.0
CIPLA,Pharmaceuticals,net_profit_margin_pct,13.8,53.33,2014.0
CIPLA,Pharmaceuticals,net_profit_margin_pct,12.45,68.33,2023.0
CIPLA,Pharmaceuticals,net_profit_margin_pct,10.03,81.67,2016.0
CIPLA,Pharmaceuticals,net_profit_margin_pct,8.76,93.33,2020.0
CIPLA,Pharmaceuticals,net_profit_margin_pct,12.47,66.67,2021.0
CIPLA,Pharmaceuticals,net_profit_margin_pct,9.35,85.0,2018.0
CIPLA,Pharmaceuticals,net_profit_margin_pct,18.66,36.67,2013.0
CIPLA,Pharmaceuticals,net_profit_margin_pct,9.12,88.33,2019.0
DRREDDY,Pharmaceuticals,net_profit_margin_pct,18.27,38.33,2023.0
DRREDDY,Pharmaceuticals,net_profit_margin_pct,19.91,30.0,2024.0
DRREDDY,Pharmaceuticals,net_profit_margin_pct,13.69,55.0,2016.0
DRREDDY,Pharmaceuticals,net_profit_margin_pct,14.63,51.67,2014.0
DRREDDY,Pharmaceuticals,net_profit_margin_pct,15.55,48.33,2015.0
DRREDDY,Pharmaceuticals,net_profit_margin_pct,12.9,61.67,2013.0
DRREDDY,Pharmaceuticals,net_profit_margin_pct,9.1,90.0,2017.0
DRREDDY,Pharmaceuticals,net_profit_margin_pct,10.13,80.0,2022.0
DRREDDY,Pharmaceuticals,net_profit_margin_pct,12.62,65.0,2019.0
DRREDDY,Pharmaceuticals,net_profit_margin_pct,10.25,78.33,2021.0
DRREDDY,Pharmaceuticals,net_profit_margin_pct,11.57,71.67,2020.0
DRREDDY,Pharmaceuticals,net_profit_margin_pct,6.63,98.33,2018.0
DIVISLAB,Pharmaceuticals,net_profit_margin_pct,33.04,1.67,2022.0
DIVISLAB,Pharmaceuticals,net_profit_margin_pct,28.47,8.33,2021.0
DIVISLAB,Pharmaceuticals,net_profit_margin_pct,23.48,23.33,2023.0
DIVISLAB,Pharmaceuticals,net_profit_margin_pct,27.36,11.67,2019.0
DIVISLAB,Pharmaceuticals,net_profit_margin_pct,30.53,5.0,2014.0
DIVISLAB,Pharmaceuticals,net_profit_margin_pct,29.82,6.67,2016.0
DIVISLAB,Pharmaceuticals,net_profit_margin_pct,27.35,13.33,2015.0
DIVISLAB,Pharmaceuticals,net_profit_margin_pct,28.07,10.0,2013.0
DIVISLAB,Pharmaceuticals,net_profit_margin_pct,26.08,15.0,2017.0
DIVISLAB,Pharmaceuticals,net_profit_margin_pct,25.53,18.33,2020.0
DIVISLAB,Pharmaceuticals,net_profit_margin_pct,22.54,25.0,2018.0
DIVISLAB,Pharmaceuticals,net_profit_margin_pct,20.4,26.67,2024.0
TORNTPHARM,Pharmaceuticals,net_profit_margin_pct,25.92,16.67,2016.0
TORNTPHARM,Pharmaceuticals,net_profit_margin_pct,15.44,50.0,2024.0
TORNTPHARM,Pharmaceuticals,net_profit_margin_pct,12.94,58.33,2023.0
TORNTPHARM,Pharmaceuticals,net_profit_margin_pct,12.91,60.0,2020.0
TORNTPHARM,Pharmaceuticals,net_profit_margin_pct,16.06,43.33,2017.0
TORNTPHARM,Pharmaceuticals,net_profit_margin_pct,15.92,45.0,2014.0
TORNTPHARM,Pharmaceuticals,net_profit_margin_pct,13.58,56.67,2013.0
TORNTPHARM,Pharmaceuticals,net_profit_margin_pct,16.2,40.0,2015.0
TORNTPHARM,Pharmaceuticals,net_profit_margin_pct,9.13,86.67,2022.0
TORNTPHARM,Pharmaceuticals,net_profit_margin_pct,11.39,73.33,2018.0
TORNTPHARM,Pharmaceuticals,net_profit_margin_pct,5.68,100.0,2019.0
TORNTPHARM,Pharmaceuticals,net_profit_margin_pct,15.64,46.67,2021.0
SUNPHARMA,Pharmaceuticals,operating_profit_margin_pct,26.84,61.67,2024.0
SUNPHARMA,Pharmaceuticals,operating_profit_margin_pct,43.55,21.67,2014.0
SUNPHARMA,Pharmaceuticals,operating_profit_margin_pct,42.98,25.0,2013.0
SUNPHARMA,Pharmaceuticals,operating_profit_margin_pct,31.99,43.33,2017.0
SUNPHARMA,Pharmaceuticals,operating_profit_margin_pct,28.82,51.67,2015.0
SUNPHARMA,Pharmaceuticals,operating_profit_margin_pct,26.55,63.33,2023.0
SUNPHARMA,Pharmaceuticals,operating_profit_margin_pct,28.69,53.33,2016.0
SUNPHARMA,Pharmaceuticals,operating_profit_margin_pct,21.26,89.17,2018.0
SUNPHARMA,Pharmaceuticals,operating_profit_margin_pct,21.94,85.0,2019.0
SUNPHARMA,Pharmaceuticals,operating_profit_margin_pct,21.26,89.17,2020.0
SUNPHARMA,Pharmaceuticals,operating_profit_margin_pct,25.29,70.0,2021.0
SUNPHARMA,Pharmaceuticals,operating_profit_margin_pct,26.54,65.0,2022.0
CIPLA,Pharmaceuticals,operating_profit_margin_pct,79.08,11.67,2022.0
CIPLA,Pharmaceuticals,operating_profit_margin_pct,82.66,1.67,2017.0
CIPLA,Pharmaceuticals,operating_profit_margin_pct,75.59,18.33,2024.0
CIPLA,Pharmaceuticals,operating_profit_margin_pct,80.94,10.0,2015.0
CIPLA,Pharmaceuticals,operating_profit_margin_pct,78.9,13.33,2014.0
CIPLA,Pharmaceuticals,operating_profit_margin_pct,77.91,15.0,2023.0
CIPLA,Pharmaceuticals,operating_profit_margin_pct,82.02,3.33,2016.0
CIPLA,Pharmaceuticals,operating_profit_margin_pct,81.29,6.67,2020.0
CIPLA,Pharmaceuticals,operating_profit_margin_pct,77.8,16.67,2021.0
CIPLA,Pharmaceuticals,operating_profit_margin_pct,81.35,5.0,2018.0
CIPLA,Pharmaceuticals,operating_profit_margin_pct,73.26,20.0,2013.0
CIPLA,Pharmaceuticals,operating_profit_margin_pct,81.07,8.33,2019.0
DRREDDY,Pharmaceuticals,operating_profit_margin_pct,26.23,66.67,2023.0
DRREDDY,Pharmaceuticals,operating_profit_margin_pct,28.32,56.67,2024.0
DRREDDY,Pharmaceuticals,operating_profit_margin_pct,23.03,76.67,2016.0
DRREDDY,Pharmaceuticals,operating_profit_margin_pct,24.23,71.67,2014.0
DRREDDY,Pharmaceuticals,operating_profit_margin_pct,23.35,75.0,2015.0
DRREDDY,Pharmaceuticals,operating_profit_margin_pct,22.56,81.67,2013.0
DRREDDY,Pharmaceuticals,operating_profit_margin_pct,17.41,96.67,2017.0
DRREDDY,Pharmaceuticals,operating_profit_margin_pct,17.49,95.0,2022.0
DRREDDY,Pharmaceuticals,operating_profit_margin_pct,20.57,91.67,2019.0
DRREDDY,Pharmaceuticals,operating_profit_margin_pct,20.34,93.33,2021.0
DRREDDY,Pharmaceuticals,operating_profit_margin_pct,14.14,100.0,2020.0
DRREDDY,Pharmaceuticals,operating_profit_margin_pct,16.46,98.33,2018.0
DIVISLAB,Pharmaceuticals,operating_profit_margin_pct,43.36,23.33,2022.0
DIVISLAB,Pharmaceuticals,operating_profit_margin_pct,41.14,26.67,2021.0
DIVISLAB,Pharmaceuticals,operating_profit_margin_pct,30.51,48.33,2023.0
DIVISLAB,Pharmaceuticals,operating_profit_margin_pct,37.89,33.33,2019.0
DIVISLAB,Pharmaceuticals,operating_profit_margin_pct,40.21,30.0,2014.0
DIVISLAB,Pharmaceuticals,operating_profit_margin_pct,37.69,35.0,2016.0
DIVISLAB,Pharmaceuticals,operating_profit_margin_pct,37.66,36.67,2015.0
DIVISLAB,Pharmaceuticals,operating_profit_margin_pct,38.04,31.67,2013.0
DIVISLAB,Pharmaceuticals,operating_profit_margin_pct,35.68,38.33,2017.0
DIVISLAB,Pharmaceuticals,operating_profit_margin_pct,33.85,40.0,2020.0
DIVISLAB,Pharmaceuticals,operating_profit_margin_pct,32.61,41.67,2018.0
DIVISLAB,Pharmaceuticals,operating_profit_margin_pct,28.17,58.33,2024.0
TORNTPHARM,Pharmaceuticals,operating_profit_margin_pct,40.87,28.33,2016.0
TORNTPHARM,Pharmaceuticals,operating_profit_margin_pct,31.39,45.0,2024.0
TORNTPHARM,Pharmaceuticals,operating_profit_margin_pct,29.54,50.0,2023.0
TORNTPHARM,Pharmaceuticals,operating_profit_margin_pct,27.33,60.0,2020.0
TORNTPHARM,Pharmaceuticals,operating_profit_margin_pct,23.68,73.33,2017.0
TORNTPHARM,Pharmaceuticals,operating_profit_margin_pct,22.89,78.33,2014.0
TORNTPHARM,Pharmaceuticals,operating_profit_margin_pct,21.76,86.67,2013.0
TORNTPHARM,Pharmaceuticals,operating_profit_margin_pct,22.0,83.33,2015.0
TORNTPHARM,Pharmaceuticals,operating_profit_margin_pct,28.57,55.0,2022.0
TORNTPHARM,Pharmaceuticals,operating_profit_margin_pct,22.67,80.0,2018.0
TORNTPHARM,Pharmaceuticals,operating_profit_margin_pct,25.84,68.33,2019.0
TORNTPHARM,Pharmaceuticals,operating_profit_margin_pct,30.98,46.67,2021.0
SUNPHARMA,Pharmaceuticals,debt_to_equity,0.05,29.17,2024.0
SUNPHARMA,Pharmaceuticals,debt_to_equity,0.14,44.17,2014.0
SUNPHARMA,Pharmaceuticals,debt_to_equity,0.02,21.67,2013.0
SUNPHARMA,Pharmaceuticals,debt_to_equity,0.27,60.83,2017.0
SUNPHARMA,Pharmaceuticals,debt_to_equity,0.35,70.0,2015.0
SUNPHARMA,Pharmaceuticals,debt_to_equity,0.12,40.83,2023.0
SUNPHARMA,Pharmaceuticals,debt_to_equity,0.26,56.67,2016.0
SUNPHARMA,Pharmaceuticals,debt_to_equity,0.27,60.83,2018.0
SUNPHARMA,Pharmaceuticals,debt_to_equity,0.25,55.0,2019.0
SUNPHARMA,Pharmaceuticals,debt_to_equity,0.18,51.67,2020.0
SUNPHARMA,Pharmaceuticals,debt_to_equity,0.08,35.0,2021.0
SUNPHARMA,Pharmaceuticals,debt_to_equity,0.03,25.83,2022.0
CIPLA,Pharmaceuticals,debt_to_equity,0.05,29.17,2022.0
CIPLA,Pharmaceuticals,debt_to_equity,0.33,68.33,2017.0
CIPLA,Pharmaceuticals,debt_to_equity,0.02,21.67,2024.0
CIPLA,Pharmaceuticals,debt_to_equity,0.16,46.67,2015.0
CIPLA,Pharmaceuticals,debt_to_equity,0.12,40.83,2014.0
CIPLA,Pharmaceuticals,debt_to_equity,0.03,25.83,2023.0
CIPLA,Pharmaceuticals,debt_to_equity,0.45,76.67,2016.0
CIPLA,Pharmaceuticals,debt_to_equity,0.18,51.67,2020.0
CIPLA,Pharmaceuticals,debt_to_equity,0.11,37.5,2021.0
CIPLA,Pharmaceuticals,debt_to_equity,0.29,65.83,2018.0
CIPLA,Pharmaceuticals,debt_to_equity,0.11,37.5,2013.0
CIPLA,Pharmaceuticals,debt_to_equity,0.29,65.83,2019.0
DRREDDY,Pharmaceuticals,debt_to_equity,0.06,31.67,2023.0
DRREDDY,Pharmaceuticals,debt_to_equity,0.07,33.33,2024.0
DRREDDY,Pharmaceuticals,debt_to_equity,0.27,60.83,2016.0
DRREDDY,Pharmaceuticals,debt_to_equity,0.57,80.0,2014.0
DRREDDY,Pharmaceuticals,debt_to_equity,0.44,75.0,2015.0
DRREDDY,Pharmaceuticals,debt_to_equity,0.58,82.5,2013.0
DRREDDY,Pharmaceuticals,debt_to_equity,0.4,72.5,2017.0
DRREDDY,Pharmaceuticals,debt_to_equity,0.18,51.67,2022.0
DRREDDY,Pharmaceuticals,debt_to_equity,0.27,60.83,2019.0
DRREDDY,Pharmaceuticals,debt_to_equity,0.17,48.33,2021.0
DRREDDY,Pharmaceuticals,debt_to_equity,0.14,44.17,2020.0
DRREDDY,Pharmaceuticals,debt_to_equity,0.4,72.5,2018.0
DIVISLAB,Pharmaceuticals,debt_to_equity,0.0,4.17,2022.0
DIVISLAB,Pharmaceuticals,debt_to_equity,0.0,4.17,2021.0
DIVISLAB,Pharmaceuticals,debt_to_equity,0.0,4.17,2023.0
DIVISLAB,Pharmaceuticals,debt_to_equity,0.02,21.67,2019.0
DIVISLAB,Pharmaceuticals,debt_to_equity,0.01,13.33,2014.0
DIVISLAB,Pharmaceuticals,debt_to_equity,0.01,13.33,2016.0
DIVISLAB,Pharmaceuticals,debt_to_equity,0.01,13.33,2015.0
DIVISLAB,Pharmaceuticals,debt_to_equity,0.01,13.33,2013.0
DIVISLAB,Pharmaceuticals,debt_to_equity,0.01,13.33,2017.0
DIVISLAB,Pharmaceuticals,debt_to_equity,0.01,13.33,2020.0
DIVISLAB,Pharmaceuticals,debt_to_equity,0.01,13.33,2018.0
DIVISLAB,Pharmaceuticals,debt_to_equity,0.0,4.17,2024.0
TORNTPHARM,Pharmaceuticals,debt_to_equity,0.67,88.33,2016.0
TORNTPHARM,Pharmaceuticals,debt_to_equity,0.59,85.83,2024.0
TORNTPHARM,Pharmaceuticals,debt_to_equity,0.87,93.33,2023.0
TORNTPHARM,Pharmaceuticals,debt_to_equity,1.2,96.67,2020.0
TORNTPHARM,Pharmaceuticals,debt_to_equity,0.58,82.5,2017.0
TORNTPHARM,Pharmaceuticals,debt_to_equity,0.59,85.83,2014.0
TORNTPHARM,Pharmaceuticals,debt_to_equity,0.49,78.33,2013.0
TORNTPHARM,Pharmaceuticals,debt_to_equity,1.1,95.0,2015.0
TORNTPHARM,Pharmaceuticals,debt_to_equity,0.68,90.0,2022.0
TORNTPHARM,Pharmaceuticals,debt_to_equity,1.4,100.0,2018.0
TORNTPHARM,Pharmaceuticals,debt_to_equity,1.28,98.33,2019.0
TORNTPHARM,Pharmaceuticals,debt_to_equity,0.83,91.67,2021.0
SUNPHARMA,Pharmaceuticals,free_cash_flow,11372.0,1.67,2024.0
SUNPHARMA,Pharmaceuticals,free_cash_flow,1783.0,25.0,2014.0
SUNPHARMA,Pharmaceuticals,free_cash_flow,982.0,48.33,2013.0
SUNPHARMA,Pharmaceuticals,free_cash_flow,2896.0,13.33,2017.0
SUNPHARMA,Pharmaceuticals,free_cash_flow,4114.0,6.67,2015.0
SUNPHARMA,Pharmaceuticals,free_cash_flow,-2261.0,96.67,2023.0
SUNPHARMA,Pharmaceuticals,free_cash_flow,2737.0,15.0,2016.0
SUNPHARMA,Pharmaceuticals,free_cash_flow,803.0,51.67,2018.0
SUNPHARMA,Pharmaceuticals,free_cash_flow,1886.0,21.67,2019.0
SUNPHARMA,Pharmaceuticals,free_cash_flow,4330.0,5.0,2020.0
SUNPHARMA,Pharmaceuticals,free_cash_flow,6577.0,3.33,2021.0
SUNPHARMA,Pharmaceuticals,free_cash_flow,3429.0,8.33,2022.0
CIPLA,Pharmaceuticals,free_cash_flow,1468.0,36.67,2022.0
CIPLA,Pharmaceuticals,free_cash_flow,1078.0,45.0,2017.0
CIPLA,Pharmaceuticals,free_cash_flow,1152.0,41.67,2024.0
CIPLA,Pharmaceuticals,free_cash_flow,223.0,75.0,2015.0
CIPLA,Pharmaceuticals,free_cash_flow,298.0,64.17,2014.0
CIPLA,Pharmaceuticals,free_cash_flow,862.0,50.0,2023.0
CIPLA,Pharmaceuticals,free_cash_flow,-2792.0,98.33,2016.0
CIPLA,Pharmaceuticals,free_cash_flow,3182.0,10.0,2020.0
CIPLA,Pharmaceuticals,free_cash_flow,1381.0,38.33,2021.0
CIPLA,Pharmaceuticals,free_cash_flow,629.0,55.0,2018.0
CIPLA,Pharmaceuticals,free_cash_flow,-665.0,93.33,2013.0
CIPLA,Pharmaceuticals,free_cash_flow,3.0,85.0,2019.0
DRREDDY,Pharmaceuticals,free_cash_flow,1779.0,26.67,2023.0
DRREDDY,Pharmaceuticals,free_cash_flow,509.0,56.67,2024.0
DRREDDY,Pharmaceuticals,free_cash_flow,1653.0,28.33,2016.0
DRREDDY,Pharmaceuticals,free_cash_flow,366.0,58.33,2014.0
DRREDDY,Pharmaceuticals,free_cash_flow,154.0,80.0,2015.0
DRREDDY,Pharmaceuticals,free_cash_flow,-59.0,86.67,2013.0
DRREDDY,Pharmaceuticals,free_cash_flow,254.0,68.33,2017.0
DRREDDY,Pharmaceuticals,free_cash_flow,246.0,71.67,2022.0
DRREDDY,Pharmaceuticals,free_cash_flow,2101.0,18.33,2019.0
DRREDDY,Pharmaceuticals,free_cash_flow,1315.0,40.0,2021.0
DRREDDY,Pharmaceuticals,free_cash_flow,2489.0,16.67,2020.0
DRREDDY,Pharmaceuticals,free_cash_flow,320.0,60.0,2018.0
DIVISLAB,Pharmaceuticals,free_cash_flow,-283.0,91.67,2022.0
DIVISLAB,Pharmaceuticals,free_cash_flow,2022.0,20.0,2021.0
DIVISLAB,Pharmaceuticals,free_cash_flow,-248.0,90.0,2023.0
DIVISLAB,Pharmaceuticals,free_cash_flow,269.0,66.67,2019.0
DIVISLAB,Pharmaceuticals,free_cash_flow,252.0,70.0,2014.0
DIVISLAB,Pharmaceuticals,free_cash_flow,632.0,53.33,2016.0
DIVISLAB,Pharmaceuticals,free_cash_flow,305.0,61.67,2015.0
DIVISLAB,Pharmaceuticals,free_cash_flow,225.0,73.33,2013.0
DIVISLAB,Pharmaceuticals,free_cash_flow,10.0,83.33,2017.0
DIVISLAB,Pharmaceuticals,free_cash_flow,1133.0,43.33,2020.0
DIVISLAB,Pharmaceuticals,free_cash_flow,298.0,64.17,2018.0
DIVISLAB,Pharmaceuticals,free_cash_flow,992.0,46.67,2024.0
TORNTPHARM,Pharmaceuticals,free_cash_flow,1873.0,23.33,2016.0
TORNTPHARM,Pharmaceuticals,free_cash_flow,3106.0,11.67,2024.0
TORNTPHARM,Pharmaceuticals,free_cash_flow,33.0,81.67,2023.0
TORNTPHARM,Pharmaceuticals,free_cash_flow,1622.0,30.0,2020.0
TORNTPHARM,Pharmaceuticals,free_cash_flow,211.0,76.67,2017.0
TORNTPHARM,Pharmaceuticals,free_cash_flow,181.0,78.33,2014.0
TORNTPHARM,Pharmaceuticals,free_cash_flow,-94.0,88.33,2013.0
TORNTPHARM,Pharmaceuticals,free_cash_flow,-1303.0,95.0,2015.0
TORNTPHARM,Pharmaceuticals,free_cash_flow,1607.0,31.67,2022.0
TORNTPHARM,Pharmaceuticals,free_cash_flow,-3783.0,100.0,2018.0
TORNTPHARM,Pharmaceuticals,free_cash_flow,1552.0,35.0,2019.0
TORNTPHARM,Pharmaceuticals,free_cash_flow,1561.0,33.33,2021.0
SUNPHARMA,Pharmaceuticals,revenue_cagr_5yr,10.78116321985565,42.86,2024.0
SUNPHARMA,Pharmaceuticals,revenue_cagr_5yr,,,2014.0
SUNPHARMA,Pharmaceuticals,revenue_cagr_5yr,,,2013.0
SUNPHARMA,Pharmaceuticals,revenue_cagr_5yr,,,2017.0
SUNPHARMA,Pharmaceuticals,revenue_cagr_5yr,,,2015.0
SUNPHARMA,Pharmaceuticals,revenue_cagr_5yr,10.62469519395506,45.71,2023.0
SUNPHARMA,Pharmaceuticals,revenue_cagr_5yr,,,2016.0
SUNPHARMA,Pharmaceuticals,revenue_cagr_5yr,18.934068669904768,2.86,2018.0
SUNPHARMA,Pharmaceuticals,revenue_cagr_5yr,12.569268760264052,31.43,2019.0
SUNPHARMA,Pharmaceuticals,revenue_cagr_5yr,3.6932749659858377,88.57,2020.0
SUNPHARMA,Pharmaceuticals,revenue_cagr_5yr,3.2938423054365673,94.29,2021.0
SUNPHARMA,Pharmaceuticals,revenue_cagr_5yr,4.126666314649863,80.0,2022.0
CIPLA,Pharmaceuticals,revenue_cagr_5yr,8.6194133222254,62.86,2022.0
CIPLA,Pharmaceuticals,revenue_cagr_5yr,,,2017.0
CIPLA,Pharmaceuticals,revenue_cagr_5yr,9.513860126378049,57.14,2024.0
CIPLA,Pharmaceuticals,revenue_cagr_5yr,,,2015.0
CIPLA,Pharmaceuticals,revenue_cagr_5yr,,,2014.0
CIPLA,Pharmaceuticals,revenue_cagr_5yr,8.465298065352634,68.57,2023.0
CIPLA,Pharmaceuticals,revenue_cagr_5yr,,,2016.0
CIPLA,Pharmaceuticals,revenue_cagr_5yr,8.59272043765662,65.71,2020.0
CIPLA,Pharmaceuticals,revenue_cagr_5yr,6.798769202186472,77.14,2021.0
CIPLA,Pharmaceuticals,revenue_cagr_5yr,12.855139726348241,22.86,2018.0
CIPLA,Pharmaceuticals,revenue_cagr_5yr,,,2013.0
CIPLA,Pharmaceuticals,revenue_cagr_5yr,9.970821360334714,51.43,2019.0
DRREDDY,Pharmaceuticals,revenue_cagr_5yr,11.553218790860885,37.14,2023.0
DRREDDY,Pharmaceuticals,revenue_cagr_5yr,12.639644349571988,28.57,2024.0
DRREDDY,Pharmaceuticals,revenue_cagr_5yr,,,2016.0
DRREDDY,Pharmaceuticals,revenue_cagr_5yr,,,2014.0
DRREDDY,Pharmaceuticals,revenue_cagr_5yr,,,2015.0
DRREDDY,Pharmaceuticals,revenue_cagr_5yr,,,2013.0
DRREDDY,Pharmaceuticals,revenue_cagr_5yr,,,2017.0
DRREDDY,Pharmaceuticals,revenue_cagr_5yr,8.70164128647819,60.0,2022.0
DRREDDY,Pharmaceuticals,revenue_cagr_5yr,2.862320330843815,100.0,2019.0
DRREDDY,Pharmaceuticals,revenue_cagr_5yr,4.117399386622145,82.86,2021.0
DRREDDY,Pharmaceuticals,revenue_cagr_5yr,3.119455830493445,97.14,2020.0
DRREDDY,Pharmaceuticals,revenue_cagr_5yr,3.8323661555037525,85.71,2018.0
DIVISLAB,Pharmaceuticals,revenue_cagr_5yr,17.130733265194962,5.71,2022.0
DIVISLAB,Pharmaceuticals,revenue_cagr_5yr,13.038840944248363,17.14,2021.0
DIVISLAB,Pharmaceuticals,revenue_cagr_5yr,14.82551842034332,8.57,2023.0
DIVISLAB,Pharmaceuticals,revenue_cagr_5yr,14.32944154477973,11.43,2019.0
DIVISLAB,Pharmaceuticals,revenue_cagr_5yr,,,2014.0
DIVISLAB,Pharmaceuticals,revenue_cagr_5yr,,,2016.0
DIVISLAB,Pharmaceuticals,revenue_cagr_5yr,,,2015.0
DIVISLAB,Pharmaceuticals,revenue_cagr_5yr,,,2013.0
DIVISLAB,Pharmaceuticals,revenue_cagr_5yr,,,2017.0
DIVISLAB,Pharmaceuticals,revenue_cagr_5yr,11.60677996581516,34.29,2020.0
DIVISLAB,Pharmaceuticals,revenue_cagr_5yr,12.648856319282388,25.71,2018.0
DIVISLAB,Pharmaceuticals,revenue_cagr_5yr,9.664930361854074,54.29,2024.0
TORNTPHARM,Pharmaceuticals,revenue_cagr_5yr,,,2016.0
TORNTPHARM,Pharmaceuticals,revenue_cagr_5yr,6.932744476678732,74.29,2024.0
TORNTPHARM,Pharmaceuticals,revenue_cagr_5yr,10.08588072171932,48.57,2023.0
TORNTPHARM,Pharmaceuticals,revenue_cagr_5yr,11.358782714354444,40.0,2020.0
TORNTPHARM,Pharmaceuticals,revenue_cagr_5yr,,,2017.0
TORNTPHARM,Pharmaceuticals,revenue_cagr_5yr,,,2014.0
TORNTPHARM,Pharmaceuticals,revenue_cagr_5yr,,,2013.0
TORNTPHARM,Pharmaceuticals,revenue_cagr_5yr,,,2015.0
TORNTPHARM,Pharmaceuticals,revenue_cagr_5yr,7.9047633663229755,71.43,2022.0
TORNTPHARM,Pharmaceuticals,revenue_cagr_5yr,13.185815797308443,14.29,2018.0
TORNTPHARM,Pharmaceuticals,revenue_cagr_5yr,12.959868904863159,20.0,2019.0
TORNTPHARM,Pharmaceuticals,revenue_cagr_5yr,3.663532160847671,91.43,2021.0
SUNPHARMA,Pharmaceuticals,pat_cagr_5yr,24.536829642931245,11.43,2024.0
SUNPHARMA,Pharmaceuticals,pat_cagr_5yr,,,2014.0
SUNPHARMA,Pharmaceuticals,pat_cagr_5yr,,,2013.0
SUNPHARMA,Pharmaceuticals,pat_cagr_5yr,,,2017.0
SUNPHARMA,Pharmaceuticals,pat_cagr_5yr,,,2015.0
SUNPHARMA,Pharmaceuticals,pat_cagr_5yr,27.34485916122502,8.57,2023.0
SUNPHARMA,Pharmaceuticals,pat_cagr_5yr,,,2016.0
SUNPHARMA,Pharmaceuticals,pat_cagr_5yr,-6.028913273042247,85.71,2018.0
SUNPHARMA,Pharmaceuticals,pat_cagr_5yr,-3.7273522971935424,80.0,2019.0
SUNPHARMA,Pharmaceuticals,pat_cagr_5yr,-5.294288306122463,82.86,2020.0
SUNPHARMA,Pharmaceuticals,pat_cagr_5yr,-16.680035395059534,100.0,2021.0
SUNPHARMA,Pharmaceuticals,pat_cagr_5yr,-15.455637638926811,97.14,2022.0
CIPLA,Pharmaceuticals,pat_cagr_5yr,19.734062761097903,22.86,2022.0
CIPLA,Pharmaceuticals,pat_cagr_5yr,,,2017.0
CIPLA,Pharmaceuticals,pat_cagr_5yr,22.726834848000887,20.0,2024.0
CIPLA,Pharmaceuticals,pat_cagr_5yr,,,2015.0
CIPLA,Pharmaceuticals,pat_cagr_5yr,,,2014.0
CIPLA,Pharmaceuticals,pat_cagr_5yr,14.861727803723523,28.57,2023.0
CIPLA,Pharmaceuticals,pat_cagr_5yr,,,2016.0
CIPLA,Pharmaceuticals,pat_cagr_5yr,4.065763588348226,57.14,2020.0
CIPLA,Pharmaceuticals,pat_cagr_5yr,11.552368035502859,40.0,2021.0
CIPLA,Pharmaceuticals,pat_cagr_5yr,-1.7147666072381607,68.57,2018.0
CIPLA,Pharmaceuticals,pat_cagr_5yr,,,2013.0
CIPLA,Pharmaceuticals,pat_cagr_5yr,1.2232653529579363,62.86,2019.0
DRREDDY,Pharmaceuticals,pat_cagr_5yr,36.6178718301797,2.86,2023.0
DRREDDY,Pharmaceuticals,pat_cagr_5yr,23.392504645437473,14.29,2024.0
DRREDDY,Pharmaceuticals,pat_cagr_5yr,,,2016.0
DRREDDY,Pharmaceuticals,pat_cagr_5yr,,,2014.0
DRREDDY,Pharmaceuticals,pat_cagr_5yr,,,2015.0
DRREDDY,Pharmaceuticals,pat_cagr_5yr,,,2013.0
DRREDDY,Pharmaceuticals,pat_cagr_5yr,,,2017.0
DRREDDY,Pharmaceuticals,pat_cagr_5yr,11.049970245016972,42.86,2022.0
DRREDDY,Pharmaceuticals,pat_cagr_5yr,-0.13280259357866253,65.71,2019.0
DRREDDY,Pharmaceuticals,pat_cagr_5yr,-1.7394314441348757,71.43,2021.0
DRREDDY,Pharmaceuticals,pat_cagr_5yr,-2.80737305050921,74.29,2020.0
DRREDDY,Pharmaceuticals,pat_cagr_5yr,-9.112912118854366,94.29,2018.0
DIVISLAB,Pharmaceuticals,pat_cagr_5yr,22.799661357049537,17.14,2022.0
DIVISLAB,Pharmaceuticals,pat_cagr_5yr,11.995521268019417,34.29,2021.0
DIVISLAB,Pharmaceuticals,pat_cagr_5yr,15.772403111787137,25.71,2023.0
DIVISLAB,Pharmaceuticals,pat_cagr_5yr,11.846825067452894,37.14,2019.0
DIVISLAB,Pharmaceuticals,pat_cagr_5yr,,,2014.0
DIVISLAB,Pharmaceuticals,pat_cagr_5yr,,,2016.0
DIVISLAB,Pharmaceuticals,pat_cagr_5yr,,,2015.0
DIVISLAB,Pharmaceuticals,pat_cagr_5yr,,,2013.0
DIVISLAB,Pharmaceuticals,pat_cagr_5yr,,,2017.0
DIVISLAB,Pharmaceuticals,pat_cagr_5yr,10.077578947240639,45.71,2020.0
DIVISLAB,Pharmaceuticals,pat_cagr_5yr,7.815355794198564,51.43,2018.0
DIVISLAB,Pharmaceuticals,pat_cagr_5yr,3.4104521925080844,60.0,2024.0
TORNTPHARM,Pharmaceuticals,pat_cagr_5yr,,,2016.0
TORNTPHARM,Pharmaceuticals,pat_cagr_5yr,30.591457402327848,5.71,2024.0
TORNTPHARM,Pharmaceuticals,pat_cagr_5yr,12.92443635197773,31.43,2023.0
TORNTPHARM,Pharmaceuticals,pat_cagr_5yr,6.418414862657307,54.29,2020.0
TORNTPHARM,Pharmaceuticals,pat_cagr_5yr,,,2017.0
TORNTPHARM,Pharmaceuticals,pat_cagr_5yr,,,2014.0
TORNTPHARM,Pharmaceuticals,pat_cagr_5yr,,,2013.0
TORNTPHARM,Pharmaceuticals,pat_cagr_5yr,,,2015.0
TORNTPHARM,Pharmaceuticals,pat_cagr_5yr,-3.6138066917305034,77.14,2022.0
TORNTPHARM,Pharmaceuticals,pat_cagr_5yr,9.281862314917323,48.57,2018.0
TORNTPHARM,Pharmaceuticals,pat_cagr_5yr,-8.068640631432466,91.43,2019.0
TORNTPHARM,Pharmaceuticals,pat_cagr_5yr,-6.295347760786285,88.57,2021.0
SUNPHARMA,Pharmaceuticals,eps_cagr_5yr,29.45936165164078,11.43,2024.0
SUNPHARMA,Pharmaceuticals,eps_cagr_5yr,,,2014.0
SUNPHARMA,Pharmaceuticals,eps_cagr_5yr,,,2013.0
SUNPHARMA,Pharmaceuticals,eps_cagr_5yr,,,2017.0
SUNPHARMA,Pharmaceuticals,eps_cagr_5yr,,,2015.0
SUNPHARMA,Pharmaceuticals,eps_cagr_5yr,31.20944756784505,5.71,2023.0
SUNPHARMA,Pharmaceuticals,eps_cagr_5yr,,,2016.0
SUNPHARMA,Pharmaceuticals,eps_cagr_5yr,-8.457473433049822,91.43,2018.0
SUNPHARMA,Pharmaceuticals,eps_cagr_5yr,-6.014623565001143,80.0,2019.0
SUNPHARMA,Pharmaceuticals,eps_cagr_5yr,-6.170487402194635,82.86,2020.0
SUNPHARMA,Pharmaceuticals,eps_cagr_5yr,-8.780953350850574,94.29,2021.0
SUNPHARMA,Pharmaceuticals,eps_cagr_5yr,-13.55378004868154,100.0,2022.0
CIPLA,Pharmaceuticals,eps_cagr_5yr,18.98265847516061,22.86,2022.0
CIPLA,Pharmaceuticals,eps_cagr_5yr,,,2017.0
CIPLA,Pharmaceuticals,eps_cagr_5yr,21.832544608565986,20.0,2024.0
CIPLA,Pharmaceuticals,eps_cagr_5yr,,,2015.0
CIPLA,Pharmaceuticals,eps_cagr_5yr,,,2014.0
CIPLA,Pharmaceuticals,eps_cagr_5yr,14.224458489960767,28.57,2023.0
CIPLA,Pharmaceuticals,eps_cagr_5yr,,,2016.0
CIPLA,Pharmaceuticals,eps_cagr_5yr,4.841317128472156,57.14,2020.0
CIPLA,Pharmaceuticals,eps_cagr_5yr,12.030033714161736,37.14,2021.0
CIPLA,Pharmaceuticals,eps_cagr_5yr,-1.075518913431428,68.57,2018.0
CIPLA,Pharmaceuticals,eps_cagr_5yr,,,2013.0
CIPLA,Pharmaceuticals,eps_cagr_5yr,2.2494394759551506,62.86,2019.0
DRREDDY,Pharmaceuticals,eps_cagr_5yr,37.46755707779583,2.86,2023.0
DRREDDY,Pharmaceuticals,eps_cagr_5yr,23.842409558387544,14.29,2024.0
DRREDDY,Pharmaceuticals,eps_cagr_5yr,,,2016.0
DRREDDY,Pharmaceuticals,eps_cagr_5yr,,,2014.0
DRREDDY,Pharmaceuticals,eps_cagr_5yr,,,2015.0
DRREDDY,Pharmaceuticals,eps_cagr_5yr,,,2013.0
DRREDDY,Pharmaceuticals,eps_cagr_5yr,,,2017.0
DRREDDY,Pharmaceuticals,eps_cagr_5yr,10.197228772148016,44.29,2022.0
DRREDDY,Pharmaceuticals,eps_cagr_5yr,0.0,65.71,2019.0
DRREDDY,Pharmaceuticals,eps_cagr_5yr,-1.6538041668570203,71.43,2021.0
DRREDDY,Pharmaceuticals,eps_cagr_5yr,-2.3281316138826114,74.29,2020.0
DRREDDY,Pharmaceuticals,eps_cagr_5yr,-9.380004555508936,97.14,2018.0
DIVISLAB,Pharmaceuticals,eps_cagr_5yr,22.865967908314722,17.14,2022.0
DIVISLAB,Pharmaceuticals,eps_cagr_5yr,12.295510705682112,34.29,2021.0
DIVISLAB,Pharmaceuticals,eps_cagr_5yr,15.895621875417865,25.71,2023.0
DIVISLAB,Pharmaceuticals,eps_cagr_5yr,11.952664832522043,40.0,2019.0
DIVISLAB,Pharmaceuticals,eps_cagr_5yr,,,2014.0
DIVISLAB,Pharmaceuticals,eps_cagr_5yr,,,2016.0
DIVISLAB,Pharmaceuticals,eps_cagr_5yr,,,2015.0
DIVISLAB,Pharmaceuticals,eps_cagr_5yr,,,2013.0
DIVISLAB,Pharmaceuticals,eps_cagr_5yr,,,2017.0
DIVISLAB,Pharmaceuticals,eps_cagr_5yr,10.197228772148016,44.29,2020.0
DIVISLAB,Pharmaceuticals,eps_cagr_5yr,7.487316557532875,51.43,2018.0
DIVISLAB,Pharmaceuticals,eps_cagr_5yr,3.303780411393231,60.0,2024.0
TORNTPHARM,Pharmaceuticals,eps_cagr_5yr,,,2016.0
TORNTPHARM,Pharmaceuticals,eps_cagr_5yr,30.391879544001377,8.57,2024.0
TORNTPHARM,Pharmaceuticals,eps_cagr_5yr,13.09264089979596,31.43,2023.0
TORNTPHARM,Pharmaceuticals,eps_cagr_5yr,6.399531281508364,54.29,2020.0
TORNTPHARM,Pharmaceuticals,eps_cagr_5yr,,,2017.0
TORNTPHARM,Pharmaceuticals,eps_cagr_5yr,,,2014.0
TORNTPHARM,Pharmaceuticals,eps_cagr_5yr,,,2013.0
TORNTPHARM,Pharmaceuticals,eps_cagr_5yr,,,2015.0
TORNTPHARM,Pharmaceuticals,eps_cagr_5yr,-3.8578209936383057,77.14,2022.0
TORNTPHARM,Pharmaceuticals,eps_cagr_5yr,8.997698704834534,48.57,2018.0
TORNTPHARM,Pharmaceuticals,eps_cagr_5yr,-8.254943738950193,88.57,2019.0
TORNTPHARM,Pharmaceuticals,eps_cagr_5yr,-6.216527420737561,85.71,2021.0
SUNPHARMA,Pharmaceuticals,interest_coverage,58.33,30.0,2024.0
SUNPHARMA,Pharmaceuticals,interest_coverage,114.43,23.33,2014.0
SUNPHARMA,Pharmaceuticals,interest_coverage,109.16,25.0,2013.0
SUNPHARMA,Pharmaceuticals,interest_coverage,26.78,70.0,2017.0
SUNPHARMA,Pharmaceuticals,interest_coverage,14.12,81.67,2015.0
SUNPHARMA,Pharmaceuticals,interest_coverage,70.4,26.67,2023.0
SUNPHARMA,Pharmaceuticals,interest_coverage,15.55,78.33,2016.0
SUNPHARMA,Pharmaceuticals,interest_coverage,10.61,85.0,2018.0
SUNPHARMA,Pharmaceuticals,interest_coverage,11.03,83.33,2019.0
SUNPHARMA,Pharmaceuticals,interest_coverage,24.31,73.33,2020.0
SUNPHARMA,Pharmaceuticals,interest_coverage,35.61,53.33,2021.0
SUNPHARMA,Pharmaceuticals,interest_coverage,53.17,38.33,2022.0
CIPLA,Pharmaceuticals,interest_coverage,174.06,21.67,2022.0
CIPLA,Pharmaceuticals,interest_coverage,57.28,31.67,2017.0
CIPLA,Pharmaceuticals,interest_coverage,35.34,55.0,2024.0
CIPLA,Pharmaceuticals,interest_coverage,56.11,35.0,2015.0
CIPLA,Pharmaceuticals,interest_coverage,32.06,61.67,2014.0
CIPLA,Pharmaceuticals,interest_coverage,60.57,28.33,2023.0
CIPLA,Pharmaceuticals,interest_coverage,54.46,36.67,2016.0
CIPLA,Pharmaceuticals,interest_coverage,40.54,50.0,2020.0
CIPLA,Pharmaceuticals,interest_coverage,56.12,33.33,2021.0
CIPLA,Pharmaceuticals,interest_coverage,44.1,46.67,2018.0
CIPLA,Pharmaceuticals,interest_coverage,24.87,71.67,2013.0
CIPLA,Pharmaceuticals,interest_coverage,27.85,66.67,2019.0
DRREDDY,Pharmaceuticals,interest_coverage,52.03,40.0,2023.0
DRREDDY,Pharmaceuticals,interest_coverage,51.71,41.67,2024.0
DRREDDY,Pharmaceuticals,interest_coverage,46.75,43.33,2016.0
DRREDDY,Pharmaceuticals,interest_coverage,26.94,68.33,2014.0
DRREDDY,Pharmaceuticals,interest_coverage,34.89,56.67,2015.0
DRREDDY,Pharmaceuticals,interest_coverage,28.15,65.0,2013.0
DRREDDY,Pharmaceuticals,interest_coverage,33.47,58.33,2017.0
DRREDDY,Pharmaceuticals,interest_coverage,45.03,45.0,2022.0
DRREDDY,Pharmaceuticals,interest_coverage,39.99,51.67,2019.0
DRREDDY,Pharmaceuticals,interest_coverage,43.39,48.33,2021.0
DRREDDY,Pharmaceuticals,interest_coverage,32.11,60.0,2020.0
DRREDDY,Pharmaceuticals,interest_coverage,31.72,63.33,2018.0
DIVISLAB,Pharmaceuticals,interest_coverage,1998.5,1.67,2022.0
DIVISLAB,Pharmaceuticals,interest_coverage,1462.0,3.33,2021.0
DIVISLAB,Pharmaceuticals,interest_coverage,1357.0,5.0,2023.0
DIVISLAB,Pharmaceuticals,interest_coverage,405.6,11.67,2019.0
DIVISLAB,Pharmaceuticals,interest_coverage,362.0,15.0,2014.0
DIVISLAB,Pharmaceuticals,interest_coverage,303.2,16.67,2016.0
DIVISLAB,Pharmaceuticals,interest_coverage,403.67,13.33,2015.0
DIVISLAB,Pharmaceuticals,interest_coverage,287.0,20.0,2013.0
DIVISLAB,Pharmaceuticals,interest_coverage,507.33,10.0,2017.0
DIVISLAB,Pharmaceuticals,interest_coverage,287.43,18.33,2020.0
DIVISLAB,Pharmaceuticals,interest_coverage,688.0,6.67,2018.0
DIVISLAB,Pharmaceuticals,interest_coverage,636.25,8.33,2024.0
TORNTPHARM,Pharmaceuticals,interest_coverage,15.03,80.0,2016.0
TORNTPHARM,Pharmaceuticals,interest_coverage,9.93,86.67,2024.0
TORNTPHARM,Pharmaceuticals,interest_coverage,8.67,88.33,2023.0
TORNTPHARM,Pharmaceuticals,interest_coverage,5.08,98.33,2020.0
TORNTPHARM,Pharmaceuticals,interest_coverage,7.77,91.67,2017.0
TORNTPHARM,Pharmaceuticals,interest_coverage,16.76,76.67,2014.0
TORNTPHARM,Pharmaceuticals,interest_coverage,20.53,75.0,2013.0
TORNTPHARM,Pharmaceuticals,interest_coverage,7.46,93.33,2015.0
TORNTPHARM,Pharmaceuticals,interest_coverage,8.4,90.0,2022.0
TORNTPHARM,Pharmaceuticals,interest_coverage,5.35,96.67,2018.0
TORNTPHARM,Pharmaceuticals,interest_coverage,3.34,100.0,2019.0
TORNTPHARM,Pharmaceuticals,interest_coverage,7.19,95.0,2021.0
SUNPHARMA,Pharmaceuticals,asset_turnover,0.57,72.5,2024.0
SUNPHARMA,Pharmaceuticals,asset_turnover,0.55,80.0,2014.0
SUNPHARMA,Pharmaceuticals,asset_turnover,0.55,80.0,2013.0
SUNPHARMA,Pharmaceuticals,asset_turnover,0.52,88.33,2017.0
SUNPHARMA,Pharmaceuticals,asset_turnover,0.56,76.67,2015.0
SUNPHARMA,Pharmaceuticals,asset_turnover,0.54,85.0,2023.0
SUNPHARMA,Pharmaceuticals,asset_turnover,0.51,90.83,2016.0
SUNPHARMA,Pharmaceuticals,asset_turnover,0.41,100.0,2018.0
SUNPHARMA,Pharmaceuticals,asset_turnover,0.45,96.67,2019.0
SUNPHARMA,Pharmaceuticals,asset_turnover,0.48,95.0,2020.0
SUNPHARMA,Pharmaceuticals,asset_turnover,0.5,93.33,2021.0
SUNPHARMA,Pharmaceuticals,asset_turnover,0.55,80.0,2022.0
CIPLA,Pharmaceuticals,asset_turnover,0.81,9.17,2022.0
CIPLA,Pharmaceuticals,asset_turnover,0.69,41.67,2017.0
CIPLA,Pharmaceuticals,asset_turnover,0.79,11.67,2024.0
CIPLA,Pharmaceuticals,asset_turnover,0.72,32.5,2015.0
CIPLA,Pharmaceuticals,asset_turnover,0.76,21.67,2014.0
CIPLA,Pharmaceuticals,asset_turnover,0.78,13.33,2023.0
CIPLA,Pharmaceuticals,asset_turnover,0.66,55.0,2016.0
CIPLA,Pharmaceuticals,asset_turnover,0.73,28.33,2020.0
CIPLA,Pharmaceuticals,asset_turnover,0.77,17.5,2021.0
CIPLA,Pharmaceuticals,asset_turnover,0.67,49.17,2018.0
CIPLA,Pharmaceuticals,asset_turnover,0.71,37.5,2013.0
CIPLA,Pharmaceuticals,asset_turnover,0.69,41.67,2019.0
DRREDDY,Pharmaceuticals,asset_turnover,0.77,17.5,2023.0
DRREDDY,Pharmaceuticals,asset_turnover,0.72,32.5,2024.0
DRREDDY,Pharmaceuticals,asset_turnover,0.77,17.5,2016.0
DRREDDY,Pharmaceuticals,asset_turnover,0.84,5.0,2014.0
DRREDDY,Pharmaceuticals,asset_turnover,0.81,9.17,2015.0
DRREDDY,Pharmaceuticals,asset_turnover,0.88,1.67,2013.0
DRREDDY,Pharmaceuticals,asset_turnover,0.66,55.0,2017.0
DRREDDY,Pharmaceuticals,asset_turnover,0.72,32.5,2022.0
DRREDDY,Pharmaceuticals,asset_turnover,0.69,41.67,2019.0
DRREDDY,Pharmaceuticals,asset_turnover,0.72,32.5,2021.0
DRREDDY,Pharmaceuticals,asset_turnover,0.75,24.17,2020.0
DRREDDY,Pharmaceuticals,asset_turnover,0.64,61.67,2018.0
DIVISLAB,Pharmaceuticals,asset_turnover,0.67,49.17,2022.0
DIVISLAB,Pharmaceuticals,asset_turnover,0.65,60.0,2021.0
DIVISLAB,Pharmaceuticals,asset_turnover,0.54,85.0,2023.0
DIVISLAB,Pharmaceuticals,asset_turnover,0.62,65.0,2019.0
DIVISLAB,Pharmaceuticals,asset_turnover,0.68,45.83,2014.0
DIVISLAB,Pharmaceuticals,asset_turnover,0.77,17.5,2016.0
DIVISLAB,Pharmaceuticals,asset_turnover,0.71,37.5,2015.0
DIVISLAB,Pharmaceuticals,asset_turnover,0.68,45.83,2013.0
DIVISLAB,Pharmaceuticals,asset_turnover,0.66,55.0,2017.0
DIVISLAB,Pharmaceuticals,asset_turnover,0.63,63.33,2020.0
DIVISLAB,Pharmaceuticals,asset_turnover,0.57,72.5,2018.0
DIVISLAB,Pharmaceuticals,asset_turnover,0.51,90.83,2024.0
TORNTPHARM,Pharmaceuticals,asset_turnover,0.75,24.17,2016.0
TORNTPHARM,Pharmaceuticals,asset_turnover,0.74,26.67,2024.0
TORNTPHARM,Pharmaceuticals,asset_turnover,0.66,55.0,2023.0
TORNTPHARM,Pharmaceuticals,asset_turnover,0.57,72.5,2020.0
TORNTPHARM,Pharmaceuticals,asset_turnover,0.61,66.67,2017.0
TORNTPHARM,Pharmaceuticals,asset_turnover,0.83,6.67,2014.0
TORNTPHARM,Pharmaceuticals,asset_turnover,0.85,3.33,2013.0
TORNTPHARM,Pharmaceuticals,asset_turnover,0.59,68.33,2015.0
TORNTPHARM,Pharmaceuticals,asset_turnover,0.66,55.0,2022.0
TORNTPHARM,Pharmaceuticals,asset_turnover,0.42,98.33,2018.0
TORNTPHARM,Pharmaceuticals,asset_turnover,0.54,85.0,2019.0
TORNTPHARM,Pharmaceuticals,asset_turnover,0.57,72.5,2021.0
MARUTI,Automobiles,return_on_equity_pct,18.52,59.04,2018.0
MARUTI,Automobiles,return_on_equity_pct,16.25,66.27,2019.0
MARUTI,Automobiles,return_on_equity_pct,15.75,69.88,2024.0
MARUTI,Automobiles,return_on_equity_pct,17.95,61.45,2016.0
MARUTI,Automobiles,return_on_equity_pct,20.26,51.81,2017.0
MARUTI,Automobiles,return_on_equity_pct,15.66,71.08,2015.0
MARUTI,Automobiles,return_on_equity_pct,13.28,80.72,2014.0
MARUTI,Automobiles,return_on_equity_pct,12.98,84.34,2013.0
MARUTI,Automobiles,return_on_equity_pct,11.49,86.75,2020.0
MARUTI,Automobiles,return_on_equity_pct,11.08,87.95,2023.0
MARUTI,Automobiles,return_on_equity_pct,8.36,90.36,2021.0
MARUTI,Automobiles,return_on_equity_pct,7.01,91.57,2022.0
TATAMOTORS,Automobiles,return_on_equity_pct,37.46,2.41,2024.0
TATAMOTORS,Automobiles,return_on_equity_pct,21.42,43.37,2014.0
TATAMOTORS,Automobiles,return_on_equity_pct,14.79,74.7,2016.0
TATAMOTORS,Automobiles,return_on_equity_pct,25.01,26.51,2015.0
TATAMOTORS,Automobiles,return_on_equity_pct,26.51,20.48,2013.0
TATAMOTORS,Automobiles,return_on_equity_pct,-25.38,98.8,2022.0
TATAMOTORS,Automobiles,return_on_equity_pct,5.94,92.77,2023.0
TATAMOTORS,Automobiles,return_on_equity_pct,-24.25,97.59,2021.0
TATAMOTORS,Automobiles,return_on_equity_pct,9.53,89.16,2018.0
TATAMOTORS,Automobiles,return_on_equity_pct,13.02,83.13,2017.0
TATAMOTORS,Automobiles,return_on_equity_pct,-47.73,100.0,2019.0
TATAMOTORS,Automobiles,return_on_equity_pct,-18.98,96.39,2020.0
M&M,Automobiles,return_on_equity_pct,15.39,72.29,2022.0
M&M,Automobiles,return_on_equity_pct,13.42,78.31,2016.0
M&M,Automobiles,return_on_equity_pct,20.69,46.99,2013.0
M&M,Automobiles,return_on_equity_pct,22.11,39.76,2014.0
M&M,Automobiles,return_on_equity_pct,13.08,81.93,2015.0
M&M,Automobiles,return_on_equity_pct,21.64,42.17,2018.0
M&M,Automobiles,return_on_equity_pct,13.6,77.11,2017.0
M&M,Automobiles,return_on_equity_pct,18.54,57.83,2024.0
M&M,Automobiles,return_on_equity_pct,-0.8,95.18,2020.0
M&M,Automobiles,return_on_equity_pct,15.05,73.49,2019.0
M&M,Automobiles,return_on_equity_pct,20.18,53.01,2023.0
M&M,Automobiles,return_on_equity_pct,3.64,93.98,2021.0
BAJAJ-AUTO,Automobiles,return_on_equity_pct,28.97,13.25,2016.0
BAJAJ-AUTO,Automobiles,return_on_equity_pct,22.84,37.35,2017.0
BAJAJ-AUTO,Automobiles,return_on_equity_pct,33.24,9.64,2014.0
BAJAJ-AUTO,Automobiles,return_on_equity_pct,20.66,48.19,2018.0
BAJAJ-AUTO,Automobiles,return_on_equity_pct,38.85,1.2,2013.0
BAJAJ-AUTO,Automobiles,return_on_equity_pct,24.06,31.33,2020.0
BAJAJ-AUTO,Automobiles,return_on_equity_pct,21.21,44.58,2019.0
BAJAJ-AUTO,Automobiles,return_on_equity_pct,27.27,16.87,2015.0
BAJAJ-AUTO,Automobiles,return_on_equity_pct,26.61,19.28,2024.0
BAJAJ-AUTO,Automobiles,return_on_equity_pct,20.65,49.4,2022.0
BAJAJ-AUTO,Automobiles,return_on_equity_pct,20.64,50.6,2023.0
BAJAJ-AUTO,Automobiles,return_on_equity_pct,17.81,62.65,2021.0
EICHERMOT,Automobiles,return_on_equity_pct,27.88,15.66,2018.0
EICHERMOT,Automobiles,return_on_equity_pct,24.7,30.12,2019.0
EICHERMOT,Automobiles,return_on_equity_pct,31.19,10.84,2017.0
EICHERMOT,Automobiles,return_on_equity_pct,36.63,4.82,2016.0
EICHERMOT,Automobiles,return_on_equity_pct,22.17,38.55,2024.0
EICHERMOT,Automobiles,return_on_equity_pct,19.44,55.42,2023.0
EICHERMOT,Automobiles,return_on_equity_pct,18.3,60.24,2020.0
EICHERMOT,Automobiles,return_on_equity_pct,13.3,79.52,2022.0
EICHERMOT,Automobiles,return_on_equity_pct,27.9,14.46,2014.0
EICHERMOT,Automobiles,return_on_equity_pct,11.78,85.54,2021.0
EICHERMOT,Automobiles,return_on_equity_pct,25.55,24.1,2013.0
EICHERMOT,Automobiles,return_on_equity_pct,27.07,18.07,2012.0
HEROMOTOCO,Automobiles,return_on_equity_pct,36.15,6.02,2015.0
HEROMOTOCO,Automobiles,return_on_equity_pct,37.38,3.61,2014.0
HEROMOTOCO,Automobiles,return_on_equity_pct,34.37,8.43,2017.0
HEROMOTOCO,Automobiles,return_on_equity_pct,35.23,7.23,2016.0
HEROMOTOCO,Automobiles,return_on_equity_pct,31.09,12.05,2018.0
HEROMOTOCO,Automobiles,return_on_equity_pct,26.42,21.69,2019.0
HEROMOTOCO,Automobiles,return_on_equity_pct,25.4,25.3,2020.0
HEROMOTOCO,Automobiles,return_on_equity_pct,21.14,45.78,2024.0
HEROMOTOCO,Automobiles,return_on_equity_pct,19.05,56.63,2021.0
HEROMOTOCO,Automobiles,return_on_equity_pct,16.81,63.86,2023.0
HEROMOTOCO,Automobiles,return_on_equity_pct,14.7,75.9,2022.0
TVSMOTOR,Automobiles,return_on_equity_pct,22.86,36.14,2019.0
TVSMOTOR,Automobiles,return_on_equity_pct,24.83,27.71,2018.0
TVSMOTOR,Automobiles,return_on_equity_pct,26.22,22.89,2024.0
TVSMOTOR,Automobiles,return_on_equity_pct,19.71,54.22,2020.0
TVSMOTOR,Automobiles,return_on_equity_pct,23.78,32.53,2023.0
TVSMOTOR,Automobiles,return_on_equity_pct,15.89,68.67,2021.0
TVSMOTOR,Automobiles,return_on_equity_pct,23.58,33.73,2016.0
TVSMOTOR,Automobiles,return_on_equity_pct,22.96,34.94,2017.0
TVSMOTOR,Automobiles,return_on_equity_pct,16.61,65.06,2022.0
TVSMOTOR,Automobiles,return_on_equity_pct,16.11,67.47,2014.0
TVSMOTOR,Automobiles,return_on_equity_pct,22.02,40.96,2013.0
TVSMOTOR,Automobiles,return_on_equity_pct,24.75,28.92,2015.0
MARUTI,Automobiles,net_profit_margin_pct,9.87,34.94,2018.0
MARUTI,Automobiles,net_profit_margin_pct,8.89,40.96,2019.0
MARUTI,Automobiles,net_profit_margin_pct,9.51,37.35,2024.0
MARUTI,Automobiles,net_profit_margin_pct,9.55,36.14,2016.0
MARUTI,Automobiles,net_profit_margin_pct,11.03,30.12,2017.0
MARUTI,Automobiles,net_profit_margin_pct,7.5,53.61,2015.0
MARUTI,Automobiles,net_profit_margin_pct,6.41,60.24,2014.0
MARUTI,Automobiles,net_profit_margin_pct,5.58,66.27,2013.0
MARUTI,Automobiles,net_profit_margin_pct,7.5,53.61,2020.0
MARUTI,Automobiles,net_profit_margin_pct,6.98,57.83,2023.0
MARUTI,Automobiles,net_profit_margin_pct,6.24,61.45,2021.0
MARUTI,Automobiles,net_profit_margin_pct,4.39,74.7,2022.0
TATAMOTORS,Automobiles,net_profit_margin_pct,7.26,56.63,2024.0
TATAMOTORS,Automobiles,net_profit_margin_pct,6.03,62.65,2014.0
TATAMOTORS,Automobiles,net_profit_margin_pct,4.28,75.9,2016.0
TATAMOTORS,Automobiles,net_profit_margin_pct,5.35,67.47,2015.0
TATAMOTORS,Automobiles,net_profit_margin_pct,5.28,68.67,2013.0
TATAMOTORS,Automobiles,net_profit_margin_pct,-4.06,96.39,2022.0
TATAMOTORS,Automobiles,net_profit_margin_pct,0.78,93.98,2023.0
TATAMOTORS,Automobiles,net_profit_margin_pct,-5.36,98.8,2021.0
TATAMOTORS,Automobiles,net_profit_margin_pct,3.12,86.75,2018.0
TATAMOTORS,Automobiles,net_profit_margin_pct,2.8,89.16,2017.0
TATAMOTORS,Automobiles,net_profit_margin_pct,-9.51,100.0,2019.0
TATAMOTORS,Automobiles,net_profit_margin_pct,-4.59,97.59,2020.0
M&M,Automobiles,net_profit_margin_pct,8.04,48.19,2022.0
M&M,Automobiles,net_profit_margin_pct,4.69,72.29,2016.0
M&M,Automobiles,net_profit_margin_pct,6.01,63.86,2013.0
M&M,Automobiles,net_profit_margin_pct,6.96,59.04,2014.0
M&M,Automobiles,net_profit_margin_pct,4.73,71.08,2015.0
M&M,Automobiles,net_profit_margin_pct,8.64,43.37,2018.0
M&M,Automobiles,net_profit_margin_pct,4.84,69.88,2017.0
M&M,Automobiles,net_profit_margin_pct,8.82,42.17,2024.0
M&M,Automobiles,net_profit_margin_pct,-0.43,95.18,2020.0
M&M,Automobiles,net_profit_margin_pct,5.75,65.06,2019.0
M&M,Automobiles,net_profit_margin_pct,9.38,39.76,2023.0
M&M,Automobiles,net_profit_margin_pct,2.04,92.77,2021.0
BAJAJ-AUTO,Automobiles,net_profit_margin_pct,17.99,12.05,2016.0
BAJAJ-AUTO,Automobiles,net_profit_margin_pct,18.75,9.64,2017.0
BAJAJ-AUTO,Automobiles,net_profit_margin_pct,16.79,16.87,2014.0
BAJAJ-AUTO,Automobiles,net_profit_margin_pct,16.74,18.07,2018.0
BAJAJ-AUTO,Automobiles,net_profit_margin_pct,15.65,22.89,2013.0
BAJAJ-AUTO,Automobiles,net_profit_margin_pct,17.42,14.46,2020.0
BAJAJ-AUTO,Automobiles,net_profit_margin_pct,16.23,21.69,2019.0
BAJAJ-AUTO,Automobiles,net_profit_margin_pct,14.01,25.3,2015.0
BAJAJ-AUTO,Automobiles,net_profit_margin_pct,17.18,15.66,2024.0
BAJAJ-AUTO,Automobiles,net_profit_margin_pct,18.6,10.84,2022.0
BAJAJ-AUTO,Automobiles,net_profit_margin_pct,16.62,19.28,2023.0
BAJAJ-AUTO,Automobiles,net_profit_margin_pct,17.51,13.25,2021.0
EICHERMOT,Automobiles,net_profit_margin_pct,21.86,4.82,2018.0
EICHERMOT,Automobiles,net_profit_margin_pct,22.49,3.61,2019.0
EICHERMOT,Automobiles,net_profit_margin_pct,23.7,2.41,2017.0
EICHERMOT,Automobiles,net_profit_margin_pct,21.68,6.02,2016.0
EICHERMOT,Automobiles,net_profit_margin_pct,24.2,1.2,2024.0
EICHERMOT,Automobiles,net_profit_margin_pct,20.18,7.23,2023.0
EICHERMOT,Automobiles,net_profit_margin_pct,19.96,8.43,2020.0
EICHERMOT,Automobiles,net_profit_margin_pct,16.28,20.48,2022.0
EICHERMOT,Automobiles,net_profit_margin_pct,8.03,49.4,2014.0
EICHERMOT,Automobiles,net_profit_margin_pct,15.45,24.1,2021.0
EICHERMOT,Automobiles,net_profit_margin_pct,7.71,51.81,2013.0
EICHERMOT,Automobiles,net_profit_margin_pct,7.43,55.42,2012.0
HEROMOTOCO,Automobiles,net_profit_margin_pct,8.58,44.58,2015.0
HEROMOTOCO,Automobiles,net_profit_margin_pct,8.32,45.78,2014.0
HEROMOTOCO,Automobiles,net_profit_margin_pct,12.39,27.71,2017.0
HEROMOTOCO,Automobiles,net_profit_margin_pct,10.94,31.33,2016.0
HEROMOTOCO,Automobiles,net_profit_margin_pct,11.47,28.92,2018.0
HEROMOTOCO,Automobiles,net_profit_margin_pct,10.2,32.53,2019.0
HEROMOTOCO,Automobiles,net_profit_margin_pct,12.51,26.51,2020.0
HEROMOTOCO,Automobiles,net_profit_margin_pct,9.9,33.73,2024.0
HEROMOTOCO,Automobiles,net_profit_margin_pct,9.48,38.55,2021.0
HEROMOTOCO,Automobiles,net_profit_margin_pct,8.2,46.99,2023.0
HEROMOTOCO,Automobiles,net_profit_margin_pct,7.88,50.6,2022.0
TVSMOTOR,Automobiles,net_profit_margin_pct,3.6,81.93,2019.0
TVSMOTOR,Automobiles,net_profit_margin_pct,4.07,79.52,2018.0
TVSMOTOR,Automobiles,net_profit_margin_pct,4.54,73.49,2024.0
TVSMOTOR,Automobiles,net_profit_margin_pct,3.43,83.13,2020.0
TVSMOTOR,Automobiles,net_profit_margin_pct,4.09,77.11,2023.0
TVSMOTOR,Automobiles,net_profit_margin_pct,3.13,85.54,2021.0
TVSMOTOR,Automobiles,net_profit_margin_pct,3.77,80.72,2016.0
TVSMOTOR,Automobiles,net_profit_margin_pct,4.08,78.31,2017.0
TVSMOTOR,Automobiles,net_profit_margin_pct,3.0,87.95,2022.0
TVSMOTOR,Automobiles,net_profit_margin_pct,2.23,91.57,2014.0
TVSMOTOR,Automobiles,net_profit_margin_pct,2.64,90.36,2013.0
TVSMOTOR,Automobiles,net_profit_margin_pct,3.2,84.34,2015.0
MARUTI,Automobiles,operating_profit_margin_pct,15.18,46.99,2018.0
MARUTI,Automobiles,operating_profit_margin_pct,12.85,66.27,2019.0
MARUTI,Automobiles,operating_profit_margin_pct,13.13,62.65,2024.0
MARUTI,Automobiles,operating_profit_margin_pct,15.67,43.37,2016.0
MARUTI,Automobiles,operating_profit_margin_pct,15.31,45.78,2017.0
MARUTI,Automobiles,operating_profit_margin_pct,13.57,57.83,2015.0
MARUTI,Automobiles,operating_profit_margin_pct,11.92,73.49,2014.0
MARUTI,Automobiles,operating_profit_margin_pct,9.84,83.13,2013.0
MARUTI,Automobiles,operating_profit_margin_pct,9.72,84.34,2020.0
MARUTI,Automobiles,operating_profit_margin_pct,11.08,77.11,2023.0
MARUTI,Automobiles,operating_profit_margin_pct,7.69,91.57,2021.0
MARUTI,Automobiles,operating_profit_margin_pct,6.51,96.39,2022.0
TATAMOTORS,Automobiles,operating_profit_margin_pct,13.6,56.63,2024.0
TATAMOTORS,Automobiles,operating_profit_margin_pct,14.97,48.19,2014.0
TATAMOTORS,Automobiles,operating_profit_margin_pct,14.06,53.01,2016.0
TATAMOTORS,Automobiles,operating_profit_margin_pct,14.91,49.4,2015.0
TATAMOTORS,Automobiles,operating_profit_margin_pct,13.03,63.86,2013.0
TATAMOTORS,Automobiles,operating_profit_margin_pct,8.88,87.95,2022.0
TATAMOTORS,Automobiles,operating_profit_margin_pct,9.2,86.75,2023.0
TATAMOTORS,Automobiles,operating_profit_margin_pct,12.93,65.06,2021.0
TATAMOTORS,Automobiles,operating_profit_margin_pct,10.79,79.52,2018.0
TATAMOTORS,Automobiles,operating_profit_margin_pct,10.97,78.31,2017.0
TATAMOTORS,Automobiles,operating_profit_margin_pct,8.17,90.36,2019.0
TATAMOTORS,Automobiles,operating_profit_margin_pct,6.89,95.18,2020.0
M&M,Automobiles,operating_profit_margin_pct,16.28,40.96,2022.0
M&M,Automobiles,operating_profit_margin_pct,13.29,60.24,2016.0
M&M,Automobiles,operating_profit_margin_pct,13.27,61.45,2013.0
M&M,Automobiles,operating_profit_margin_pct,13.74,55.42,2014.0
M&M,Automobiles,operating_profit_margin_pct,12.31,71.08,2015.0
M&M,Automobiles,operating_profit_margin_pct,14.36,51.81,2018.0
M&M,Automobiles,operating_profit_margin_pct,12.81,67.47,2017.0
M&M,Automobiles,operating_profit_margin_pct,17.9,33.73,2024.0
M&M,Automobiles,operating_profit_margin_pct,13.48,59.04,2020.0
M&M,Automobiles,operating_profit_margin_pct,14.52,50.6,2019.0
M&M,Automobiles,operating_profit_margin_pct,16.73,39.76,2023.0
M&M,Automobiles,operating_profit_margin_pct,15.46,44.58,2021.0
BAJAJ-AUTO,Automobiles,operating_profit_margin_pct,21.23,22.89,2016.0
BAJAJ-AUTO,Automobiles,operating_profit_margin_pct,20.36,27.71,2017.0
BAJAJ-AUTO,Automobiles,operating_profit_margin_pct,20.67,25.3,2014.0
BAJAJ-AUTO,Automobiles,operating_profit_margin_pct,19.22,30.12,2018.0
BAJAJ-AUTO,Automobiles,operating_profit_margin_pct,18.26,32.53,2013.0
BAJAJ-AUTO,Automobiles,operating_profit_margin_pct,17.08,38.55,2020.0
BAJAJ-AUTO,Automobiles,operating_profit_margin_pct,17.12,37.35,2019.0
BAJAJ-AUTO,Automobiles,operating_profit_margin_pct,19.12,31.33,2015.0
BAJAJ-AUTO,Automobiles,operating_profit_margin_pct,19.53,28.92,2024.0
BAJAJ-AUTO,Automobiles,operating_profit_margin_pct,15.87,42.17,2022.0
BAJAJ-AUTO,Automobiles,operating_profit_margin_pct,17.73,36.14,2023.0
BAJAJ-AUTO,Automobiles,operating_profit_margin_pct,17.8,34.94,2021.0
EICHERMOT,Automobiles,operating_profit_margin_pct,31.33,14.46,2018.0
EICHERMOT,Automobiles,operating_profit_margin_pct,29.64,16.87,2019.0
EICHERMOT,Automobiles,operating_profit_margin_pct,30.91,15.66,2017.0
EICHERMOT,Automobiles,operating_profit_margin_pct,27.38,18.07,2016.0
EICHERMOT,Automobiles,operating_profit_margin_pct,26.18,19.28,2024.0
EICHERMOT,Automobiles,operating_profit_margin_pct,23.86,20.48,2023.0
EICHERMOT,Automobiles,operating_profit_margin_pct,23.85,21.69,2020.0
EICHERMOT,Automobiles,operating_profit_margin_pct,21.15,24.1,2022.0
EICHERMOT,Automobiles,operating_profit_margin_pct,12.79,68.67,2014.0
EICHERMOT,Automobiles,operating_profit_margin_pct,20.45,26.51,2021.0
EICHERMOT,Automobiles,operating_profit_margin_pct,10.5,81.93,2013.0
EICHERMOT,Automobiles,operating_profit_margin_pct,8.61,89.16,2012.0
HEROMOTOCO,Automobiles,operating_profit_margin_pct,87.22,3.61,2015.0
HEROMOTOCO,Automobiles,operating_profit_margin_pct,85.94,8.43,2014.0
HEROMOTOCO,Automobiles,operating_profit_margin_pct,83.97,12.05,2017.0
HEROMOTOCO,Automobiles,operating_profit_margin_pct,84.45,10.84,2016.0
HEROMOTOCO,Automobiles,operating_profit_margin_pct,83.57,13.25,2018.0
HEROMOTOCO,Automobiles,operating_profit_margin_pct,85.21,9.64,2019.0
HEROMOTOCO,Automobiles,operating_profit_margin_pct,86.09,7.23,2020.0
HEROMOTOCO,Automobiles,operating_profit_margin_pct,86.15,6.02,2024.0
HEROMOTOCO,Automobiles,operating_profit_margin_pct,86.9,4.82,2021.0
HEROMOTOCO,Automobiles,operating_profit_margin_pct,88.0,2.41,2023.0
HEROMOTOCO,Automobiles,operating_profit_margin_pct,88.98,1.2,2022.0
TVSMOTOR,Automobiles,operating_profit_margin_pct,10.73,80.72,2019.0
TVSMOTOR,Automobiles,operating_profit_margin_pct,9.61,85.54,2018.0
TVSMOTOR,Automobiles,operating_profit_margin_pct,14.05,54.22,2024.0
TVSMOTOR,Automobiles,operating_profit_margin_pct,12.01,72.29,2020.0
TVSMOTOR,Automobiles,operating_profit_margin_pct,12.59,69.88,2023.0
TVSMOTOR,Automobiles,operating_profit_margin_pct,11.49,74.7,2021.0
TVSMOTOR,Automobiles,operating_profit_margin_pct,7.2,92.77,2016.0
TVSMOTOR,Automobiles,operating_profit_margin_pct,6.99,93.98,2017.0
TVSMOTOR,Automobiles,operating_profit_margin_pct,11.31,75.9,2022.0
TVSMOTOR,Automobiles,operating_profit_margin_pct,5.87,98.8,2014.0
TVSMOTOR,Automobiles,operating_profit_margin_pct,5.83,100.0,2013.0
TVSMOTOR,Automobiles,operating_profit_margin_pct,5.9,97.59,2015.0
MARUTI,Automobiles,debt_to_equity,0.0,4.82,2018.0
MARUTI,Automobiles,debt_to_equity,0.0,4.82,2019.0
MARUTI,Automobiles,debt_to_equity,0.0,4.82,2024.0
MARUTI,Automobiles,debt_to_equity,0.01,18.07,2016.0
MARUTI,Automobiles,debt_to_equity,0.01,18.07,2017.0
MARUTI,Automobiles,debt_to_equity,0.03,45.18,2015.0
MARUTI,Automobiles,debt_to_equity,0.09,56.63,2014.0
MARUTI,Automobiles,debt_to_equity,0.08,55.42,2013.0
MARUTI,Automobiles,debt_to_equity,0.0,4.82,2020.0
MARUTI,Automobiles,debt_to_equity,0.02,34.34,2023.0
MARUTI,Automobiles,debt_to_equity,0.01,18.07,2021.0
MARUTI,Automobiles,debt_to_equity,0.01,18.07,2022.0
TATAMOTORS,Automobiles,debt_to_equity,1.26,67.47,2024.0
TATAMOTORS,Automobiles,debt_to_equity,0.92,63.86,2014.0
TATAMOTORS,Automobiles,debt_to_equity,0.88,62.65,2016.0
TATAMOTORS,Automobiles,debt_to_equity,1.31,68.67,2015.0
TATAMOTORS,Automobiles,debt_to_equity,1.43,71.08,2013.0
TATAMOTORS,Automobiles,debt_to_equity,3.29,95.18,2022.0
TATAMOTORS,Automobiles,debt_to_equity,2.96,92.77,2023.0
TATAMOTORS,Automobiles,debt_to_equity,2.57,89.16,2021.0
TATAMOTORS,Automobiles,debt_to_equity,0.93,65.06,2018.0
TATAMOTORS,Automobiles,debt_to_equity,1.35,69.88,2017.0
TATAMOTORS,Automobiles,debt_to_equity,1.76,83.13,2019.0
TATAMOTORS,Automobiles,debt_to_equity,1.98,86.75,2020.0
M&M,Automobiles,debt_to_equity,1.65,81.93,2022.0
M&M,Automobiles,debt_to_equity,1.57,77.11,2016.0
M&M,Automobiles,debt_to_equity,1.44,72.29,2013.0
M&M,Automobiles,debt_to_equity,1.51,74.7,2014.0
M&M,Automobiles,debt_to_equity,1.47,73.49,2015.0
M&M,Automobiles,debt_to_equity,1.52,75.9,2018.0
M&M,Automobiles,debt_to_equity,1.64,79.52,2017.0
M&M,Automobiles,debt_to_equity,1.64,79.52,2024.0
M&M,Automobiles,debt_to_equity,2.05,87.95,2020.0
M&M,Automobiles,debt_to_equity,1.77,84.34,2019.0
M&M,Automobiles,debt_to_equity,1.64,79.52,2023.0
M&M,Automobiles,debt_to_equity,1.94,85.54,2021.0
BAJAJ-AUTO,Automobiles,debt_to_equity,0.01,18.07,2016.0
BAJAJ-AUTO,Automobiles,debt_to_equity,0.01,18.07,2017.0
BAJAJ-AUTO,Automobiles,debt_to_equity,0.01,18.07,2014.0
BAJAJ-AUTO,Automobiles,debt_to_equity,0.01,18.07,2018.0
BAJAJ-AUTO,Automobiles,debt_to_equity,0.01,18.07,2013.0
BAJAJ-AUTO,Automobiles,debt_to_equity,0.01,18.07,2020.0
BAJAJ-AUTO,Automobiles,debt_to_equity,0.01,18.07,2019.0
BAJAJ-AUTO,Automobiles,debt_to_equity,0.01,18.07,2015.0
BAJAJ-AUTO,Automobiles,debt_to_equity,0.07,54.22,2024.0
BAJAJ-AUTO,Automobiles,debt_to_equity,0.0,4.82,2022.0
BAJAJ-AUTO,Automobiles,debt_to_equity,0.0,4.82,2023.0
BAJAJ-AUTO,Automobiles,debt_to_equity,0.0,4.82,2021.0
EICHERMOT,Automobiles,debt_to_equity,0.02,34.34,2018.0
EICHERMOT,Automobiles,debt_to_equity,0.02,34.34,2019.0
EICHERMOT,Automobiles,debt_to_equity,0.02,34.34,2017.0
EICHERMOT,Automobiles,debt_to_equity,0.01,18.07,2016.0
EICHERMOT,Automobiles,debt_to_equity,0.02,34.34,2024.0
EICHERMOT,Automobiles,debt_to_equity,0.02,34.34,2023.0
EICHERMOT,Automobiles,debt_to_equity,0.02,34.34,2020.0
EICHERMOT,Automobiles,debt_to_equity,0.01,18.07,2022.0
EICHERMOT,Automobiles,debt_to_equity,0.02,34.34,2014.0
EICHERMOT,Automobiles,debt_to_equity,0.02,34.34,2021.0
EICHERMOT,Automobiles,debt_to_equity,0.04,50.6,2013.0
EICHERMOT,Automobiles,debt_to_equity,0.01,18.07,2012.0
HEROMOTOCO,Automobiles,debt_to_equity,0.02,34.34,2015.0
HEROMOTOCO,Automobiles,debt_to_equity,0.05,53.01,2014.0
HEROMOTOCO,Automobiles,debt_to_equity,0.03,45.18,2017.0
HEROMOTOCO,Automobiles,debt_to_equity,0.03,45.18,2016.0
HEROMOTOCO,Automobiles,debt_to_equity,0.02,34.34,2018.0
HEROMOTOCO,Automobiles,debt_to_equity,0.02,34.34,2019.0
HEROMOTOCO,Automobiles,debt_to_equity,0.03,45.18,2020.0
HEROMOTOCO,Automobiles,debt_to_equity,0.03,45.18,2024.0
HEROMOTOCO,Automobiles,debt_to_equity,0.04,50.6,2021.0
HEROMOTOCO,Automobiles,debt_to_equity,0.03,45.18,2023.0
HEROMOTOCO,Automobiles,debt_to_equity,0.04,50.6,2022.0
TVSMOTOR,Automobiles,debt_to_equity,2.93,91.57,2019.0
TVSMOTOR,Automobiles,debt_to_equity,2.59,90.36,2018.0
TVSMOTOR,Automobiles,debt_to_equity,3.83,98.8,2024.0
TVSMOTOR,Automobiles,debt_to_equity,3.53,96.39,2020.0
TVSMOTOR,Automobiles,debt_to_equity,4.06,100.0,2023.0
TVSMOTOR,Automobiles,debt_to_equity,3.18,93.98,2021.0
TVSMOTOR,Automobiles,debt_to_equity,0.6,59.04,2016.0
TVSMOTOR,Automobiles,debt_to_equity,0.59,57.83,2017.0
TVSMOTOR,Automobiles,debt_to_equity,3.6,97.59,2022.0
TVSMOTOR,Automobiles,debt_to_equity,0.63,60.24,2014.0
TVSMOTOR,Automobiles,debt_to_equity,1.19,66.27,2013.0
TVSMOTOR,Automobiles,debt_to_equity,0.84,61.45,2015.0
MARUTI,Automobiles,free_cash_flow,3486.0,14.46,2018.0
MARUTI,Automobiles,free_cash_flow,3061.0,18.07,2019.0
MARUTI,Automobiles,free_cash_flow,4936.0,10.84,2024.0
MARUTI,Automobiles,free_cash_flow,1252.0,42.17,2016.0
MARUTI,Automobiles,free_cash_flow,1109.0,44.58,2017.0
MARUTI,Automobiles,free_cash_flow,1958.0,31.33,2015.0
MARUTI,Automobiles,free_cash_flow,-2.0,63.86,2014.0
MARUTI,Automobiles,free_cash_flow,940.0,45.78,2013.0
MARUTI,Automobiles,free_cash_flow,2939.0,19.28,2020.0
MARUTI,Automobiles,free_cash_flow,1995.0,30.12,2023.0
MARUTI,Automobiles,free_cash_flow,1565.0,37.35,2021.0
MARUTI,Automobiles,free_cash_flow,1601.0,36.14,2022.0
TATAMOTORS,Automobiles,free_cash_flow,45133.0,1.2,2024.0
TATAMOTORS,Automobiles,free_cash_flow,8160.0,4.82,2014.0
TATAMOTORS,Automobiles,free_cash_flow,1206.0,43.37,2016.0
TATAMOTORS,Automobiles,free_cash_flow,-701.0,73.49,2015.0
TATAMOTORS,Automobiles,free_cash_flow,-806.0,77.11,2013.0
TATAMOTORS,Automobiles,free_cash_flow,9839.0,3.61,2022.0
TATAMOTORS,Automobiles,free_cash_flow,19971.0,2.41,2023.0
TATAMOTORS,Automobiles,free_cash_flow,3329.0,15.66,2021.0
TATAMOTORS,Automobiles,free_cash_flow,-1282.0,78.31,2018.0
TATAMOTORS,Automobiles,free_cash_flow,-9372.0,96.39,2017.0
TATAMOTORS,Automobiles,free_cash_flow,-1987.0,80.72,2019.0
TATAMOTORS,Automobiles,free_cash_flow,-6482.0,93.98,2020.0
M&M,Automobiles,free_cash_flow,5996.0,8.43,2022.0
M&M,Automobiles,free_cash_flow,-3121.0,85.54,2016.0
M&M,Automobiles,free_cash_flow,-3825.0,87.95,2013.0
M&M,Automobiles,free_cash_flow,-4768.0,89.16,2014.0
M&M,Automobiles,free_cash_flow,-3302.0,86.75,2015.0
M&M,Automobiles,free_cash_flow,-4785.0,90.36,2018.0
M&M,Automobiles,free_cash_flow,-5692.0,91.57,2017.0
M&M,Automobiles,free_cash_flow,-11245.0,97.59,2024.0
M&M,Automobiles,free_cash_flow,-8327.0,95.18,2020.0
M&M,Automobiles,free_cash_flow,-11521.0,98.8,2019.0
M&M,Automobiles,free_cash_flow,-15940.0,100.0,2023.0
M&M,Automobiles,free_cash_flow,-1777.0,79.52,2021.0
BAJAJ-AUTO,Automobiles,free_cash_flow,3622.0,13.25,2016.0
BAJAJ-AUTO,Automobiles,free_cash_flow,-343.0,72.29,2017.0
BAJAJ-AUTO,Automobiles,free_cash_flow,1430.0,38.55,2014.0
BAJAJ-AUTO,Automobiles,free_cash_flow,2374.0,21.69,2018.0
BAJAJ-AUTO,Automobiles,free_cash_flow,824.0,49.4,2013.0
BAJAJ-AUTO,Automobiles,free_cash_flow,5616.0,9.64,2020.0
BAJAJ-AUTO,Automobiles,free_cash_flow,2214.0,25.3,2019.0
BAJAJ-AUTO,Automobiles,free_cash_flow,1734.0,34.94,2015.0
BAJAJ-AUTO,Automobiles,free_cash_flow,6486.0,7.23,2024.0
BAJAJ-AUTO,Automobiles,free_cash_flow,4473.0,12.05,2022.0
BAJAJ-AUTO,Automobiles,free_cash_flow,6488.0,6.02,2023.0
BAJAJ-AUTO,Automobiles,free_cash_flow,251.0,59.04,2021.0
EICHERMOT,Automobiles,free_cash_flow,337.0,55.42,2018.0
EICHERMOT,Automobiles,free_cash_flow,915.0,46.99,2019.0
EICHERMOT,Automobiles,free_cash_flow,-36.0,66.27,2017.0
EICHERMOT,Automobiles,free_cash_flow,462.0,51.81,2016.0
EICHERMOT,Automobiles,free_cash_flow,890.0,48.19,2024.0
EICHERMOT,Automobiles,free_cash_flow,426.0,53.01,2023.0
EICHERMOT,Automobiles,free_cash_flow,186.0,61.45,2020.0
EICHERMOT,Automobiles,free_cash_flow,544.0,50.6,2022.0
EICHERMOT,Automobiles,free_cash_flow,-167.0,68.67,2014.0
EICHERMOT,Automobiles,free_cash_flow,66.0,62.65,2021.0
EICHERMOT,Automobiles,free_cash_flow,-74.0,67.47,2013.0
EICHERMOT,Automobiles,free_cash_flow,-277.0,69.88,2012.0
HEROMOTOCO,Automobiles,free_cash_flow,2217.0,24.1,2015.0
HEROMOTOCO,Automobiles,free_cash_flow,1347.0,40.96,2014.0
HEROMOTOCO,Automobiles,free_cash_flow,2035.0,28.92,2017.0
HEROMOTOCO,Automobiles,free_cash_flow,1422.0,39.76,2016.0
HEROMOTOCO,Automobiles,free_cash_flow,2159.0,27.71,2018.0
HEROMOTOCO,Automobiles,free_cash_flow,2330.0,22.89,2019.0
HEROMOTOCO,Automobiles,free_cash_flow,2699.0,20.48,2020.0
HEROMOTOCO,Automobiles,free_cash_flow,3095.0,16.87,2024.0
HEROMOTOCO,Automobiles,free_cash_flow,1821.0,33.73,2021.0
HEROMOTOCO,Automobiles,free_cash_flow,2193.0,26.51,2023.0
HEROMOTOCO,Automobiles,free_cash_flow,1882.0,32.53,2022.0
TVSMOTOR,Automobiles,free_cash_flow,-2022.0,81.93,2019.0
TVSMOTOR,Automobiles,free_cash_flow,-741.0,75.9,2018.0
TVSMOTOR,Automobiles,free_cash_flow,-2254.0,83.13,2024.0
TVSMOTOR,Automobiles,free_cash_flow,-717.0,74.7,2020.0
TVSMOTOR,Automobiles,free_cash_flow,-5713.0,92.77,2023.0
TVSMOTOR,Automobiles,free_cash_flow,269.0,57.83,2021.0
TVSMOTOR,Automobiles,free_cash_flow,331.0,56.63,2016.0
TVSMOTOR,Automobiles,free_cash_flow,-20.0,65.06,2017.0
TVSMOTOR,Automobiles,free_cash_flow,-3046.0,84.34,2022.0
TVSMOTOR,Automobiles,free_cash_flow,235.0,60.24,2014.0
TVSMOTOR,Automobiles,free_cash_flow,344.0,54.22,2013.0
TVSMOTOR,Automobiles,free_cash_flow,-332.0,71.08,2015.0
MARUTI,Automobiles,revenue_cagr_5yr,12.492038326904996,16.67,2018.0
MARUTI,Automobiles,revenue_cagr_5yr,14.081283722609971,12.5,2019.0
MARUTI,Automobiles,revenue_cagr_5yr,10.510215112642584,22.92,2024.0
MARUTI,Automobiles,revenue_cagr_5yr,,,2016.0
MARUTI,Automobiles,revenue_cagr_5yr,,,2017.0
MARUTI,Automobiles,revenue_cagr_5yr,,,2015.0
MARUTI,Automobiles,revenue_cagr_5yr,,,2014.0
MARUTI,Automobiles,revenue_cagr_5yr,,,2013.0
MARUTI,Automobiles,revenue_cagr_5yr,8.292608553724467,33.33,2020.0
MARUTI,Automobiles,revenue_cagr_5yr,8.209976417024478,35.42,2023.0
MARUTI,Automobiles,revenue_cagr_5yr,4.090734083537506,72.92,2021.0
MARUTI,Automobiles,revenue_cagr_5yr,5.344376669695539,64.58,2022.0
TATAMOTORS,Automobiles,revenue_cagr_5yr,7.7201595386239275,41.67,2024.0
TATAMOTORS,Automobiles,revenue_cagr_5yr,,,2014.0
TATAMOTORS,Automobiles,revenue_cagr_5yr,,,2016.0
TATAMOTORS,Automobiles,revenue_cagr_5yr,,,2015.0
TATAMOTORS,Automobiles,revenue_cagr_5yr,,,2013.0
TATAMOTORS,Automobiles,revenue_cagr_5yr,0.6414203484642833,93.75,2022.0
TATAMOTORS,Automobiles,revenue_cagr_5yr,3.4818837767886857,75.0,2023.0
TATAMOTORS,Automobiles,revenue_cagr_5yr,-1.7642456393607842,100.0,2021.0
TATAMOTORS,Automobiles,revenue_cagr_5yr,9.080075940842015,27.08,2018.0
TATAMOTORS,Automobiles,revenue_cagr_5yr,,,2017.0
TATAMOTORS,Automobiles,revenue_cagr_5yr,5.335382093506746,66.67,2019.0
TATAMOTORS,Automobiles,revenue_cagr_5yr,-0.15942283564516213,95.83,2020.0
M&M,Automobiles,revenue_cagr_5yr,1.4828285717850775,81.25,2022.0
M&M,Automobiles,revenue_cagr_5yr,,,2016.0
M&M,Automobiles,revenue_cagr_5yr,,,2013.0
M&M,Automobiles,revenue_cagr_5yr,,,2014.0
M&M,Automobiles,revenue_cagr_5yr,,,2015.0
M&M,Automobiles,revenue_cagr_5yr,6.038547593725219,58.33,2018.0
M&M,Automobiles,revenue_cagr_5yr,,,2017.0
M&M,Automobiles,revenue_cagr_5yr,5.838805854237616,60.42,2024.0
M&M,Automobiles,revenue_cagr_5yr,1.0777383538855156,85.42,2020.0
M&M,Automobiles,revenue_cagr_5yr,7.19122605967879,47.92,2019.0
M&M,Automobiles,revenue_cagr_5yr,5.658317806289093,62.5,2023.0
M&M,Automobiles,revenue_cagr_5yr,-0.4156185562773529,97.92,2021.0
BAJAJ-AUTO,Automobiles,revenue_cagr_5yr,,,2016.0
BAJAJ-AUTO,Automobiles,revenue_cagr_5yr,,,2017.0
BAJAJ-AUTO,Automobiles,revenue_cagr_5yr,,,2014.0
BAJAJ-AUTO,Automobiles,revenue_cagr_5yr,4.712870280520165,68.75,2018.0
BAJAJ-AUTO,Automobiles,revenue_cagr_5yr,,,2013.0
BAJAJ-AUTO,Automobiles,revenue_cagr_5yr,6.737929244588159,54.17,2020.0
BAJAJ-AUTO,Automobiles,revenue_cagr_5yr,8.556461167034568,31.25,2019.0
BAJAJ-AUTO,Automobiles,revenue_cagr_5yr,,,2015.0
BAJAJ-AUTO,Automobiles,revenue_cagr_5yr,8.127604751021389,37.5,2024.0
BAJAJ-AUTO,Automobiles,revenue_cagr_5yr,8.785694118186104,29.17,2022.0
BAJAJ-AUTO,Automobiles,revenue_cagr_5yr,7.655655927728322,43.75,2023.0
BAJAJ-AUTO,Automobiles,revenue_cagr_5yr,4.208397713725631,70.83,2021.0
EICHERMOT,Automobiles,revenue_cagr_5yr,7.006432954159858,52.08,2018.0
EICHERMOT,Automobiles,revenue_cagr_5yr,7.5447462586168745,45.83,2019.0
EICHERMOT,Automobiles,revenue_cagr_5yr,,,2017.0
EICHERMOT,Automobiles,revenue_cagr_5yr,,,2016.0
EICHERMOT,Automobiles,revenue_cagr_5yr,11.036936496739692,20.83,2024.0
EICHERMOT,Automobiles,revenue_cagr_5yr,10.00575583348986,25.0,2023.0
EICHERMOT,Automobiles,revenue_cagr_5yr,0.9345319675231112,89.58,2020.0
EICHERMOT,Automobiles,revenue_cagr_5yr,7.925098579405265,39.58,2022.0
EICHERMOT,Automobiles,revenue_cagr_5yr,,,2014.0
EICHERMOT,Automobiles,revenue_cagr_5yr,7.152927696267497,50.0,2021.0
EICHERMOT,Automobiles,revenue_cagr_5yr,,,2013.0
EICHERMOT,Automobiles,revenue_cagr_5yr,,,2012.0
HEROMOTOCO,Automobiles,revenue_cagr_5yr,,,2015.0
HEROMOTOCO,Automobiles,revenue_cagr_5yr,,,2014.0
HEROMOTOCO,Automobiles,revenue_cagr_5yr,,,2017.0
HEROMOTOCO,Automobiles,revenue_cagr_5yr,,,2016.0
HEROMOTOCO,Automobiles,revenue_cagr_5yr,,,2018.0
HEROMOTOCO,Automobiles,revenue_cagr_5yr,6.092194646194393,56.25,2019.0
HEROMOTOCO,Automobiles,revenue_cagr_5yr,1.2163267615447948,83.33,2020.0
HEROMOTOCO,Automobiles,revenue_cagr_5yr,2.1530677970544643,77.08,2024.0
HEROMOTOCO,Automobiles,revenue_cagr_5yr,1.6996742986216562,79.17,2021.0
HEROMOTOCO,Automobiles,revenue_cagr_5yr,1.0262274293043383,87.5,2023.0
HEROMOTOCO,Automobiles,revenue_cagr_5yr,0.649324573864174,91.67,2022.0
TVSMOTOR,Automobiles,revenue_cagr_5yr,19.181226820701692,2.08,2019.0
TVSMOTOR,Automobiles,revenue_cagr_5yr,16.821404430992427,4.17,2018.0
TVSMOTOR,Automobiles,revenue_cagr_5yr,14.192387704277065,10.42,2024.0
TVSMOTOR,Automobiles,revenue_cagr_5yr,12.9437128647647,14.58,2020.0
TVSMOTOR,Automobiles,revenue_cagr_5yr,14.369173773190113,6.25,2023.0
TVSMOTOR,Automobiles,revenue_cagr_5yr,11.288109784327238,18.75,2021.0
TVSMOTOR,Automobiles,revenue_cagr_5yr,,,2016.0
TVSMOTOR,Automobiles,revenue_cagr_5yr,,,2017.0
TVSMOTOR,Automobiles,revenue_cagr_5yr,14.338662531121994,8.33,2022.0
TVSMOTOR,Automobiles,revenue_cagr_5yr,,,2014.0
TVSMOTOR,Automobiles,revenue_cagr_5yr,,,2013.0
TVSMOTOR,Automobiles,revenue_cagr_5yr,,,2015.0
MARUTI,Automobiles,pat_cagr_5yr,26.11794187177232,11.9,2018.0
MARUTI,Automobiles,pat_cagr_5yr,21.80155887352504,14.29,2019.0
MARUTI,Automobiles,pat_cagr_5yr,12.007182039300378,35.71,2024.0
MARUTI,Automobiles,pat_cagr_5yr,,,2016.0
MARUTI,Automobiles,pat_cagr_5yr,,,2017.0
MARUTI,Automobiles,pat_cagr_5yr,,,2015.0
MARUTI,Automobiles,pat_cagr_5yr,,,2014.0
MARUTI,Automobiles,pat_cagr_5yr,,,2013.0
MARUTI,Automobiles,pat_cagr_5yr,8.31207678306949,50.0,2020.0
MARUTI,Automobiles,pat_cagr_5yr,0.9535966822438846,76.19,2023.0
MARUTI,Automobiles,pat_cagr_5yr,-4.402184406721831,88.1,2021.0
MARUTI,Automobiles,pat_cagr_5yr,-12.375249834326507,95.24,2022.0
TATAMOTORS,Automobiles,pat_cagr_5yr,,,2024.0
TATAMOTORS,Automobiles,pat_cagr_5yr,,,2014.0
TATAMOTORS,Automobiles,pat_cagr_5yr,,,2016.0
TATAMOTORS,Automobiles,pat_cagr_5yr,,,2015.0
TATAMOTORS,Automobiles,pat_cagr_5yr,,,2013.0
TATAMOTORS,Automobiles,pat_cagr_5yr,,,2022.0
TATAMOTORS,Automobiles,pat_cagr_5yr,-21.61587323833696,100.0,2023.0
TATAMOTORS,Automobiles,pat_cagr_5yr,,,2021.0
TATAMOTORS,Automobiles,pat_cagr_5yr,-1.840792487847298,85.71,2018.0
TATAMOTORS,Automobiles,pat_cagr_5yr,,,2017.0
TATAMOTORS,Automobiles,pat_cagr_5yr,,,2019.0
TATAMOTORS,Automobiles,pat_cagr_5yr,,,2020.0
M&M,Automobiles,pat_cagr_5yr,12.354659227390563,33.33,2022.0
M&M,Automobiles,pat_cagr_5yr,,,2016.0
M&M,Automobiles,pat_cagr_5yr,,,2013.0
M&M,Automobiles,pat_cagr_5yr,,,2014.0
M&M,Automobiles,pat_cagr_5yr,,,2015.0
M&M,Automobiles,pat_cagr_5yr,14.022828575381352,28.57,2018.0
M&M,Automobiles,pat_cagr_5yr,,,2017.0
M&M,Automobiles,pat_cagr_5yr,15.316887061047968,21.43,2024.0
M&M,Automobiles,pat_cagr_5yr,,,2020.0
M&M,Automobiles,pat_cagr_5yr,3.144748073258663,71.43,2019.0
M&M,Automobiles,pat_cagr_5yr,7.4043467044287326,61.9,2023.0
M&M,Automobiles,pat_cagr_5yr,-15.711781738280251,97.62,2021.0
BAJAJ-AUTO,Automobiles,pat_cagr_5yr,,,2016.0
BAJAJ-AUTO,Automobiles,pat_cagr_5yr,,,2017.0
BAJAJ-AUTO,Automobiles,pat_cagr_5yr,,,2014.0
BAJAJ-AUTO,Automobiles,pat_cagr_5yr,6.132849888653125,66.67,2018.0
BAJAJ-AUTO,Automobiles,pat_cagr_5yr,,,2013.0
BAJAJ-AUTO,Automobiles,pat_cagr_5yr,11.487736105696179,38.1,2020.0
BAJAJ-AUTO,Automobiles,pat_cagr_5yr,7.832779509495569,54.76,2019.0
BAJAJ-AUTO,Automobiles,pat_cagr_5yr,,,2015.0
BAJAJ-AUTO,Automobiles,pat_cagr_5yr,9.358917170384974,42.86,2024.0
BAJAJ-AUTO,Automobiles,pat_cagr_5yr,8.615039134524306,47.62,2022.0
BAJAJ-AUTO,Automobiles,pat_cagr_5yr,7.5109302750201445,57.14,2023.0
BAJAJ-AUTO,Automobiles,pat_cagr_5yr,3.6446818588965924,69.05,2021.0
EICHERMOT,Automobiles,pat_cagr_5yr,32.77383282227619,4.76,2018.0
EICHERMOT,Automobiles,pat_cagr_5yr,33.220493693612575,2.38,2019.0
EICHERMOT,Automobiles,pat_cagr_5yr,,,2017.0
EICHERMOT,Automobiles,pat_cagr_5yr,,,2016.0
EICHERMOT,Automobiles,pat_cagr_5yr,12.675841665377696,30.95,2024.0
EICHERMOT,Automobiles,pat_cagr_5yr,8.254683647077377,52.38,2023.0
EICHERMOT,Automobiles,pat_cagr_5yr,21.082195479395427,16.67,2020.0
EICHERMOT,Automobiles,pat_cagr_5yr,0.11968915181133077,80.95,2022.0
EICHERMOT,Automobiles,pat_cagr_5yr,,,2014.0
EICHERMOT,Automobiles,pat_cagr_5yr,0.13416864013804375,78.57,2021.0
EICHERMOT,Automobiles,pat_cagr_5yr,,,2013.0
EICHERMOT,Automobiles,pat_cagr_5yr,,,2012.0
HEROMOTOCO,Automobiles,pat_cagr_5yr,,,2015.0
HEROMOTOCO,Automobiles,pat_cagr_5yr,,,2014.0
HEROMOTOCO,Automobiles,pat_cagr_5yr,,,2017.0
HEROMOTOCO,Automobiles,pat_cagr_5yr,,,2016.0
HEROMOTOCO,Automobiles,pat_cagr_5yr,,,2018.0
HEROMOTOCO,Automobiles,pat_cagr_5yr,10.51956562416465,40.48,2019.0
HEROMOTOCO,Automobiles,pat_cagr_5yr,9.129706567474805,45.24,2020.0
HEROMOTOCO,Automobiles,pat_cagr_5yr,1.5441818871883894,73.81,2024.0
HEROMOTOCO,Automobiles,pat_cagr_5yr,-1.1575975899889346,83.33,2021.0
HEROMOTOCO,Automobiles,pat_cagr_5yr,-5.5338246350665194,90.48,2023.0
HEROMOTOCO,Automobiles,pat_cagr_5yr,-8.063884175161895,92.86,2022.0
TVSMOTOR,Automobiles,pat_cagr_5yr,31.129160252040357,7.14,2019.0
TVSMOTOR,Automobiles,pat_cagr_5yr,27.418148765476346,9.52,2018.0
TVSMOTOR,Automobiles,pat_cagr_5yr,19.665122106676503,19.05,2024.0
TVSMOTOR,Automobiles,pat_cagr_5yr,14.552899791135477,23.81,2020.0
TVSMOTOR,Automobiles,pat_cagr_5yr,14.504775670698656,26.19,2023.0
TVSMOTOR,Automobiles,pat_cagr_5yr,7.223321748104405,64.29,2021.0
TVSMOTOR,Automobiles,pat_cagr_5yr,,,2016.0
TVSMOTOR,Automobiles,pat_cagr_5yr,,,2017.0
TVSMOTOR,Automobiles,pat_cagr_5yr,7.507786190936239,59.52,2022.0
TVSMOTOR,Automobiles,pat_cagr_5yr,,,2014.0
TVSMOTOR,Automobiles,pat_cagr_5yr,,,2013.0
TVSMOTOR,Automobiles,pat_cagr_5yr,,,2015.0
MARUTI,Automobiles,eps_cagr_5yr,26.056525067197,11.63,2018.0
MARUTI,Automobiles,eps_cagr_5yr,21.89854827623421,16.28,2019.0
MARUTI,Automobiles,eps_cagr_5yr,11.139222486886503,37.21,2024.0
MARUTI,Automobiles,eps_cagr_5yr,,,2016.0
MARUTI,Automobiles,eps_cagr_5yr,,,2017.0
MARUTI,Automobiles,eps_cagr_5yr,,,2015.0
MARUTI,Automobiles,eps_cagr_5yr,,,2014.0
MARUTI,Automobiles,eps_cagr_5yr,,,2013.0
MARUTI,Automobiles,eps_cagr_5yr,8.33217455226456,48.84,2020.0
MARUTI,Automobiles,eps_cagr_5yr,0.9768947481887169,74.42,2023.0
MARUTI,Automobiles,eps_cagr_5yr,-4.443700527644112,86.05,2021.0
MARUTI,Automobiles,eps_cagr_5yr,-12.460890477183895,95.35,2022.0
TATAMOTORS,Automobiles,eps_cagr_5yr,,,2024.0
TATAMOTORS,Automobiles,eps_cagr_5yr,,,2014.0
TATAMOTORS,Automobiles,eps_cagr_5yr,,,2016.0
TATAMOTORS,Automobiles,eps_cagr_5yr,,,2015.0
TATAMOTORS,Automobiles,eps_cagr_5yr,,,2013.0
TATAMOTORS,Automobiles,eps_cagr_5yr,,,2022.0
TATAMOTORS,Automobiles,eps_cagr_5yr,-25.74131244826602,97.67,2023.0
TATAMOTORS,Automobiles,eps_cagr_5yr,,,2021.0
TATAMOTORS,Automobiles,eps_cagr_5yr,-2.3979971134338363,83.72,2018.0
TATAMOTORS,Automobiles,eps_cagr_5yr,,,2017.0
TATAMOTORS,Automobiles,eps_cagr_5yr,,,2019.0
TATAMOTORS,Automobiles,eps_cagr_5yr,,,2020.0
M&M,Automobiles,eps_cagr_5yr,12.054918219885359,32.56,2022.0
M&M,Automobiles,eps_cagr_5yr,,,2016.0
M&M,Automobiles,eps_cagr_5yr,,,2013.0
M&M,Automobiles,eps_cagr_5yr,,,2014.0
M&M,Automobiles,eps_cagr_5yr,,,2015.0
M&M,Automobiles,eps_cagr_5yr,12.700920209792542,27.91,2018.0
M&M,Automobiles,eps_cagr_5yr,,,2017.0
M&M,Automobiles,eps_cagr_5yr,16.175509914303852,20.93,2024.0
M&M,Automobiles,eps_cagr_5yr,-47.46944391192466,100.0,2020.0
M&M,Automobiles,eps_cagr_5yr,2.503093353490349,69.77,2019.0
M&M,Automobiles,eps_cagr_5yr,6.705146990192867,62.79,2023.0
M&M,Automobiles,eps_cagr_5yr,-9.711954855256577,93.02,2021.0
BAJAJ-AUTO,Automobiles,eps_cagr_5yr,,,2016.0
BAJAJ-AUTO,Automobiles,eps_cagr_5yr,,,2017.0
BAJAJ-AUTO,Automobiles,eps_cagr_5yr,,,2014.0
BAJAJ-AUTO,Automobiles,eps_cagr_5yr,6.214991835579098,65.12,2018.0
BAJAJ-AUTO,Automobiles,eps_cagr_5yr,,,2013.0
BAJAJ-AUTO,Automobiles,eps_cagr_5yr,11.382417860287909,34.88,2020.0
BAJAJ-AUTO,Automobiles,eps_cagr_5yr,7.758766622357927,58.14,2019.0
BAJAJ-AUTO,Automobiles,eps_cagr_5yr,,,2015.0
BAJAJ-AUTO,Automobiles,eps_cagr_5yr,10.177276348465591,41.86,2024.0
BAJAJ-AUTO,Automobiles,eps_cagr_5yr,8.600568365506822,46.51,2022.0
BAJAJ-AUTO,Automobiles,eps_cagr_5yr,7.947399266462085,53.49,2023.0
BAJAJ-AUTO,Automobiles,eps_cagr_5yr,3.713728933664817,67.44,2021.0
EICHERMOT,Automobiles,eps_cagr_5yr,43.096908110525554,2.33,2018.0
EICHERMOT,Automobiles,eps_cagr_5yr,40.113103235340276,4.65,2019.0
EICHERMOT,Automobiles,eps_cagr_5yr,,,2017.0
EICHERMOT,Automobiles,eps_cagr_5yr,,,2016.0
EICHERMOT,Automobiles,eps_cagr_5yr,12.505451629050324,30.23,2024.0
EICHERMOT,Automobiles,eps_cagr_5yr,8.24560104695471,51.16,2023.0
EICHERMOT,Automobiles,eps_cagr_5yr,23.842409558387544,13.95,2020.0
EICHERMOT,Automobiles,eps_cagr_5yr,0.0,77.91,2022.0
EICHERMOT,Automobiles,eps_cagr_5yr,,,2014.0
EICHERMOT,Automobiles,eps_cagr_5yr,0.0,77.91,2021.0
EICHERMOT,Automobiles,eps_cagr_5yr,,,2013.0
EICHERMOT,Automobiles,eps_cagr_5yr,,,2012.0
HEROMOTOCO,Automobiles,eps_cagr_5yr,,,2015.0
HEROMOTOCO,Automobiles,eps_cagr_5yr,,,2014.0
HEROMOTOCO,Automobiles,eps_cagr_5yr,,,2017.0
HEROMOTOCO,Automobiles,eps_cagr_5yr,,,2016.0
HEROMOTOCO,Automobiles,eps_cagr_5yr,,,2018.0
HEROMOTOCO,Automobiles,eps_cagr_5yr,10.3742662730538,39.53,2019.0
HEROMOTOCO,Automobiles,eps_cagr_5yr,9.053064987397041,44.19,2020.0
HEROMOTOCO,Automobiles,eps_cagr_5yr,1.6863437197464748,72.09,2024.0
HEROMOTOCO,Automobiles,eps_cagr_5yr,-1.4422816893438384,81.4,2021.0
HEROMOTOCO,Automobiles,eps_cagr_5yr,-5.389086951880584,88.37,2023.0
HEROMOTOCO,Automobiles,eps_cagr_5yr,-8.3102071293645,90.7,2022.0
TVSMOTOR,Automobiles,eps_cagr_5yr,30.258554234867606,6.98,2019.0
TVSMOTOR,Automobiles,eps_cagr_5yr,28.473515712343932,9.3,2018.0
TVSMOTOR,Automobiles,eps_cagr_5yr,19.13578981670916,18.6,2024.0
TVSMOTOR,Automobiles,eps_cagr_5yr,13.179836563100178,25.58,2020.0
TVSMOTOR,Automobiles,eps_cagr_5yr,14.869835499703509,23.26,2023.0
TVSMOTOR,Automobiles,eps_cagr_5yr,7.631692251481081,60.47,2021.0
TVSMOTOR,Automobiles,eps_cagr_5yr,,,2016.0
TVSMOTOR,Automobiles,eps_cagr_5yr,,,2017.0
TVSMOTOR,Automobiles,eps_cagr_5yr,7.781806771272581,55.81,2022.0
TVSMOTOR,Automobiles,eps_cagr_5yr,,,2014.0
TVSMOTOR,Automobiles,eps_cagr_5yr,,,2013.0
TVSMOTOR,Automobiles,eps_cagr_5yr,,,2015.0
MARUTI,Automobiles,interest_coverage,41.25,49.4,2018.0
MARUTI,Automobiles,interest_coverage,180.53,19.28,2019.0
MARUTI,Automobiles,interest_coverage,117.91,31.33,2024.0
MARUTI,Automobiles,interest_coverage,127.9,28.92,2016.0
MARUTI,Automobiles,interest_coverage,144.04,25.3,2017.0
MARUTI,Automobiles,interest_coverage,35.36,51.81,2015.0
MARUTI,Automobiles,interest_coverage,32.79,53.01,2014.0
MARUTI,Automobiles,interest_coverage,26.05,55.42,2013.0
MARUTI,Automobiles,interest_coverage,80.34,36.14,2020.0
MARUTI,Automobiles,interest_coverage,61.65,38.55,2023.0
MARUTI,Automobiles,interest_coverage,82.91,34.94,2021.0
MARUTI,Automobiles,interest_coverage,59.94,39.76,2022.0
TATAMOTORS,Automobiles,interest_coverage,6.53,69.88,2024.0
TATAMOTORS,Automobiles,interest_coverage,7.31,65.66,2014.0
TATAMOTORS,Automobiles,interest_coverage,7.31,65.66,2016.0
TATAMOTORS,Automobiles,interest_coverage,8.22,61.45,2015.0
TATAMOTORS,Automobiles,interest_coverage,6.97,67.47,2013.0
TATAMOTORS,Automobiles,interest_coverage,2.91,90.96,2022.0
TATAMOTORS,Automobiles,interest_coverage,3.76,77.71,2023.0
TATAMOTORS,Automobiles,interest_coverage,2.61,93.98,2021.0
TATAMOTORS,Automobiles,interest_coverage,7.99,62.65,2018.0
TATAMOTORS,Automobiles,interest_coverage,7.42,63.86,2017.0
TATAMOTORS,Automobiles,interest_coverage,-0.35,100.0,2019.0
TATAMOTORS,Automobiles,interest_coverage,2.5,96.39,2020.0
M&M,Automobiles,interest_coverage,3.56,81.33,2022.0
M&M,Automobiles,interest_coverage,3.41,84.34,2016.0
M&M,Automobiles,interest_coverage,4.33,74.7,2013.0
M&M,Automobiles,interest_coverage,3.7,79.52,2014.0
M&M,Automobiles,interest_coverage,3.04,87.35,2015.0
M&M,Automobiles,interest_coverage,4.41,73.49,2018.0
M&M,Automobiles,interest_coverage,3.51,83.13,2017.0
M&M,Automobiles,interest_coverage,3.76,77.71,2024.0
M&M,Automobiles,interest_coverage,1.83,98.8,2020.0
M&M,Automobiles,interest_coverage,3.56,81.33,2019.0
M&M,Automobiles,interest_coverage,4.16,75.9,2023.0
M&M,Automobiles,interest_coverage,2.07,97.59,2021.0
BAJAJ-AUTO,Automobiles,interest_coverage,5987.0,2.41,2016.0
BAJAJ-AUTO,Automobiles,interest_coverage,5897.0,3.61,2017.0
BAJAJ-AUTO,Automobiles,interest_coverage,4837.0,4.82,2014.0
BAJAJ-AUTO,Automobiles,interest_coverage,6250.0,1.2,2018.0
BAJAJ-AUTO,Automobiles,interest_coverage,4446.0,6.02,2013.0
BAJAJ-AUTO,Automobiles,interest_coverage,2313.67,7.23,2020.0
BAJAJ-AUTO,Automobiles,interest_coverage,1806.5,8.43,2019.0
BAJAJ-AUTO,Automobiles,interest_coverage,726.0,13.25,2015.0
BAJAJ-AUTO,Automobiles,interest_coverage,174.42,20.48,2024.0
BAJAJ-AUTO,Automobiles,interest_coverage,881.11,12.05,2022.0
BAJAJ-AUTO,Automobiles,interest_coverage,204.2,18.07,2023.0
BAJAJ-AUTO,Automobiles,interest_coverage,929.71,10.84,2021.0
EICHERMOT,Automobiles,interest_coverage,669.0,14.46,2018.0
EICHERMOT,Automobiles,interest_coverage,515.0,16.87,2019.0
EICHERMOT,Automobiles,interest_coverage,647.5,15.66,2017.0
EICHERMOT,Automobiles,interest_coverage,1008.0,9.64,2016.0
EICHERMOT,Automobiles,interest_coverage,114.71,32.53,2024.0
EICHERMOT,Automobiles,interest_coverage,155.5,22.89,2023.0
EICHERMOT,Automobiles,interest_coverage,145.0,24.1,2020.0
EICHERMOT,Automobiles,interest_coverage,140.74,27.71,2022.0
EICHERMOT,Automobiles,interest_coverage,122.3,30.12,2014.0
EICHERMOT,Automobiles,interest_coverage,141.56,26.51,2021.0
EICHERMOT,Automobiles,interest_coverage,101.0,33.73,2013.0
EICHERMOT,Automobiles,interest_coverage,171.5,21.69,2012.0
HEROMOTOCO,Automobiles,interest_coverage,73.94,37.35,2015.0
HEROMOTOCO,Automobiles,interest_coverage,50.55,43.37,2014.0
HEROMOTOCO,Automobiles,interest_coverage,28.97,54.22,2017.0
HEROMOTOCO,Automobiles,interest_coverage,57.12,40.96,2016.0
HEROMOTOCO,Automobiles,interest_coverage,48.12,46.99,2018.0
HEROMOTOCO,Automobiles,interest_coverage,39.08,50.6,2019.0
HEROMOTOCO,Automobiles,interest_coverage,17.57,56.63,2020.0
HEROMOTOCO,Automobiles,interest_coverage,47.27,48.19,2024.0
HEROMOTOCO,Automobiles,interest_coverage,48.67,44.58,2021.0
HEROMOTOCO,Automobiles,interest_coverage,53.04,42.17,2023.0
HEROMOTOCO,Automobiles,interest_coverage,48.27,45.78,2022.0
TVSMOTOR,Automobiles,interest_coverage,3.3,85.54,2019.0
TVSMOTOR,Automobiles,interest_coverage,4.86,72.29,2018.0
TVSMOTOR,Automobiles,interest_coverage,2.91,90.96,2024.0
TVSMOTOR,Automobiles,interest_coverage,2.66,92.77,2020.0
TVSMOTOR,Automobiles,interest_coverage,3.04,87.35,2023.0
TVSMOTOR,Automobiles,interest_coverage,2.57,95.18,2021.0
TVSMOTOR,Automobiles,interest_coverage,13.03,59.04,2016.0
TVSMOTOR,Automobiles,interest_coverage,17.23,57.83,2017.0
TVSMOTOR,Automobiles,interest_coverage,2.93,89.16,2022.0
TVSMOTOR,Automobiles,interest_coverage,6.7,68.67,2014.0
TVSMOTOR,Automobiles,interest_coverage,5.51,71.08,2013.0
TVSMOTOR,Automobiles,interest_coverage,11.05,60.24,2015.0
MARUTI,Automobiles,asset_turnover,1.32,30.72,2018.0
MARUTI,Automobiles,asset_turnover,1.35,26.51,2019.0
MARUTI,Automobiles,asset_turnover,1.23,39.76,2024.0
MARUTI,Automobiles,asset_turnover,1.35,26.51,2016.0
MARUTI,Automobiles,asset_turnover,1.31,33.73,2017.0
MARUTI,Automobiles,asset_turnover,1.47,18.07,2015.0
MARUTI,Automobiles,asset_turnover,1.42,22.89,2014.0
MARUTI,Automobiles,asset_turnover,1.61,14.46,2013.0
MARUTI,Automobiles,asset_turnover,1.19,42.77,2020.0
MARUTI,Automobiles,asset_turnover,1.18,45.18,2023.0
MARUTI,Automobiles,asset_turnover,0.99,62.65,2021.0
MARUTI,Automobiles,asset_turnover,1.18,45.18,2022.0
TATAMOTORS,Automobiles,asset_turnover,1.19,42.77,2024.0
TATAMOTORS,Automobiles,asset_turnover,1.07,51.81,2014.0
TATAMOTORS,Automobiles,asset_turnover,1.04,54.82,2016.0
TATAMOTORS,Automobiles,asset_turnover,1.11,50.6,2015.0
TATAMOTORS,Automobiles,asset_turnover,1.12,49.4,2013.0
TATAMOTORS,Automobiles,asset_turnover,0.85,77.11,2022.0
TATAMOTORS,Automobiles,asset_turnover,1.03,56.63,2023.0
TATAMOTORS,Automobiles,asset_turnover,0.73,87.95,2021.0
TATAMOTORS,Automobiles,asset_turnover,0.89,74.1,2018.0
TATAMOTORS,Automobiles,asset_turnover,0.99,62.65,2017.0
TATAMOTORS,Automobiles,asset_turnover,0.99,62.65,2019.0
TATAMOTORS,Automobiles,asset_turnover,0.82,80.72,2020.0
M&M,Automobiles,asset_turnover,0.52,97.59,2022.0
M&M,Automobiles,asset_turnover,0.76,82.53,2016.0
M&M,Automobiles,asset_turnover,0.9,71.69,2013.0
M&M,Automobiles,asset_turnover,0.84,78.31,2014.0
M&M,Automobiles,asset_turnover,0.76,82.53,2015.0
M&M,Automobiles,asset_turnover,0.68,90.36,2018.0
M&M,Automobiles,asset_turnover,0.74,86.14,2017.0
M&M,Automobiles,asset_turnover,0.59,95.78,2024.0
M&M,Automobiles,asset_turnover,0.45,99.4,2020.0
M&M,Automobiles,asset_turnover,0.65,91.57,2019.0
M&M,Automobiles,asset_turnover,0.59,95.78,2023.0
M&M,Automobiles,asset_turnover,0.45,99.4,2021.0
BAJAJ-AUTO,Automobiles,asset_turnover,1.31,33.73,2016.0
BAJAJ-AUTO,Automobiles,asset_turnover,1.01,57.83,2017.0
BAJAJ-AUTO,Automobiles,asset_turnover,1.32,30.72,2014.0
BAJAJ-AUTO,Automobiles,asset_turnover,1.0,59.64,2018.0
BAJAJ-AUTO,Automobiles,asset_turnover,1.58,15.66,2013.0
BAJAJ-AUTO,Automobiles,asset_turnover,1.13,48.19,2020.0
BAJAJ-AUTO,Automobiles,asset_turnover,1.05,53.01,2019.0
BAJAJ-AUTO,Automobiles,asset_turnover,1.35,26.51,2015.0
BAJAJ-AUTO,Automobiles,asset_turnover,1.14,46.99,2024.0
BAJAJ-AUTO,Automobiles,asset_turnover,0.94,66.87,2022.0
BAJAJ-AUTO,Automobiles,asset_turnover,1.04,54.82,2023.0
BAJAJ-AUTO,Automobiles,asset_turnover,0.83,79.52,2021.0
EICHERMOT,Automobiles,asset_turnover,0.94,66.87,2018.0
EICHERMOT,Automobiles,asset_turnover,0.86,75.9,2019.0
EICHERMOT,Automobiles,asset_turnover,1.0,59.64,2017.0
EICHERMOT,Automobiles,asset_turnover,1.25,37.35,2016.0
EICHERMOT,Automobiles,asset_turnover,0.72,89.16,2024.0
EICHERMOT,Automobiles,asset_turnover,0.75,84.34,2023.0
EICHERMOT,Automobiles,asset_turnover,0.74,86.14,2020.0
EICHERMOT,Automobiles,asset_turnover,0.64,92.77,2022.0
EICHERMOT,Automobiles,asset_turnover,1.36,24.1,2014.0
EICHERMOT,Automobiles,asset_turnover,0.6,93.98,2021.0
EICHERMOT,Automobiles,asset_turnover,1.28,36.14,2013.0
EICHERMOT,Automobiles,asset_turnover,1.43,21.08,2012.0
HEROMOTOCO,Automobiles,asset_turnover,2.58,1.2,2015.0
HEROMOTOCO,Automobiles,asset_turnover,2.5,2.41,2014.0
HEROMOTOCO,Automobiles,asset_turnover,1.87,11.45,2017.0
HEROMOTOCO,Automobiles,asset_turnover,2.21,7.83,2016.0
HEROMOTOCO,Automobiles,asset_turnover,1.87,11.45,2018.0
HEROMOTOCO,Automobiles,asset_turnover,1.84,13.25,2019.0
HEROMOTOCO,Automobiles,asset_turnover,1.49,16.87,2020.0
HEROMOTOCO,Automobiles,asset_turnover,1.44,19.28,2024.0
HEROMOTOCO,Automobiles,asset_turnover,1.34,28.92,2021.0
HEROMOTOCO,Automobiles,asset_turnover,1.43,21.08,2023.0
HEROMOTOCO,Automobiles,asset_turnover,1.31,33.73,2022.0
TVSMOTOR,Automobiles,asset_turnover,1.21,40.96,2019.0
TVSMOTOR,Automobiles,asset_turnover,1.24,38.55,2018.0
TVSMOTOR,Automobiles,asset_turnover,0.93,68.67,2024.0
TVSMOTOR,Automobiles,asset_turnover,0.98,65.06,2020.0
TVSMOTOR,Automobiles,asset_turnover,0.91,69.88,2023.0
TVSMOTOR,Automobiles,asset_turnover,0.89,74.1,2021.0
TVSMOTOR,Automobiles,asset_turnover,2.21,7.83,2016.0
TVSMOTOR,Automobiles,asset_turnover,2.03,9.64,2017.0
TVSMOTOR,Automobiles,asset_turnover,0.9,71.69,2022.0
TVSMOTOR,Automobiles,asset_turnover,2.31,3.61,2014.0
TVSMOTOR,Automobiles,asset_turnover,2.22,6.02,2013.0
TVSMOTOR,Automobiles,asset_turnover,2.24,4.82,2015.0
LICI,Life Insurance,return_on_equity_pct,43.2,11.9,2021.0
LICI,Life Insurance,return_on_equity_pct,49.45,9.52,2024.0
LICI,Life Insurance,return_on_equity_pct,36.38,19.05,2022.0
LICI,Life Insurance,return_on_equity_pct,77.86,7.14,2023.0
LICI,Life Insurance,return_on_equity_pct,270.46,4.76,2020.0
LICI,Life Insurance,return_on_equity_pct,324.32,2.38,2019.0
HDFCLIFE,Life Insurance,return_on_equity_pct,15.75,71.43,2021.0
HDFCLIFE,Life Insurance,return_on_equity_pct,23.53,40.48,2018.0
HDFCLIFE,Life Insurance,return_on_equity_pct,8.5,92.86,2022.0
HDFCLIFE,Life Insurance,return_on_equity_pct,22.65,47.62,2019.0
HDFCLIFE,Life Insurance,return_on_equity_pct,10.73,85.71,2024.0
HDFCLIFE,Life Insurance,return_on_equity_pct,30.93,30.95,2015.0
HDFCLIFE,Life Insurance,return_on_equity_pct,33.43,23.81,2013.0
HDFCLIFE,Life Insurance,return_on_equity_pct,23.18,42.86,2017.0
HDFCLIFE,Life Insurance,return_on_equity_pct,26.33,33.33,2016.0
HDFCLIFE,Life Insurance,return_on_equity_pct,37.6,16.67,2014.0
HDFCLIFE,Life Insurance,return_on_equity_pct,10.53,88.1,2023.0
HDFCLIFE,Life Insurance,return_on_equity_pct,19.05,54.76,2020.0
SBILIFE,Life Insurance,return_on_equity_pct,14.0,76.19,2021.0
SBILIFE,Life Insurance,return_on_equity_pct,17.62,59.52,2018.0
SBILIFE,Life Insurance,return_on_equity_pct,17.52,61.9,2019.0
SBILIFE,Life Insurance,return_on_equity_pct,12.96,80.95,2022.0
SBILIFE,Life Insurance,return_on_equity_pct,12.7,83.33,2024.0
SBILIFE,Life Insurance,return_on_equity_pct,16.26,69.05,2020.0
SBILIFE,Life Insurance,return_on_equity_pct,20.09,52.38,2015.0
SBILIFE,Life Insurance,return_on_equity_pct,23.03,45.24,2013.0
SBILIFE,Life Insurance,return_on_equity_pct,13.22,78.57,2023.0
SBILIFE,Life Insurance,return_on_equity_pct,17.83,57.14,2016.0
SBILIFE,Life Insurance,return_on_equity_pct,17.2,64.29,2017.0
SBILIFE,Life Insurance,return_on_equity_pct,21.69,50.0,2014.0
ICICIPRULI,Life Insurance,return_on_equity_pct,10.5,90.48,2021.0
ICICIPRULI,Life Insurance,return_on_equity_pct,26.26,35.71,2017.0
ICICIPRULI,Life Insurance,return_on_equity_pct,35.61,21.43,2014.0
ICICIPRULI,Life Insurance,return_on_equity_pct,31.15,26.19,2015.0
ICICIPRULI,Life Insurance,return_on_equity_pct,7.73,100.0,2024.0
ICICIPRULI,Life Insurance,return_on_equity_pct,31.0,28.57,2016.0
ICICIPRULI,Life Insurance,return_on_equity_pct,38.25,14.29,2013.0
ICICIPRULI,Life Insurance,return_on_equity_pct,16.58,66.67,2019.0
ICICIPRULI,Life Insurance,return_on_equity_pct,24.63,38.1,2018.0
ICICIPRULI,Life Insurance,return_on_equity_pct,8.29,95.24,2022.0
ICICIPRULI,Life Insurance,return_on_equity_pct,8.06,97.62,2023.0
ICICIPRULI,Life Insurance,return_on_equity_pct,14.79,73.81,2020.0
LICI,Life Insurance,net_profit_margin_pct,0.43,98.81,2021.0
LICI,Life Insurance,net_profit_margin_pct,4.84,11.9,2024.0
LICI,Life Insurance,net_profit_margin_pct,0.57,92.86,2022.0
LICI,Life Insurance,net_profit_margin_pct,4.59,16.67,2023.0
LICI,Life Insurance,net_profit_margin_pct,0.43,98.81,2020.0
LICI,Life Insurance,net_profit_margin_pct,0.46,95.24,2019.0
HDFCLIFE,Life Insurance,net_profit_margin_pct,1.9,71.43,2021.0
HDFCLIFE,Life Insurance,net_profit_margin_pct,3.43,40.48,2018.0
HDFCLIFE,Life Insurance,net_profit_margin_pct,1.98,66.67,2022.0
HDFCLIFE,Life Insurance,net_profit_margin_pct,3.29,45.24,2019.0
HDFCLIFE,Life Insurance,net_profit_margin_pct,1.55,80.95,2024.0
HDFCLIFE,Life Insurance,net_profit_margin_pct,2.89,58.33,2015.0
HDFCLIFE,Life Insurance,net_profit_margin_pct,3.18,50.0,2013.0
HDFCLIFE,Life Insurance,net_profit_margin_pct,2.89,58.33,2017.0
HDFCLIFE,Life Insurance,net_profit_margin_pct,4.5,19.05,2016.0
HDFCLIFE,Life Insurance,net_profit_margin_pct,4.22,32.14,2014.0
HDFCLIFE,Life Insurance,net_profit_margin_pct,1.95,69.05,2023.0
HDFCLIFE,Life Insurance,net_profit_margin_pct,4.41,23.81,2020.0
SBILIFE,Life Insurance,net_profit_margin_pct,1.78,76.19,2021.0
SBILIFE,Life Insurance,net_profit_margin_pct,3.38,42.86,2018.0
SBILIFE,Life Insurance,net_profit_margin_pct,2.98,54.76,2019.0
SBILIFE,Life Insurance,net_profit_margin_pct,1.81,73.81,2022.0
SBILIFE,Life Insurance,net_profit_margin_pct,1.43,83.33,2024.0
SBILIFE,Life Insurance,net_profit_margin_pct,3.25,47.62,2020.0
SBILIFE,Life Insurance,net_profit_margin_pct,3.48,38.1,2015.0
SBILIFE,Life Insurance,net_profit_margin_pct,4.24,28.57,2013.0
SBILIFE,Life Insurance,net_profit_margin_pct,2.13,64.29,2023.0
SBILIFE,Life Insurance,net_profit_margin_pct,4.37,26.19,2016.0
SBILIFE,Life Insurance,net_profit_margin_pct,3.13,52.38,2017.0
SBILIFE,Life Insurance,net_profit_margin_pct,4.22,32.14,2014.0
ICICIPRULI,Life Insurance,net_profit_margin_pct,1.15,88.1,2021.0
ICICIPRULI,Life Insurance,net_profit_margin_pct,4.45,21.43,2017.0
ICICIPRULI,Life Insurance,net_profit_margin_pct,7.13,7.14,2014.0
ICICIPRULI,Life Insurance,net_profit_margin_pct,4.76,14.29,2015.0
ICICIPRULI,Life Insurance,net_profit_margin_pct,0.94,90.48,2024.0
ICICIPRULI,Life Insurance,net_profit_margin_pct,7.91,2.38,2016.0
ICICIPRULI,Life Insurance,net_profit_margin_pct,7.57,4.76,2013.0
ICICIPRULI,Life Insurance,net_profit_margin_pct,2.75,61.9,2019.0
ICICIPRULI,Life Insurance,net_profit_margin_pct,4.17,35.71,2018.0
ICICIPRULI,Life Insurance,net_profit_margin_pct,1.19,85.71,2022.0
ICICIPRULI,Life Insurance,net_profit_margin_pct,1.61,78.57,2023.0
ICICIPRULI,Life Insurance,net_profit_margin_pct,5.07,9.52,2020.0
LICI,Life Insurance,operating_profit_margin_pct,-0.04,97.62,2021.0
LICI,Life Insurance,operating_profit_margin_pct,3.87,66.67,2024.0
LICI,Life Insurance,operating_profit_margin_pct,0.46,90.48,2022.0
LICI,Life Insurance,operating_profit_margin_pct,4.36,61.9,2023.0
LICI,Life Insurance,operating_profit_margin_pct,-1.11,100.0,2020.0
LICI,Life Insurance,operating_profit_margin_pct,1.04,85.71,2019.0
HDFCLIFE,Life Insurance,operating_profit_margin_pct,98.27,23.81,2021.0
HDFCLIFE,Life Insurance,operating_profit_margin_pct,96.67,33.33,2018.0
HDFCLIFE,Life Insurance,operating_profit_margin_pct,98.84,19.05,2022.0
HDFCLIFE,Life Insurance,operating_profit_margin_pct,96.87,26.19,2019.0
HDFCLIFE,Life Insurance,operating_profit_margin_pct,99.48,16.67,2024.0
HDFCLIFE,Life Insurance,operating_profit_margin_pct,96.79,30.95,2015.0
HDFCLIFE,Life Insurance,operating_profit_margin_pct,96.27,40.48,2013.0
HDFCLIFE,Life Insurance,operating_profit_margin_pct,96.83,28.57,2017.0
HDFCLIFE,Life Insurance,operating_profit_margin_pct,94.74,52.38,2016.0
HDFCLIFE,Life Insurance,operating_profit_margin_pct,96.48,35.71,2014.0
HDFCLIFE,Life Insurance,operating_profit_margin_pct,99.89,14.29,2023.0
HDFCLIFE,Life Insurance,operating_profit_margin_pct,96.12,42.86,2020.0
SBILIFE,Life Insurance,operating_profit_margin_pct,1.06,83.33,2021.0
SBILIFE,Life Insurance,operating_profit_margin_pct,3.91,64.29,2018.0
SBILIFE,Life Insurance,operating_profit_margin_pct,3.3,73.81,2019.0
SBILIFE,Life Insurance,operating_profit_margin_pct,0.88,88.1,2022.0
SBILIFE,Life Insurance,operating_profit_margin_pct,0.19,92.86,2024.0
SBILIFE,Life Insurance,operating_profit_margin_pct,3.08,76.19,2020.0
SBILIFE,Life Insurance,operating_profit_margin_pct,3.39,71.43,2015.0
SBILIFE,Life Insurance,operating_profit_margin_pct,2.87,80.95,2013.0
SBILIFE,Life Insurance,operating_profit_margin_pct,0.15,95.24,2023.0
SBILIFE,Life Insurance,operating_profit_margin_pct,4.76,59.52,2016.0
SBILIFE,Life Insurance,operating_profit_margin_pct,3.5,69.05,2017.0
SBILIFE,Life Insurance,operating_profit_margin_pct,2.96,78.57,2014.0
ICICIPRULI,Life Insurance,operating_profit_margin_pct,100.47,11.9,2021.0
ICICIPRULI,Life Insurance,operating_profit_margin_pct,95.22,47.62,2017.0
ICICIPRULI,Life Insurance,operating_profit_margin_pct,93.13,54.76,2014.0
ICICIPRULI,Life Insurance,operating_profit_margin_pct,95.2,50.0,2015.0
ICICIPRULI,Life Insurance,operating_profit_margin_pct,102.03,7.14,2024.0
ICICIPRULI,Life Insurance,operating_profit_margin_pct,91.17,57.14,2016.0
ICICIPRULI,Life Insurance,operating_profit_margin_pct,96.28,38.1,2013.0
ICICIPRULI,Life Insurance,operating_profit_margin_pct,98.7,21.43,2019.0
ICICIPRULI,Life Insurance,operating_profit_margin_pct,95.44,45.24,2018.0
ICICIPRULI,Life Insurance,operating_profit_margin_pct,103.4,4.76,2022.0
ICICIPRULI,Life Insurance,operating_profit_margin_pct,103.48,2.38,2023.0
ICICIPRULI,Life Insurance,operating_profit_margin_pct,101.52,9.52,2020.0
LICI,Life Insurance,debt_to_equity,0.0,38.1,2021.0
LICI,Life Insurance,debt_to_equity,0.0,38.1,2024.0
LICI,Life Insurance,debt_to_equity,0.0,38.1,2022.0
LICI,Life Insurance,debt_to_equity,0.0,38.1,2023.0
LICI,Life Insurance,debt_to_equity,252.91,97.62,2020.0
LICI,Life Insurance,debt_to_equity,332.59,100.0,2019.0
HDFCLIFE,Life Insurance,debt_to_equity,0.07,82.14,2021.0
HDFCLIFE,Life Insurance,debt_to_equity,0.0,38.1,2018.0
HDFCLIFE,Life Insurance,debt_to_equity,0.04,76.19,2022.0
HDFCLIFE,Life Insurance,debt_to_equity,0.0,38.1,2019.0
HDFCLIFE,Life Insurance,debt_to_equity,0.06,78.57,2024.0
HDFCLIFE,Life Insurance,debt_to_equity,0.0,38.1,2015.0
HDFCLIFE,Life Insurance,debt_to_equity,0.0,38.1,2013.0
HDFCLIFE,Life Insurance,debt_to_equity,0.0,38.1,2017.0
HDFCLIFE,Life Insurance,debt_to_equity,0.0,38.1,2016.0
HDFCLIFE,Life Insurance,debt_to_equity,0.0,38.1,2014.0
HDFCLIFE,Life Insurance,debt_to_equity,0.07,82.14,2023.0
HDFCLIFE,Life Insurance,debt_to_equity,0.0,38.1,2020.0
SBILIFE,Life Insurance,debt_to_equity,0.0,38.1,2021.0
SBILIFE,Life Insurance,debt_to_equity,0.0,38.1,2018.0
SBILIFE,Life Insurance,debt_to_equity,0.0,38.1,2019.0
SBILIFE,Life Insurance,debt_to_equity,0.0,38.1,2022.0
SBILIFE,Life Insurance,debt_to_equity,0.0,38.1,2024.0
SBILIFE,Life Insurance,debt_to_equity,0.0,38.1,2020.0
SBILIFE,Life Insurance,debt_to_equity,0.0,38.1,2015.0
SBILIFE,Life Insurance,debt_to_equity,0.0,38.1,2013.0
SBILIFE,Life Insurance,debt_to_equity,0.0,38.1,2023.0
SBILIFE,Life Insurance,debt_to_equity,0.0,38.1,2016.0
SBILIFE,Life Insurance,debt_to_equity,0.0,38.1,2017.0
SBILIFE,Life Insurance,debt_to_equity,0.0,38.1,2014.0
ICICIPRULI,Life Insurance,debt_to_equity,0.13,91.67,2021.0
ICICIPRULI,Life Insurance,debt_to_equity,0.0,38.1,2017.0
ICICIPRULI,Life Insurance,debt_to_equity,0.0,38.1,2014.0
ICICIPRULI,Life Insurance,debt_to_equity,0.0,38.1,2015.0
ICICIPRULI,Life Insurance,debt_to_equity,0.11,85.71,2024.0
ICICIPRULI,Life Insurance,debt_to_equity,0.19,95.24,2016.0
ICICIPRULI,Life Insurance,debt_to_equity,0.0,38.1,2013.0
ICICIPRULI,Life Insurance,debt_to_equity,0.0,38.1,2019.0
ICICIPRULI,Life Insurance,debt_to_equity,0.0,38.1,2018.0
ICICIPRULI,Life Insurance,debt_to_equity,0.13,91.67,2022.0
ICICIPRULI,Life Insurance,debt_to_equity,0.12,88.1,2023.0
ICICIPRULI,Life Insurance,debt_to_equity,0.0,38.1,2020.0
LICI,Life Insurance,free_cash_flow,229049.0,2.38,2021.0
LICI,Life Insurance,free_cash_flow,853.0,52.38,2024.0
LICI,Life Insurance,free_cash_flow,8748.0,9.52,2022.0
LICI,Life Insurance,free_cash_flow,1671.0,38.1,2023.0
LICI,Life Insurance,free_cash_flow,13952.0,7.14,2020.0
LICI,Life Insurance,free_cash_flow,22910.0,4.76,2019.0
HDFCLIFE,Life Insurance,free_cash_flow,751.0,54.76,2021.0
HDFCLIFE,Life Insurance,free_cash_flow,2318.0,28.57,2018.0
HDFCLIFE,Life Insurance,free_cash_flow,5142.0,11.9,2022.0
HDFCLIFE,Life Insurance,free_cash_flow,-314.0,71.43,2019.0
HDFCLIFE,Life Insurance,free_cash_flow,-2893.0,97.62,2024.0
HDFCLIFE,Life Insurance,free_cash_flow,945.0,47.62,2015.0
HDFCLIFE,Life Insurance,free_cash_flow,0.0,65.48,2013.0
HDFCLIFE,Life Insurance,free_cash_flow,1053.0,42.86,2017.0
HDFCLIFE,Life Insurance,free_cash_flow,1725.0,35.71,2016.0
HDFCLIFE,Life Insurance,free_cash_flow,0.0,65.48,2014.0
HDFCLIFE,Life Insurance,free_cash_flow,-3188.0,100.0,2023.0
HDFCLIFE,Life Insurance,free_cash_flow,-401.0,73.81,2020.0
SBILIFE,Life Insurance,free_cash_flow,4675.0,14.29,2021.0
SBILIFE,Life Insurance,free_cash_flow,1485.0,40.48,2018.0
SBILIFE,Life Insurance,free_cash_flow,-79.0,69.05,2019.0
SBILIFE,Life Insurance,free_cash_flow,241.0,59.52,2022.0
SBILIFE,Life Insurance,free_cash_flow,-2099.0,92.86,2024.0
SBILIFE,Life Insurance,free_cash_flow,2313.0,30.95,2020.0
SBILIFE,Life Insurance,free_cash_flow,2533.0,26.19,2015.0
SBILIFE,Life Insurance,free_cash_flow,903.0,50.0,2013.0
SBILIFE,Life Insurance,free_cash_flow,-1547.0,90.48,2023.0
SBILIFE,Life Insurance,free_cash_flow,-1426.0,88.1,2016.0
SBILIFE,Life Insurance,free_cash_flow,-507.0,76.19,2017.0
SBILIFE,Life Insurance,free_cash_flow,-542.0,78.57,2014.0
ICICIPRULI,Life Insurance,free_cash_flow,2230.0,33.33,2021.0
ICICIPRULI,Life Insurance,free_cash_flow,3434.0,23.81,2017.0
ICICIPRULI,Life Insurance,free_cash_flow,3630.0,21.43,2014.0
ICICIPRULI,Life Insurance,free_cash_flow,-1299.0,85.71,2015.0
ICICIPRULI,Life Insurance,free_cash_flow,105.0,61.9,2024.0
ICICIPRULI,Life Insurance,free_cash_flow,3661.0,19.05,2016.0
ICICIPRULI,Life Insurance,free_cash_flow,-1077.0,83.33,2013.0
ICICIPRULI,Life Insurance,free_cash_flow,3818.0,16.67,2019.0
ICICIPRULI,Life Insurance,free_cash_flow,301.0,57.14,2018.0
ICICIPRULI,Life Insurance,free_cash_flow,1015.0,45.24,2022.0
ICICIPRULI,Life Insurance,free_cash_flow,-1056.0,80.95,2023.0
ICICIPRULI,Life Insurance,free_cash_flow,-2201.0,95.24,2020.0
LICI,Life Insurance,revenue_cagr_5yr,,,2021.0
LICI,Life Insurance,revenue_cagr_5yr,8.15986061977938,86.36,2024.0
LICI,Life Insurance,revenue_cagr_5yr,,,2022.0
LICI,Life Insurance,revenue_cagr_5yr,,,2023.0
LICI,Life Insurance,revenue_cagr_5yr,,,2020.0
LICI,Life Insurance,revenue_cagr_5yr,,,2019.0
HDFCLIFE,Life Insurance,revenue_cagr_5yr,31.571847111711104,13.64,2021.0
HDFCLIFE,Life Insurance,revenue_cagr_5yr,18.068979210389813,40.91,2018.0
HDFCLIFE,Life Insurance,revenue_cagr_5yr,16.977021770482814,54.55,2022.0
HDFCLIFE,Life Insurance,revenue_cagr_5yr,17.748548170832045,50.0,2019.0
HDFCLIFE,Life Insurance,revenue_cagr_5yr,21.16813430936688,27.27,2024.0
HDFCLIFE,Life Insurance,revenue_cagr_5yr,,,2015.0
HDFCLIFE,Life Insurance,revenue_cagr_5yr,,,2013.0
HDFCLIFE,Life Insurance,revenue_cagr_5yr,,,2017.0
HDFCLIFE,Life Insurance,revenue_cagr_5yr,,,2016.0
HDFCLIFE,Life Insurance,revenue_cagr_5yr,,,2014.0
HDFCLIFE,Life Insurance,revenue_cagr_5yr,16.82699621683943,63.64,2023.0
HDFCLIFE,Life Insurance,revenue_cagr_5yr,1.5426961503206993,95.45,2020.0
SBILIFE,Life Insurance,revenue_cagr_5yr,33.49074616664105,4.55,2021.0
SBILIFE,Life Insurance,revenue_cagr_5yr,18.034002454357513,45.45,2018.0
SBILIFE,Life Insurance,revenue_cagr_5yr,20.914022283789848,31.82,2019.0
SBILIFE,Life Insurance,revenue_cagr_5yr,22.124070110590345,22.73,2022.0
SBILIFE,Life Insurance,revenue_cagr_5yr,24.231614182367544,18.18,2024.0
SBILIFE,Life Insurance,revenue_cagr_5yr,13.357796775948216,77.27,2020.0
SBILIFE,Life Insurance,revenue_cagr_5yr,,,2015.0
SBILIFE,Life Insurance,revenue_cagr_5yr,,,2013.0
SBILIFE,Life Insurance,revenue_cagr_5yr,18.80547842049878,36.36,2023.0
SBILIFE,Life Insurance,revenue_cagr_5yr,,,2016.0
SBILIFE,Life Insurance,revenue_cagr_5yr,,,2017.0
SBILIFE,Life Insurance,revenue_cagr_5yr,,,2014.0
ICICIPRULI,Life Insurance,revenue_cagr_5yr,31.883002459782304,9.09,2021.0
ICICIPRULI,Life Insurance,revenue_cagr_5yr,,,2017.0
ICICIPRULI,Life Insurance,revenue_cagr_5yr,,,2014.0
ICICIPRULI,Life Insurance,revenue_cagr_5yr,,,2015.0
ICICIPRULI,Life Insurance,revenue_cagr_5yr,16.84553965244746,59.09,2024.0
ICICIPRULI,Life Insurance,revenue_cagr_5yr,,,2016.0
ICICIPRULI,Life Insurance,revenue_cagr_5yr,,,2013.0
ICICIPRULI,Life Insurance,revenue_cagr_5yr,13.629456216771342,72.73,2019.0
ICICIPRULI,Life Insurance,revenue_cagr_5yr,14.16249374118479,68.18,2018.0
ICICIPRULI,Life Insurance,revenue_cagr_5yr,10.944844537496001,81.82,2022.0
ICICIPRULI,Life Insurance,revenue_cagr_5yr,5.385892062674458,90.91,2023.0
ICICIPRULI,Life Insurance,revenue_cagr_5yr,-9.405508418395813,100.0,2020.0
LICI,Life Insurance,pat_cagr_5yr,,,2021.0
LICI,Life Insurance,pat_cagr_5yr,73.17556747076097,4.55,2024.0
LICI,Life Insurance,pat_cagr_5yr,,,2022.0
LICI,Life Insurance,pat_cagr_5yr,,,2023.0
LICI,Life Insurance,pat_cagr_5yr,,,2020.0
LICI,Life Insurance,pat_cagr_5yr,,,2019.0
HDFCLIFE,Life Insurance,pat_cagr_5yr,10.745786997425878,36.36,2021.0
HDFCLIFE,Life Insurance,pat_cagr_5yr,19.885875601681914,9.09,2018.0
HDFCLIFE,Life Insurance,pat_cagr_5yr,8.390060976433,54.55,2022.0
HDFCLIFE,Life Insurance,pat_cagr_5yr,12.005298924817453,22.73,2019.0
HDFCLIFE,Life Insurance,pat_cagr_5yr,4.25449161597129,68.18,2024.0
HDFCLIFE,Life Insurance,pat_cagr_5yr,,,2015.0
HDFCLIFE,Life Insurance,pat_cagr_5yr,,,2013.0
HDFCLIFE,Life Insurance,pat_cagr_5yr,,,2017.0
HDFCLIFE,Life Insurance,pat_cagr_5yr,,,2016.0
HDFCLIFE,Life Insurance,pat_cagr_5yr,,,2014.0
HDFCLIFE,Life Insurance,pat_cagr_5yr,4.324832308677151,63.64,2023.0
HDFCLIFE,Life Insurance,pat_cagr_5yr,10.535934188119933,40.91,2020.0
SBILIFE,Life Insurance,pat_cagr_5yr,11.522831061243789,31.82,2021.0
SBILIFE,Life Insurance,pat_cagr_5yr,12.790223745197359,13.64,2018.0
SBILIFE,Life Insurance,pat_cagr_5yr,12.75814138877427,18.18,2019.0
SBILIFE,Life Insurance,pat_cagr_5yr,9.537877158191499,45.45,2022.0
SBILIFE,Life Insurance,pat_cagr_5yr,7.374662152227485,59.09,2024.0
SBILIFE,Life Insurance,pat_cagr_5yr,11.775957166118744,27.27,2020.0
SBILIFE,Life Insurance,pat_cagr_5yr,,,2015.0
SBILIFE,Life Insurance,pat_cagr_5yr,,,2013.0
SBILIFE,Life Insurance,pat_cagr_5yr,8.396836061922741,50.0,2023.0
SBILIFE,Life Insurance,pat_cagr_5yr,,,2016.0
SBILIFE,Life Insurance,pat_cagr_5yr,,,2017.0
SBILIFE,Life Insurance,pat_cagr_5yr,,,2014.0
ICICIPRULI,Life Insurance,pat_cagr_5yr,-10.340814423614653,90.91,2021.0
ICICIPRULI,Life Insurance,pat_cagr_5yr,,,2017.0
ICICIPRULI,Life Insurance,pat_cagr_5yr,,,2014.0
ICICIPRULI,Life Insurance,pat_cagr_5yr,,,2015.0
ICICIPRULI,Life Insurance,pat_cagr_5yr,-5.6631941891523425,77.27,2024.0
ICICIPRULI,Life Insurance,pat_cagr_5yr,,,2016.0
ICICIPRULI,Life Insurance,pat_cagr_5yr,,,2013.0
ICICIPRULI,Life Insurance,pat_cagr_5yr,-6.108956847763958,81.82,2019.0
ICICIPRULI,Life Insurance,pat_cagr_5yr,1.336719990135049,72.73,2018.0
ICICIPRULI,Life Insurance,pat_cagr_5yr,-14.712937419779582,100.0,2022.0
ICICIPRULI,Life Insurance,pat_cagr_5yr,-12.869794292890713,95.45,2023.0
ICICIPRULI,Life Insurance,pat_cagr_5yr,-8.237737238066,86.36,2020.0
LICI,Life Insurance,eps_cagr_5yr,,,2021.0
LICI,Life Insurance,eps_cagr_5yr,,,2024.0
LICI,Life Insurance,eps_cagr_5yr,,,2022.0
LICI,Life Insurance,eps_cagr_5yr,,,2023.0
LICI,Life Insurance,eps_cagr_5yr,,,2020.0
LICI,Life Insurance,eps_cagr_5yr,,,2019.0
HDFCLIFE,Life Insurance,eps_cagr_5yr,11.842691472014465,26.19,2021.0
HDFCLIFE,Life Insurance,eps_cagr_5yr,24.57309396155174,4.76,2018.0
HDFCLIFE,Life Insurance,eps_cagr_5yr,8.447177119769854,40.48,2022.0
HDFCLIFE,Life Insurance,eps_cagr_5yr,8.447177119769854,40.48,2019.0
HDFCLIFE,Life Insurance,eps_cagr_5yr,3.131030647754507,61.9,2024.0
HDFCLIFE,Life Insurance,eps_cagr_5yr,,,2015.0
HDFCLIFE,Life Insurance,eps_cagr_5yr,,,2013.0
HDFCLIFE,Life Insurance,eps_cagr_5yr,,,2017.0
HDFCLIFE,Life Insurance,eps_cagr_5yr,,,2016.0
HDFCLIFE,Life Insurance,eps_cagr_5yr,,,2014.0
HDFCLIFE,Life Insurance,eps_cagr_5yr,0.0,69.05,2023.0
HDFCLIFE,Life Insurance,eps_cagr_5yr,8.447177119769854,40.48,2020.0
SBILIFE,Life Insurance,eps_cagr_5yr,13.396657763302722,14.29,2021.0
SBILIFE,Life Insurance,eps_cagr_5yr,14.869835499703509,9.52,2018.0
SBILIFE,Life Insurance,eps_cagr_5yr,13.179836563100178,19.05,2019.0
SBILIFE,Life Insurance,eps_cagr_5yr,8.447177119769854,40.48,2022.0
SBILIFE,Life Insurance,eps_cagr_5yr,7.8852443962371455,52.38,2024.0
SBILIFE,Life Insurance,eps_cagr_5yr,11.842691472014465,26.19,2020.0
SBILIFE,Life Insurance,eps_cagr_5yr,,,2015.0
SBILIFE,Life Insurance,eps_cagr_5yr,,,2013.0
SBILIFE,Life Insurance,eps_cagr_5yr,7.214502590085092,57.14,2023.0
SBILIFE,Life Insurance,eps_cagr_5yr,,,2016.0
SBILIFE,Life Insurance,eps_cagr_5yr,,,2017.0
SBILIFE,Life Insurance,eps_cagr_5yr,,,2014.0
ICICIPRULI,Life Insurance,eps_cagr_5yr,-10.219223176287473,90.48,2021.0
ICICIPRULI,Life Insurance,eps_cagr_5yr,,,2017.0
ICICIPRULI,Life Insurance,eps_cagr_5yr,,,2014.0
ICICIPRULI,Life Insurance,eps_cagr_5yr,,,2015.0
ICICIPRULI,Life Insurance,eps_cagr_5yr,-5.591248870509801,76.19,2024.0
ICICIPRULI,Life Insurance,eps_cagr_5yr,,,2016.0
ICICIPRULI,Life Insurance,eps_cagr_5yr,,,2013.0
ICICIPRULI,Life Insurance,eps_cagr_5yr,-6.170487402194635,80.95,2019.0
ICICIPRULI,Life Insurance,eps_cagr_5yr,0.0,69.05,2018.0
ICICIPRULI,Life Insurance,eps_cagr_5yr,-16.062167251461247,100.0,2022.0
ICICIPRULI,Life Insurance,eps_cagr_5yr,-11.416728965524282,95.24,2023.0
ICICIPRULI,Life Insurance,eps_cagr_5yr,-8.643159600651407,85.71,2020.0
LICI,Life Insurance,interest_coverage,,,2021.0
LICI,Life Insurance,interest_coverage,371.94,11.76,2024.0
LICI,Life Insurance,interest_coverage,,,2022.0
LICI,Life Insurance,interest_coverage,545.55,5.88,2023.0
LICI,Life Insurance,interest_coverage,,,2020.0
LICI,Life Insurance,interest_coverage,,,2019.0
HDFCLIFE,Life Insurance,interest_coverage,157.97,64.71,2021.0
HDFCLIFE,Life Insurance,interest_coverage,110.6,67.65,2018.0
HDFCLIFE,Life Insurance,interest_coverage,86.62,70.59,2022.0
HDFCLIFE,Life Insurance,interest_coverage,276.79,23.53,2019.0
HDFCLIFE,Life Insurance,interest_coverage,192.29,50.0,2024.0
HDFCLIFE,Life Insurance,interest_coverage,333.47,14.71,2015.0
HDFCLIFE,Life Insurance,interest_coverage,483.54,8.82,2013.0
HDFCLIFE,Life Insurance,interest_coverage,213.5,41.18,2017.0
HDFCLIFE,Life Insurance,interest_coverage,159.19,58.82,2016.0
HDFCLIFE,Life Insurance,interest_coverage,68.73,76.47,2014.0
HDFCLIFE,Life Insurance,interest_coverage,48.8,85.29,2023.0
HDFCLIFE,Life Insurance,interest_coverage,76.54,73.53,2020.0
SBILIFE,Life Insurance,interest_coverage,,,2021.0
SBILIFE,Life Insurance,interest_coverage,248.0,26.47,2018.0
SBILIFE,Life Insurance,interest_coverage,217.5,38.24,2019.0
SBILIFE,Life Insurance,interest_coverage,,,2022.0
SBILIFE,Life Insurance,interest_coverage,240.33,35.29,2024.0
SBILIFE,Life Insurance,interest_coverage,,,2020.0
SBILIFE,Life Insurance,interest_coverage,244.25,29.41,2015.0
SBILIFE,Life Insurance,interest_coverage,179.75,52.94,2013.0
SBILIFE,Life Insurance,interest_coverage,198.4,47.06,2023.0
SBILIFE,Life Insurance,interest_coverage,209.8,44.12,2016.0
SBILIFE,Life Insurance,interest_coverage,241.4,32.35,2017.0
SBILIFE,Life Insurance,interest_coverage,171.0,55.88,2014.0
ICICIPRULI,Life Insurance,interest_coverage,50.07,82.35,2021.0
ICICIPRULI,Life Insurance,interest_coverage,277.04,20.59,2017.0
ICICIPRULI,Life Insurance,interest_coverage,158.07,61.76,2014.0
ICICIPRULI,Life Insurance,interest_coverage,762.86,2.94,2015.0
ICICIPRULI,Life Insurance,interest_coverage,31.02,88.24,2024.0
ICICIPRULI,Life Insurance,interest_coverage,,,2016.0
ICICIPRULI,Life Insurance,interest_coverage,21.43,91.18,2013.0
ICICIPRULI,Life Insurance,interest_coverage,50.34,79.41,2019.0
ICICIPRULI,Life Insurance,interest_coverage,280.81,17.65,2018.0
ICICIPRULI,Life Insurance,interest_coverage,20.6,94.12,2022.0
ICICIPRULI,Life Insurance,interest_coverage,17.86,97.06,2023.0
ICICIPRULI,Life Insurance,interest_coverage,13.52,100.0,2020.0
LICI,Life Insurance,asset_turnover,0.18,86.9,2021.0
LICI,Life Insurance,asset_turnover,0.16,97.62,2024.0
LICI,Life Insurance,asset_turnover,0.17,92.86,2022.0
LICI,Life Insurance,asset_turnover,0.17,92.86,2023.0
LICI,Life Insurance,asset_turnover,0.18,86.9,2020.0
LICI,Life Insurance,asset_turnover,0.17,92.86,2019.0
HDFCLIFE,Life Insurance,asset_turnover,0.4,2.38,2021.0
HDFCLIFE,Life Insurance,asset_turnover,0.29,44.05,2018.0
HDFCLIFE,Life Insurance,asset_turnover,0.29,44.05,2022.0
HDFCLIFE,Life Insurance,asset_turnover,0.3,34.52,2019.0
HDFCLIFE,Life Insurance,asset_turnover,0.34,14.29,2024.0
HDFCLIFE,Life Insurance,asset_turnover,0.39,4.76,2015.0
HDFCLIFE,Life Insurance,asset_turnover,0.34,14.29,2013.0
HDFCLIFE,Life Insurance,asset_turnover,0.32,25.0,2017.0
HDFCLIFE,Life Insurance,asset_turnover,0.24,73.81,2016.0
HDFCLIFE,Life Insurance,asset_turnover,0.33,20.24,2014.0
HDFCLIFE,Life Insurance,asset_turnover,0.28,51.19,2023.0
HDFCLIFE,Life Insurance,asset_turnover,0.22,78.57,2020.0
SBILIFE,Life Insurance,asset_turnover,0.36,9.52,2021.0
SBILIFE,Life Insurance,asset_turnover,0.28,51.19,2018.0
SBILIFE,Life Insurance,asset_turnover,0.3,34.52,2019.0
SBILIFE,Life Insurance,asset_turnover,0.3,34.52,2022.0
SBILIFE,Life Insurance,asset_turnover,0.33,20.24,2024.0
SBILIFE,Life Insurance,asset_turnover,0.26,66.67,2020.0
SBILIFE,Life Insurance,asset_turnover,0.32,25.0,2015.0
SBILIFE,Life Insurance,asset_turnover,0.28,51.19,2013.0
SBILIFE,Life Insurance,asset_turnover,0.26,66.67,2023.0
SBILIFE,Life Insurance,asset_turnover,0.23,76.19,2016.0
SBILIFE,Life Insurance,asset_turnover,0.3,34.52,2017.0
SBILIFE,Life Insurance,asset_turnover,0.28,51.19,2014.0
ICICIPRULI,Life Insurance,asset_turnover,0.38,7.14,2021.0
ICICIPRULI,Life Insurance,asset_turnover,0.3,34.52,2017.0
ICICIPRULI,Life Insurance,asset_turnover,0.27,59.52,2014.0
ICICIPRULI,Life Insurance,asset_turnover,0.34,14.29,2015.0
ICICIPRULI,Life Insurance,asset_turnover,0.3,34.52,2024.0
ICICIPRULI,Life Insurance,asset_turnover,0.2,82.14,2016.0
ICICIPRULI,Life Insurance,asset_turnover,0.27,59.52,2013.0
ICICIPRULI,Life Insurance,asset_turnover,0.25,71.43,2019.0
ICICIPRULI,Life Insurance,asset_turnover,0.27,59.52,2018.0
ICICIPRULI,Life Insurance,asset_turnover,0.26,66.67,2022.0
ICICIPRULI,Life Insurance,asset_turnover,0.2,82.14,2023.0
ICICIPRULI,Life Insurance,asset_turnover,0.13,100.0,2020.0
RELIANCE,Oil & Gas,return_on_equity_pct,9.96,73.33,2024.0
RELIANCE,Oil & Gas,return_on_equity_pct,10.35,66.67,2023.0
RELIANCE,Oil & Gas,return_on_equity_pct,8.88,80.0,2020.0
RELIANCE,Oil & Gas,return_on_equity_pct,8.7,81.67,2022.0
RELIANCE,Oil & Gas,return_on_equity_pct,11.47,60.0,2013.0
RELIANCE,Oil & Gas,return_on_equity_pct,12.9,46.67,2016.0
RELIANCE,Oil & Gas,return_on_equity_pct,12.29,51.67,2018.0
RELIANCE,Oil & Gas,return_on_equity_pct,11.31,63.33,2017.0
RELIANCE,Oil & Gas,return_on_equity_pct,10.82,65.0,2015.0
RELIANCE,Oil & Gas,return_on_equity_pct,11.35,61.67,2014.0
RELIANCE,Oil & Gas,return_on_equity_pct,10.29,68.33,2019.0
RELIANCE,Oil & Gas,return_on_equity_pct,7.68,88.33,2021.0
ONGC,Oil & Gas,return_on_equity_pct,16.94,30.0,2024.0
ONGC,Oil & Gas,return_on_equity_pct,19.0,28.33,2022.0
ONGC,Oil & Gas,return_on_equity_pct,15.64,33.33,2019.0
ONGC,Oil & Gas,return_on_equity_pct,6.62,91.67,2016.0
ONGC,Oil & Gas,return_on_equity_pct,9.67,76.67,2021.0
ONGC,Oil & Gas,return_on_equity_pct,9.81,75.0,2015.0
ONGC,Oil & Gas,return_on_equity_pct,5.59,95.0,2020.0
ONGC,Oil & Gas,return_on_equity_pct,15.73,31.67,2013.0
ONGC,Oil & Gas,return_on_equity_pct,11.68,53.33,2023.0
ONGC,Oil & Gas,return_on_equity_pct,15.01,40.0,2017.0
ONGC,Oil & Gas,return_on_equity_pct,15.49,35.0,2014.0
ONGC,Oil & Gas,return_on_equity_pct,12.78,50.0,2018.0
BPCL,Oil & Gas,return_on_equity_pct,35.51,1.67,2024.0
BPCL,Oil & Gas,return_on_equity_pct,32.34,3.33,2021.0
BPCL,Oil & Gas,return_on_equity_pct,26.74,8.33,2018.0
BPCL,Oil & Gas,return_on_equity_pct,22.51,13.33,2022.0
BPCL,Oil & Gas,return_on_equity_pct,22.52,11.67,2015.0
BPCL,Oil & Gas,return_on_equity_pct,29.1,6.67,2016.0
BPCL,Oil & Gas,return_on_equity_pct,20.85,16.67,2014.0
BPCL,Oil & Gas,return_on_equity_pct,11.54,56.67,2013.0
BPCL,Oil & Gas,return_on_equity_pct,22.0,15.0,2019.0
BPCL,Oil & Gas,return_on_equity_pct,30.85,5.0,2017.0
BPCL,Oil & Gas,return_on_equity_pct,3.98,98.33,2023.0
BPCL,Oil & Gas,return_on_equity_pct,10.04,71.67,2020.0
IOC,Oil & Gas,return_on_equity_pct,23.53,10.0,2024.0
IOC,Oil & Gas,return_on_equity_pct,7.08,90.0,2015.0
IOC,Oil & Gas,return_on_equity_pct,19.46,21.67,2021.0
IOC,Oil & Gas,return_on_equity_pct,19.87,20.0,2018.0
IOC,Oil & Gas,return_on_equity_pct,19.97,18.33,2017.0
IOC,Oil & Gas,return_on_equity_pct,13.8,45.0,2016.0
IOC,Oil & Gas,return_on_equity_pct,10.26,70.0,2014.0
IOC,Oil & Gas,return_on_equity_pct,19.27,25.0,2022.0
IOC,Oil & Gas,return_on_equity_pct,5.75,93.33,2013.0
IOC,Oil & Gas,return_on_equity_pct,8.38,86.67,2023.0
IOC,Oil & Gas,return_on_equity_pct,15.36,36.67,2019.0
IOC,Oil & Gas,return_on_equity_pct,-1.97,100.0,2020.0
GAIL,Oil & Gas,return_on_equity_pct,19.19,26.67,2022.0
GAIL,Oil & Gas,return_on_equity_pct,11.55,55.0,2021.0
GAIL,Oil & Gas,return_on_equity_pct,8.58,85.0,2017.0
GAIL,Oil & Gas,return_on_equity_pct,12.86,48.33,2024.0
GAIL,Oil & Gas,return_on_equity_pct,19.31,23.33,2020.0
GAIL,Oil & Gas,return_on_equity_pct,14.75,41.67,2014.0
GAIL,Oil & Gas,return_on_equity_pct,15.17,38.33,2013.0
GAIL,Oil & Gas,return_on_equity_pct,5.15,96.67,2016.0
GAIL,Oil & Gas,return_on_equity_pct,9.29,78.33,2015.0
GAIL,Oil & Gas,return_on_equity_pct,11.53,58.33,2018.0
GAIL,Oil & Gas,return_on_equity_pct,14.24,43.33,2019.0
GAIL,Oil & Gas,return_on_equity_pct,8.62,83.33,2023.0
RELIANCE,Oil & Gas,net_profit_margin_pct,8.79,28.33,2024.0
RELIANCE,Oil & Gas,net_profit_margin_pct,8.45,33.33,2023.0
RELIANCE,Oil & Gas,net_profit_margin_pct,6.68,48.33,2020.0
RELIANCE,Oil & Gas,net_profit_margin_pct,9.77,21.67,2022.0
RELIANCE,Oil & Gas,net_profit_margin_pct,5.27,60.0,2013.0
RELIANCE,Oil & Gas,net_profit_margin_pct,10.95,11.67,2016.0
RELIANCE,Oil & Gas,net_profit_margin_pct,9.23,25.0,2018.0
RELIANCE,Oil & Gas,net_profit_margin_pct,9.81,20.0,2017.0
RELIANCE,Oil & Gas,net_profit_margin_pct,6.31,50.0,2015.0
RELIANCE,Oil & Gas,net_profit_margin_pct,5.2,63.33,2014.0
RELIANCE,Oil & Gas,net_profit_margin_pct,7.01,45.0,2019.0
RELIANCE,Oil & Gas,net_profit_margin_pct,11.52,8.33,2021.0
ONGC,Oil & Gas,net_profit_margin_pct,9.66,23.33,2024.0
ONGC,Oil & Gas,net_profit_margin_pct,10.03,18.33,2022.0
ONGC,Oil & Gas,net_profit_margin_pct,8.05,36.67,2019.0
ONGC,Oil & Gas,net_profit_margin_pct,10.56,15.0,2016.0
ONGC,Oil & Gas,net_profit_margin_pct,7.03,43.33,2021.0
ONGC,Oil & Gas,net_profit_margin_pct,11.0,10.0,2015.0
ONGC,Oil & Gas,net_profit_margin_pct,2.89,81.67,2020.0
ONGC,Oil & Gas,net_profit_margin_pct,14.81,3.33,2013.0
ONGC,Oil & Gas,net_profit_margin_pct,5.18,65.0,2023.0
ONGC,Oil & Gas,net_profit_margin_pct,10.33,16.67,2017.0
ONGC,Oil & Gas,net_profit_margin_pct,15.31,1.67,2014.0
ONGC,Oil & Gas,net_profit_margin_pct,8.08,35.0,2018.0
BPCL,Oil & Gas,net_profit_margin_pct,5.99,51.67,2024.0
BPCL,Oil & Gas,net_profit_margin_pct,7.52,40.0,2021.0
BPCL,Oil & Gas,net_profit_margin_pct,4.15,71.67,2018.0
BPCL,Oil & Gas,net_profit_margin_pct,3.37,78.33,2022.0
BPCL,Oil & Gas,net_profit_margin_pct,2.09,85.0,2015.0
BPCL,Oil & Gas,net_profit_margin_pct,4.31,70.0,2016.0
BPCL,Oil & Gas,net_profit_margin_pct,1.53,86.67,2014.0
BPCL,Oil & Gas,net_profit_margin_pct,0.8,95.0,2013.0
BPCL,Oil & Gas,net_profit_margin_pct,2.86,83.33,2019.0
BPCL,Oil & Gas,net_profit_margin_pct,4.72,66.67,2017.0
BPCL,Oil & Gas,net_profit_margin_pct,0.45,98.33,2023.0
BPCL,Oil & Gas,net_profit_margin_pct,1.29,91.67,2020.0
IOC,Oil & Gas,net_profit_margin_pct,5.56,56.67,2024.0
IOC,Oil & Gas,net_profit_margin_pct,1.08,93.33,2015.0
IOC,Oil & Gas,net_profit_margin_pct,5.98,53.33,2021.0
IOC,Oil & Gas,net_profit_margin_pct,5.37,58.33,2018.0
IOC,Oil & Gas,net_profit_margin_pct,5.74,55.0,2017.0
IOC,Oil & Gas,net_profit_margin_pct,3.59,76.67,2016.0
IOC,Oil & Gas,net_profit_margin_pct,1.43,88.33,2014.0
IOC,Oil & Gas,net_profit_margin_pct,4.37,68.33,2022.0
IOC,Oil & Gas,net_profit_margin_pct,0.79,96.67,2013.0
IOC,Oil & Gas,net_profit_margin_pct,1.39,90.0,2023.0
IOC,Oil & Gas,net_profit_margin_pct,3.27,80.0,2019.0
IOC,Oil & Gas,net_profit_margin_pct,-0.39,100.0,2020.0
GAIL,Oil & Gas,net_profit_margin_pct,13.26,5.0,2022.0
GAIL,Oil & Gas,net_profit_margin_pct,10.71,13.33,2021.0
GAIL,Oil & Gas,net_profit_margin_pct,6.95,46.67,2017.0
GAIL,Oil & Gas,net_profit_margin_pct,7.43,41.67,2024.0
GAIL,Oil & Gas,net_profit_margin_pct,13.12,6.67,2020.0
GAIL,Oil & Gas,net_profit_margin_pct,7.75,38.33,2014.0
GAIL,Oil & Gas,net_profit_margin_pct,8.57,31.67,2013.0
GAIL,Oil & Gas,net_profit_margin_pct,3.6,75.0,2016.0
GAIL,Oil & Gas,net_profit_margin_pct,5.22,61.67,2015.0
GAIL,Oil & Gas,net_profit_margin_pct,8.82,26.67,2018.0
GAIL,Oil & Gas,net_profit_margin_pct,8.6,30.0,2019.0
GAIL,Oil & Gas,net_profit_margin_pct,3.84,73.33,2023.0
RELIANCE,Oil & Gas,operating_profit_margin_pct,18.07,10.0,2024.0
RELIANCE,Oil & Gas,operating_profit_margin_pct,16.24,25.0,2023.0
RELIANCE,Oil & Gas,operating_profit_margin_pct,14.96,31.67,2020.0
RELIANCE,Oil & Gas,operating_profit_margin_pct,15.63,26.67,2022.0
RELIANCE,Oil & Gas,operating_profit_margin_pct,8.37,66.67,2013.0
RELIANCE,Oil & Gas,operating_profit_margin_pct,15.33,28.33,2016.0
RELIANCE,Oil & Gas,operating_profit_margin_pct,16.46,18.33,2018.0
RELIANCE,Oil & Gas,operating_profit_margin_pct,15.23,30.0,2017.0
RELIANCE,Oil & Gas,operating_profit_margin_pct,10.0,53.33,2015.0
RELIANCE,Oil & Gas,operating_profit_margin_pct,8.06,70.0,2014.0
RELIANCE,Oil & Gas,operating_profit_margin_pct,14.82,33.33,2019.0
RELIANCE,Oil & Gas,operating_profit_margin_pct,17.33,16.67,2021.0
ONGC,Oil & Gas,operating_profit_margin_pct,17.39,15.0,2024.0
ONGC,Oil & Gas,operating_profit_margin_pct,16.26,23.33,2022.0
ONGC,Oil & Gas,operating_profit_margin_pct,17.75,11.67,2019.0
ONGC,Oil & Gas,operating_profit_margin_pct,31.55,1.67,2016.0
ONGC,Oil & Gas,operating_profit_margin_pct,16.28,21.67,2021.0
ONGC,Oil & Gas,operating_profit_margin_pct,26.29,6.67,2015.0
ONGC,Oil & Gas,operating_profit_margin_pct,13.13,38.33,2020.0
ONGC,Oil & Gas,operating_profit_margin_pct,26.86,5.0,2013.0
ONGC,Oil & Gas,operating_profit_margin_pct,11.94,48.33,2023.0
ONGC,Oil & Gas,operating_profit_margin_pct,18.69,8.33,2017.0
ONGC,Oil & Gas,operating_profit_margin_pct,28.22,3.33,2014.0
ONGC,Oil & Gas,operating_profit_margin_pct,17.63,13.33,2018.0
BPCL,Oil & Gas,operating_profit_margin_pct,9.84,56.67,2024.0
BPCL,Oil & Gas,operating_profit_margin_pct,9.12,63.33,2021.0
BPCL,Oil & Gas,operating_profit_margin_pct,6.49,76.67,2018.0
BPCL,Oil & Gas,operating_profit_margin_pct,5.52,80.0,2022.0
BPCL,Oil & Gas,operating_profit_margin_pct,4.03,85.0,2015.0
BPCL,Oil & Gas,operating_profit_margin_pct,6.91,71.67,2016.0
BPCL,Oil & Gas,operating_profit_margin_pct,3.56,88.33,2014.0
BPCL,Oil & Gas,operating_profit_margin_pct,2.77,96.67,2013.0
BPCL,Oil & Gas,operating_profit_margin_pct,5.07,83.33,2019.0
BPCL,Oil & Gas,operating_profit_margin_pct,6.85,73.33,2017.0
BPCL,Oil & Gas,operating_profit_margin_pct,2.3,100.0,2023.0
BPCL,Oil & Gas,operating_profit_margin_pct,3.15,93.33,2020.0
IOC,Oil & Gas,operating_profit_margin_pct,9.74,58.33,2024.0
IOC,Oil & Gas,operating_profit_margin_pct,2.35,98.33,2015.0
IOC,Oil & Gas,operating_profit_margin_pct,10.97,50.0,2021.0
IOC,Oil & Gas,operating_profit_margin_pct,9.88,55.0,2018.0
IOC,Oil & Gas,operating_profit_margin_pct,9.61,60.0,2017.0
IOC,Oil & Gas,operating_profit_margin_pct,6.37,78.33,2016.0
IOC,Oil & Gas,operating_profit_margin_pct,3.53,90.0,2014.0
IOC,Oil & Gas,operating_profit_margin_pct,8.1,68.33,2022.0
IOC,Oil & Gas,operating_profit_margin_pct,3.0,95.0,2013.0
IOC,Oil & Gas,operating_profit_margin_pct,3.65,86.67,2023.0
IOC,Oil & Gas,operating_profit_margin_pct,6.68,75.0,2019.0
IOC,Oil & Gas,operating_profit_margin_pct,3.32,91.67,2020.0
GAIL,Oil & Gas,operating_profit_margin_pct,16.34,20.0,2022.0
GAIL,Oil & Gas,operating_profit_margin_pct,12.63,43.33,2021.0
GAIL,Oil & Gas,operating_profit_margin_pct,12.4,46.67,2017.0
GAIL,Oil & Gas,operating_profit_margin_pct,10.74,51.67,2024.0
GAIL,Oil & Gas,operating_profit_margin_pct,12.44,45.0,2020.0
GAIL,Oil & Gas,operating_profit_margin_pct,12.93,41.67,2014.0
GAIL,Oil & Gas,operating_profit_margin_pct,14.57,35.0,2013.0
GAIL,Oil & Gas,operating_profit_margin_pct,8.71,65.0,2016.0
GAIL,Oil & Gas,operating_profit_margin_pct,9.3,61.67,2015.0
GAIL,Oil & Gas,operating_profit_margin_pct,14.32,36.67,2018.0
GAIL,Oil & Gas,operating_profit_margin_pct,13.04,40.0,2019.0
GAIL,Oil & Gas,operating_profit_margin_pct,5.15,81.67,2023.0
RELIANCE,Oil & Gas,debt_to_equity,0.58,42.5,2024.0
RELIANCE,Oil & Gas,debt_to_equity,0.63,50.83,2023.0
RELIANCE,Oil & Gas,debt_to_equity,0.79,62.5,2020.0
RELIANCE,Oil & Gas,debt_to_equity,0.41,25.83,2022.0
RELIANCE,Oil & Gas,debt_to_equity,0.59,45.0,2013.0
RELIANCE,Oil & Gas,debt_to_equity,0.84,69.17,2016.0
RELIANCE,Oil & Gas,debt_to_equity,0.82,65.83,2018.0
RELIANCE,Oil & Gas,debt_to_equity,0.82,65.83,2017.0
RELIANCE,Oil & Gas,debt_to_equity,0.77,60.0,2015.0
RELIANCE,Oil & Gas,debt_to_equity,0.7,55.0,2014.0
RELIANCE,Oil & Gas,debt_to_equity,0.79,62.5,2019.0
RELIANCE,Oil & Gas,debt_to_equity,0.4,23.33,2021.0
ONGC,Oil & Gas,debt_to_equity,0.45,28.33,2024.0
ONGC,Oil & Gas,debt_to_equity,0.47,30.0,2022.0
ONGC,Oil & Gas,debt_to_equity,0.5,31.67,2019.0
ONGC,Oil & Gas,debt_to_equity,0.23,13.33,2016.0
ONGC,Oil & Gas,debt_to_equity,0.6,46.67,2021.0
ONGC,Oil & Gas,debt_to_equity,0.3,21.67,2015.0
ONGC,Oil & Gas,debt_to_equity,0.63,50.83,2020.0
ONGC,Oil & Gas,debt_to_equity,0.14,6.67,2013.0
ONGC,Oil & Gas,debt_to_equity,0.51,33.33,2023.0
ONGC,Oil & Gas,debt_to_equity,0.41,25.83,2017.0
ONGC,Oil & Gas,debt_to_equity,0.29,20.0,2014.0
ONGC,Oil & Gas,debt_to_equity,0.52,35.0,2018.0
BPCL,Oil & Gas,debt_to_equity,0.72,57.5,2024.0
BPCL,Oil & Gas,debt_to_equity,1.02,76.67,2021.0
BPCL,Oil & Gas,debt_to_equity,1.03,78.33,2018.0
BPCL,Oil & Gas,debt_to_equity,1.24,88.33,2022.0
BPCL,Oil & Gas,debt_to_equity,1.13,83.33,2015.0
BPCL,Oil & Gas,debt_to_equity,0.84,69.17,2016.0
BPCL,Oil & Gas,debt_to_equity,1.71,96.67,2014.0
BPCL,Oil & Gas,debt_to_equity,1.98,100.0,2013.0
BPCL,Oil & Gas,debt_to_equity,1.16,85.83,2019.0
BPCL,Oil & Gas,debt_to_equity,1.16,85.83,2017.0
BPCL,Oil & Gas,debt_to_equity,1.3,90.0,2023.0
BPCL,Oil & Gas,debt_to_equity,1.79,98.33,2020.0
IOC,Oil & Gas,debt_to_equity,0.72,57.5,2024.0
IOC,Oil & Gas,debt_to_equity,0.94,73.33,2015.0
IOC,Oil & Gas,debt_to_equity,1.04,80.0,2021.0
IOC,Oil & Gas,debt_to_equity,0.58,42.5,2018.0
IOC,Oil & Gas,debt_to_equity,0.62,48.33,2017.0
IOC,Oil & Gas,debt_to_equity,0.65,53.33,2016.0
IOC,Oil & Gas,debt_to_equity,1.4,93.33,2014.0
IOC,Oil & Gas,debt_to_equity,0.99,75.0,2022.0
IOC,Oil & Gas,debt_to_equity,1.42,95.0,2013.0
IOC,Oil & Gas,debt_to_equity,1.07,81.67,2023.0
IOC,Oil & Gas,debt_to_equity,0.86,71.67,2019.0
IOC,Oil & Gas,debt_to_equity,1.36,91.67,2020.0
GAIL,Oil & Gas,debt_to_equity,0.14,6.67,2022.0
GAIL,Oil & Gas,debt_to_equity,0.15,10.0,2021.0
GAIL,Oil & Gas,debt_to_equity,0.17,11.67,2017.0
GAIL,Oil & Gas,debt_to_equity,0.28,18.33,2024.0
GAIL,Oil & Gas,debt_to_equity,0.14,6.67,2020.0
GAIL,Oil & Gas,debt_to_equity,0.57,39.17,2014.0
GAIL,Oil & Gas,debt_to_equity,0.57,39.17,2013.0
GAIL,Oil & Gas,debt_to_equity,0.25,15.0,2016.0
GAIL,Oil & Gas,debt_to_equity,0.54,36.67,2015.0
GAIL,Oil & Gas,debt_to_equity,0.09,3.33,2018.0
GAIL,Oil & Gas,debt_to_equity,0.05,1.67,2019.0
GAIL,Oil & Gas,debt_to_equity,0.27,16.67,2023.0
RELIANCE,Oil & Gas,free_cash_flow,45207.0,1.67,2024.0
RELIANCE,Oil & Gas,free_cash_flow,22031.0,16.67,2023.0
RELIANCE,Oil & Gas,free_cash_flow,22380.0,15.0,2020.0
RELIANCE,Oil & Gas,free_cash_flow,1492.0,68.33,2022.0
RELIANCE,Oil & Gas,free_cash_flow,9317.0,31.67,2013.0
RELIANCE,Oil & Gas,free_cash_flow,1948.0,63.33,2016.0
RELIANCE,Oil & Gas,free_cash_flow,3267.0,53.33,2018.0
RELIANCE,Oil & Gas,free_cash_flow,-16651.0,91.67,2017.0
RELIANCE,Oil & Gas,free_cash_flow,-30332.0,96.67,2015.0
RELIANCE,Oil & Gas,free_cash_flow,-29809.0,95.0,2014.0
RELIANCE,Oil & Gas,free_cash_flow,-52161.0,98.33,2019.0
RELIANCE,Oil & Gas,free_cash_flow,-115427.0,100.0,2021.0
ONGC,Oil & Gas,free_cash_flow,42060.0,3.33,2024.0
ONGC,Oil & Gas,free_cash_flow,37051.0,6.67,2022.0
ONGC,Oil & Gas,free_cash_flow,24326.0,13.33,2019.0
ONGC,Oil & Gas,free_cash_flow,8036.0,35.0,2016.0
ONGC,Oil & Gas,free_cash_flow,8044.0,33.33,2021.0
ONGC,Oil & Gas,free_cash_flow,3892.0,51.67,2015.0
ONGC,Oil & Gas,free_cash_flow,17434.0,20.0,2020.0
ONGC,Oil & Gas,free_cash_flow,-1346.0,78.33,2013.0
ONGC,Oil & Gas,free_cash_flow,11372.0,26.67,2023.0
ONGC,Oil & Gas,free_cash_flow,1965.0,61.67,2017.0
ONGC,Oil & Gas,free_cash_flow,-10363.0,90.0,2014.0
ONGC,Oil & Gas,free_cash_flow,-10006.0,88.33,2018.0
BPCL,Oil & Gas,free_cash_flow,25415.0,11.67,2024.0
BPCL,Oil & Gas,free_cash_flow,20981.0,18.33,2021.0
BPCL,Oil & Gas,free_cash_flow,4002.0,48.33,2018.0
BPCL,Oil & Gas,free_cash_flow,12198.0,21.67,2022.0
BPCL,Oil & Gas,free_cash_flow,10206.0,30.0,2015.0
BPCL,Oil & Gas,free_cash_flow,1886.0,65.0,2016.0
BPCL,Oil & Gas,free_cash_flow,2707.0,56.67,2014.0
BPCL,Oil & Gas,free_cash_flow,2322.0,58.33,2013.0
BPCL,Oil & Gas,free_cash_flow,-294.0,76.67,2019.0
BPCL,Oil & Gas,free_cash_flow,-6233.0,85.0,2017.0
BPCL,Oil & Gas,free_cash_flow,4660.0,41.67,2023.0
BPCL,Oil & Gas,free_cash_flow,-3254.0,81.67,2020.0
IOC,Oil & Gas,free_cash_flow,39635.0,5.0,2024.0
IOC,Oil & Gas,free_cash_flow,35877.0,8.33,2015.0
IOC,Oil & Gas,free_cash_flow,26715.0,10.0,2021.0
IOC,Oil & Gas,free_cash_flow,11996.0,25.0,2018.0
IOC,Oil & Gas,free_cash_flow,10532.0,28.33,2017.0
IOC,Oil & Gas,free_cash_flow,12014.0,23.33,2016.0
IOC,Oil & Gas,free_cash_flow,5601.0,40.0,2014.0
IOC,Oil & Gas,free_cash_flow,4453.0,43.33,2022.0
IOC,Oil & Gas,free_cash_flow,46.0,74.17,2013.0
IOC,Oil & Gas,free_cash_flow,1614.0,66.67,2023.0
IOC,Oil & Gas,free_cash_flow,-9822.0,86.67,2019.0
IOC,Oil & Gas,free_cash_flow,-21955.0,93.33,2020.0
GAIL,Oil & Gas,free_cash_flow,3930.0,50.0,2022.0
GAIL,Oil & Gas,free_cash_flow,4353.0,46.67,2021.0
GAIL,Oil & Gas,free_cash_flow,5690.0,38.33,2017.0
GAIL,Oil & Gas,free_cash_flow,4360.0,45.0,2024.0
GAIL,Oil & Gas,free_cash_flow,46.0,74.17,2020.0
GAIL,Oil & Gas,free_cash_flow,149.0,71.67,2014.0
GAIL,Oil & Gas,free_cash_flow,-2023.0,80.0,2013.0
GAIL,Oil & Gas,free_cash_flow,3056.0,55.0,2016.0
GAIL,Oil & Gas,free_cash_flow,1405.0,70.0,2015.0
GAIL,Oil & Gas,free_cash_flow,6109.0,36.67,2018.0
GAIL,Oil & Gas,free_cash_flow,2283.0,60.0,2019.0
GAIL,Oil & Gas,free_cash_flow,-4248.0,83.33,2023.0
RELIANCE,Oil & Gas,revenue_cagr_5yr,9.606097094616972,51.43,2024.0
RELIANCE,Oil & Gas,revenue_cagr_5yr,17.52873305061582,17.14,2023.0
RELIANCE,Oil & Gas,revenue_cagr_5yr,9.770964142825743,48.57,2020.0
RELIANCE,Oil & Gas,revenue_cagr_5yr,17.976229281293964,14.29,2022.0
RELIANCE,Oil & Gas,revenue_cagr_5yr,,,2013.0
RELIANCE,Oil & Gas,revenue_cagr_5yr,,,2016.0
RELIANCE,Oil & Gas,revenue_cagr_5yr,-0.26067659554612765,94.29,2018.0
RELIANCE,Oil & Gas,revenue_cagr_5yr,,,2017.0
RELIANCE,Oil & Gas,revenue_cagr_5yr,,,2015.0
RELIANCE,Oil & Gas,revenue_cagr_5yr,,,2014.0
RELIANCE,Oil & Gas,revenue_cagr_5yr,5.564807025835683,62.86,2019.0
RELIANCE,Oil & Gas,revenue_cagr_5yr,11.335748602866925,42.86,2021.0
ONGC,Oil & Gas,revenue_cagr_5yr,7.001683761214439,60.0,2024.0
ONGC,Oil & Gas,revenue_cagr_5yr,11.700282175161902,37.14,2022.0
ONGC,Oil & Gas,revenue_cagr_5yr,19.34791444347761,11.43,2019.0
ONGC,Oil & Gas,revenue_cagr_5yr,,,2016.0
ONGC,Oil & Gas,revenue_cagr_5yr,19.625016807385354,8.57,2021.0
ONGC,Oil & Gas,revenue_cagr_5yr,,,2015.0
ONGC,Oil & Gas,revenue_cagr_5yr,19.777417891578963,5.71,2020.0
ONGC,Oil & Gas,revenue_cagr_5yr,,,2013.0
ONGC,Oil & Gas,revenue_cagr_5yr,14.39893778765693,28.57,2023.0
ONGC,Oil & Gas,revenue_cagr_5yr,,,2017.0
ONGC,Oil & Gas,revenue_cagr_5yr,,,2014.0
ONGC,Oil & Gas,revenue_cagr_5yr,14.780201866571652,25.71,2018.0
BPCL,Oil & Gas,revenue_cagr_5yr,8.483226324685255,54.29,2024.0
BPCL,Oil & Gas,revenue_cagr_5yr,4.151149125733,68.57,2021.0
BPCL,Oil & Gas,revenue_cagr_5yr,-0.5245909845212227,97.14,2018.0
BPCL,Oil & Gas,revenue_cagr_5yr,11.497711669326293,40.0,2022.0
BPCL,Oil & Gas,revenue_cagr_5yr,,,2015.0
BPCL,Oil & Gas,revenue_cagr_5yr,,,2016.0
BPCL,Oil & Gas,revenue_cagr_5yr,,,2014.0
BPCL,Oil & Gas,revenue_cagr_5yr,,,2013.0
BPCL,Oil & Gas,revenue_cagr_5yr,2.4353632952422766,77.14,2019.0
BPCL,Oil & Gas,revenue_cagr_5yr,,,2017.0
BPCL,Oil & Gas,revenue_cagr_5yr,14.93778243741344,20.0,2023.0
BPCL,Oil & Gas,revenue_cagr_5yr,3.2430889943381613,74.29,2020.0
IOC,Oil & Gas,revenue_cagr_5yr,8.008755667240486,57.14,2024.0
IOC,Oil & Gas,revenue_cagr_5yr,,,2015.0
IOC,Oil & Gas,revenue_cagr_5yr,1.014060519872384,91.43,2021.0
IOC,Oil & Gas,revenue_cagr_5yr,-1.8091898452746502,100.0,2018.0
IOC,Oil & Gas,revenue_cagr_5yr,,,2017.0
IOC,Oil & Gas,revenue_cagr_5yr,,,2016.0
IOC,Oil & Gas,revenue_cagr_5yr,,,2014.0
IOC,Oil & Gas,revenue_cagr_5yr,10.645060661942974,45.71,2022.0
IOC,Oil & Gas,revenue_cagr_5yr,,,2013.0
IOC,Oil & Gas,revenue_cagr_5yr,14.836349116918468,22.86,2023.0
IOC,Oil & Gas,revenue_cagr_5yr,1.5798163670665666,82.86,2019.0
IOC,Oil & Gas,revenue_cagr_5yr,1.4797147807903865,85.71,2020.0
GAIL,Oil & Gas,revenue_cagr_5yr,13.825636214501213,31.43,2022.0
GAIL,Oil & Gas,revenue_cagr_5yr,1.964934607077251,80.0,2021.0
GAIL,Oil & Gas,revenue_cagr_5yr,,,2017.0
GAIL,Oil & Gas,revenue_cagr_5yr,11.825154521824267,34.29,2024.0
GAIL,Oil & Gas,revenue_cagr_5yr,3.6707625976484692,71.43,2020.0
GAIL,Oil & Gas,revenue_cagr_5yr,,,2014.0
GAIL,Oil & Gas,revenue_cagr_5yr,,,2013.0
GAIL,Oil & Gas,revenue_cagr_5yr,,,2016.0
GAIL,Oil & Gas,revenue_cagr_5yr,,,2015.0
GAIL,Oil & Gas,revenue_cagr_5yr,1.3451995923340787,88.57,2018.0
GAIL,Oil & Gas,revenue_cagr_5yr,4.287223602942447,65.71,2019.0
GAIL,Oil & Gas,revenue_cagr_5yr,21.730640254162935,2.86,2023.0
RELIANCE,Oil & Gas,pat_cagr_5yr,14.680632603495592,38.24,2024.0
RELIANCE,Oil & Gas,pat_cagr_5yr,15.477206264039168,35.29,2023.0
RELIANCE,Oil & Gas,pat_cagr_5yr,11.025192664189355,55.88,2020.0
RELIANCE,Oil & Gas,pat_cagr_5yr,17.859388570391822,26.47,2022.0
RELIANCE,Oil & Gas,pat_cagr_5yr,,,2013.0
RELIANCE,Oil & Gas,pat_cagr_5yr,,,2016.0
RELIANCE,Oil & Gas,pat_cagr_5yr,11.55325602881736,50.0,2018.0
RELIANCE,Oil & Gas,pat_cagr_5yr,,,2017.0
RELIANCE,Oil & Gas,pat_cagr_5yr,,,2015.0
RELIANCE,Oil & Gas,pat_cagr_5yr,,,2014.0
RELIANCE,Oil & Gas,pat_cagr_5yr,12.056155908410538,44.12,2019.0
RELIANCE,Oil & Gas,pat_cagr_5yr,12.470091024108365,41.18,2021.0
ONGC,Oil & Gas,pat_cagr_5yr,10.96639922553624,58.82,2024.0
ONGC,Oil & Gas,pat_cagr_5yr,11.064305194750812,52.94,2022.0
ONGC,Oil & Gas,pat_cagr_5yr,4.9419020577952555,70.59,2019.0
ONGC,Oil & Gas,pat_cagr_5yr,,,2016.0
ONGC,Oil & Gas,pat_cagr_5yr,10.268820886323393,61.76,2021.0
ONGC,Oil & Gas,pat_cagr_5yr,,,2015.0
ONGC,Oil & Gas,pat_cagr_5yr,-8.336333013158049,94.12,2020.0
ONGC,Oil & Gas,pat_cagr_5yr,,,2013.0
ONGC,Oil & Gas,pat_cagr_5yr,4.687528684693643,76.47,2023.0
ONGC,Oil & Gas,pat_cagr_5yr,,,2017.0
ONGC,Oil & Gas,pat_cagr_5yr,,,2014.0
ONGC,Oil & Gas,pat_cagr_5yr,1.6719168611926793,88.24,2018.0
BPCL,Oil & Gas,pat_cagr_5yr,25.790698729746552,14.71,2024.0
BPCL,Oil & Gas,pat_cagr_5yr,16.447618328103108,29.41,2021.0
BPCL,Oil & Gas,pat_cagr_5yr,38.29077496476137,5.88,2018.0
BPCL,Oil & Gas,pat_cagr_5yr,4.206483725471477,79.41,2022.0
BPCL,Oil & Gas,pat_cagr_5yr,,,2015.0
BPCL,Oil & Gas,pat_cagr_5yr,,,2016.0
BPCL,Oil & Gas,pat_cagr_5yr,,,2014.0
BPCL,Oil & Gas,pat_cagr_5yr,,,2013.0
BPCL,Oil & Gas,pat_cagr_5yr,16.041709361898416,32.35,2019.0
BPCL,Oil & Gas,pat_cagr_5yr,,,2017.0
BPCL,Oil & Gas,pat_cagr_5yr,-26.28728474954628,100.0,2023.0
BPCL,Oil & Gas,pat_cagr_5yr,-6.3233050093329135,91.18,2020.0
IOC,Oil & Gas,pat_cagr_5yr,20.099089966731643,20.59,2024.0
IOC,Oil & Gas,pat_cagr_5yr,,,2015.0
IOC,Oil & Gas,pat_cagr_5yr,11.883079142570097,47.06,2021.0
IOC,Oil & Gas,pat_cagr_5yr,44.215535009291294,2.94,2018.0
IOC,Oil & Gas,pat_cagr_5yr,,,2017.0
IOC,Oil & Gas,pat_cagr_5yr,,,2016.0
IOC,Oil & Gas,pat_cagr_5yr,,,2014.0
IOC,Oil & Gas,pat_cagr_5yr,4.7648718629675235,73.53,2022.0
IOC,Oil & Gas,pat_cagr_5yr,,,2013.0
IOC,Oil & Gas,pat_cagr_5yr,-12.351334911293721,97.06,2023.0
IOC,Oil & Gas,pat_cagr_5yr,19.913870464536586,23.53,2019.0
IOC,Oil & Gas,pat_cagr_5yr,,,2020.0
GAIL,Oil & Gas,pat_cagr_5yr,29.532947770267405,8.82,2022.0
GAIL,Oil & Gas,pat_cagr_5yr,26.800856113134365,11.76,2021.0
GAIL,Oil & Gas,pat_cagr_5yr,,,2017.0
GAIL,Oil & Gas,pat_cagr_5yr,8.608876760374562,64.71,2024.0
GAIL,Oil & Gas,pat_cagr_5yr,24.664942771902922,17.65,2020.0
GAIL,Oil & Gas,pat_cagr_5yr,,,2014.0
GAIL,Oil & Gas,pat_cagr_5yr,,,2013.0
GAIL,Oil & Gas,pat_cagr_5yr,,,2016.0
GAIL,Oil & Gas,pat_cagr_5yr,,,2015.0
GAIL,Oil & Gas,pat_cagr_5yr,1.9300037093893607,85.29,2018.0
GAIL,Oil & Gas,pat_cagr_5yr,6.486240551392464,67.65,2019.0
GAIL,Oil & Gas,pat_cagr_5yr,3.0948242873626075,82.35,2023.0
RELIANCE,Oil & Gas,eps_cagr_5yr,11.952664832522043,52.94,2024.0
RELIANCE,Oil & Gas,eps_cagr_5yr,12.659148174514279,41.18,2023.0
RELIANCE,Oil & Gas,eps_cagr_5yr,11.273004664881793,55.88,2020.0
RELIANCE,Oil & Gas,eps_cagr_5yr,15.387288143462307,26.47,2022.0
RELIANCE,Oil & Gas,eps_cagr_5yr,,,2013.0
RELIANCE,Oil & Gas,eps_cagr_5yr,,,2016.0
RELIANCE,Oil & Gas,eps_cagr_5yr,12.474611314209483,47.06,2018.0
RELIANCE,Oil & Gas,eps_cagr_5yr,,,2017.0
RELIANCE,Oil & Gas,eps_cagr_5yr,,,2015.0
RELIANCE,Oil & Gas,eps_cagr_5yr,,,2014.0
RELIANCE,Oil & Gas,eps_cagr_5yr,12.630393921616268,44.12,2019.0
RELIANCE,Oil & Gas,eps_cagr_5yr,12.13169452916456,50.0,2021.0
ONGC,Oil & Gas,eps_cagr_5yr,10.197228772148016,61.76,2024.0
ONGC,Oil & Gas,eps_cagr_5yr,13.634388693076627,35.29,2022.0
ONGC,Oil & Gas,eps_cagr_5yr,2.7066087089351765,85.29,2019.0
ONGC,Oil & Gas,eps_cagr_5yr,,,2016.0
ONGC,Oil & Gas,eps_cagr_5yr,5.387395206178347,73.53,2021.0
ONGC,Oil & Gas,eps_cagr_5yr,,,2015.0
ONGC,Oil & Gas,eps_cagr_5yr,-8.457473433049822,91.18,2020.0
ONGC,Oil & Gas,eps_cagr_5yr,,,2013.0
ONGC,Oil & Gas,eps_cagr_5yr,10.494795379650323,58.82,2023.0
ONGC,Oil & Gas,eps_cagr_5yr,,,2017.0
ONGC,Oil & Gas,eps_cagr_5yr,,,2014.0
ONGC,Oil & Gas,eps_cagr_5yr,-2.199952867696764,88.24,2018.0
BPCL,Oil & Gas,eps_cagr_5yr,28.063048802615654,11.76,2024.0
BPCL,Oil & Gas,eps_cagr_5yr,14.258791065592158,32.35,2021.0
BPCL,Oil & Gas,eps_cagr_5yr,39.32590113656098,2.94,2018.0
BPCL,Oil & Gas,eps_cagr_5yr,6.185875879493463,70.59,2022.0
BPCL,Oil & Gas,eps_cagr_5yr,,,2015.0
BPCL,Oil & Gas,eps_cagr_5yr,,,2016.0
BPCL,Oil & Gas,eps_cagr_5yr,,,2014.0
BPCL,Oil & Gas,eps_cagr_5yr,,,2013.0
BPCL,Oil & Gas,eps_cagr_5yr,14.869835499703509,29.41,2019.0
BPCL,Oil & Gas,eps_cagr_5yr,,,2017.0
BPCL,Oil & Gas,eps_cagr_5yr,-24.950095849989562,100.0,2023.0
BPCL,Oil & Gas,eps_cagr_5yr,-8.643159600651407,94.12,2020.0
IOC,Oil & Gas,eps_cagr_5yr,20.11244339814313,20.59,2024.0
IOC,Oil & Gas,eps_cagr_5yr,,,2015.0
IOC,Oil & Gas,eps_cagr_5yr,13.396657763302722,38.24,2021.0
IOC,Oil & Gas,eps_cagr_5yr,37.97296614612149,5.88,2018.0
IOC,Oil & Gas,eps_cagr_5yr,,,2017.0
IOC,Oil & Gas,eps_cagr_5yr,,,2016.0
IOC,Oil & Gas,eps_cagr_5yr,,,2014.0
IOC,Oil & Gas,eps_cagr_5yr,5.154749679728043,77.94,2022.0
IOC,Oil & Gas,eps_cagr_5yr,,,2013.0
IOC,Oil & Gas,eps_cagr_5yr,-14.137929651551106,97.06,2023.0
IOC,Oil & Gas,eps_cagr_5yr,19.13578981670916,23.53,2019.0
IOC,Oil & Gas,eps_cagr_5yr,,,2020.0
GAIL,Oil & Gas,eps_cagr_5yr,29.19940099556333,8.82,2022.0
GAIL,Oil & Gas,eps_cagr_5yr,24.57309396155174,14.71,2021.0
GAIL,Oil & Gas,eps_cagr_5yr,,,2017.0
GAIL,Oil & Gas,eps_cagr_5yr,8.447177119769854,64.71,2024.0
GAIL,Oil & Gas,eps_cagr_5yr,22.865967908314722,17.65,2020.0
GAIL,Oil & Gas,eps_cagr_5yr,,,2014.0
GAIL,Oil & Gas,eps_cagr_5yr,,,2013.0
GAIL,Oil & Gas,eps_cagr_5yr,,,2016.0
GAIL,Oil & Gas,eps_cagr_5yr,,,2015.0
GAIL,Oil & Gas,eps_cagr_5yr,3.131030647754507,82.35,2018.0
GAIL,Oil & Gas,eps_cagr_5yr,7.394092378577932,67.65,2019.0
GAIL,Oil & Gas,eps_cagr_5yr,5.154749679728043,77.94,2023.0
RELIANCE,Oil & Gas,interest_coverage,7.73,76.67,2024.0
RELIANCE,Oil & Gas,interest_coverage,7.89,73.33,2023.0
RELIANCE,Oil & Gas,interest_coverage,4.44,88.33,2020.0
RELIANCE,Oil & Gas,interest_coverage,8.79,70.0,2022.0
RELIANCE,Oil & Gas,interest_coverage,11.81,46.67,2013.0
RELIANCE,Oil & Gas,interest_coverage,14.63,31.67,2016.0
RELIANCE,Oil & Gas,interest_coverage,9.21,68.33,2018.0
RELIANCE,Oil & Gas,interest_coverage,14.43,35.0,2017.0
RELIANCE,Oil & Gas,interest_coverage,13.87,38.33,2015.0
RELIANCE,Oil & Gas,interest_coverage,11.42,48.33,2014.0
RELIANCE,Oil & Gas,interest_coverage,5.62,81.67,2019.0
RELIANCE,Oil & Gas,interest_coverage,4.87,85.0,2021.0
ONGC,Oil & Gas,interest_coverage,11.36,50.83,2024.0
ONGC,Oil & Gas,interest_coverage,15.22,28.33,2022.0
ONGC,Oil & Gas,interest_coverage,14.46,33.33,2019.0
ONGC,Oil & Gas,interest_coverage,10.67,53.33,2016.0
ONGC,Oil & Gas,interest_coverage,11.96,43.33,2021.0
ONGC,Oil & Gas,interest_coverage,16.85,23.33,2015.0
ONGC,Oil & Gas,interest_coverage,7.09,78.33,2020.0
ONGC,Oil & Gas,interest_coverage,101.22,1.67,2013.0
ONGC,Oil & Gas,interest_coverage,9.57,63.33,2023.0
ONGC,Oil & Gas,interest_coverage,18.25,21.67,2017.0
ONGC,Oil & Gas,interest_coverage,90.22,3.33,2014.0
ONGC,Oil & Gas,interest_coverage,13.47,41.67,2018.0
BPCL,Oil & Gas,interest_coverage,11.36,50.83,2024.0
BPCL,Oil & Gas,interest_coverage,16.54,25.0,2021.0
BPCL,Oil & Gas,interest_coverage,15.38,26.67,2018.0
BPCL,Oil & Gas,interest_coverage,9.24,66.67,2022.0
BPCL,Oil & Gas,interest_coverage,10.08,61.67,2015.0
BPCL,Oil & Gas,interest_coverage,21.89,18.33,2016.0
BPCL,Oil & Gas,interest_coverage,5.43,83.33,2014.0
BPCL,Oil & Gas,interest_coverage,3.26,96.67,2013.0
BPCL,Oil & Gas,interest_coverage,10.25,58.33,2019.0
BPCL,Oil & Gas,interest_coverage,23.71,15.0,2017.0
BPCL,Oil & Gas,interest_coverage,3.45,95.0,2023.0
BPCL,Oil & Gas,interest_coverage,3.93,90.0,2020.0
IOC,Oil & Gas,interest_coverage,10.28,56.67,2024.0
IOC,Oil & Gas,interest_coverage,3.91,91.67,2015.0
IOC,Oil & Gas,interest_coverage,15.21,30.0,2021.0
IOC,Oil & Gas,interest_coverage,11.87,45.0,2018.0
IOC,Oil & Gas,interest_coverage,10.29,55.0,2017.0
IOC,Oil & Gas,interest_coverage,7.82,75.0,2016.0
IOC,Oil & Gas,interest_coverage,3.75,93.33,2014.0
IOC,Oil & Gas,interest_coverage,9.55,65.0,2022.0
IOC,Oil & Gas,interest_coverage,2.42,98.33,2013.0
IOC,Oil & Gas,interest_coverage,4.72,86.67,2023.0
IOC,Oil & Gas,interest_coverage,7.99,71.67,2019.0
IOC,Oil & Gas,interest_coverage,1.53,100.0,2020.0
GAIL,Oil & Gas,interest_coverage,89.53,5.0,2022.0
GAIL,Oil & Gas,interest_coverage,56.3,8.33,2021.0
GAIL,Oil & Gas,interest_coverage,14.21,36.67,2017.0
GAIL,Oil & Gas,interest_coverage,23.62,16.67,2024.0
GAIL,Oil & Gas,interest_coverage,41.48,10.0,2020.0
GAIL,Oil & Gas,interest_coverage,13.8,40.0,2014.0
GAIL,Oil & Gas,interest_coverage,19.03,20.0,2013.0
GAIL,Oil & Gas,interest_coverage,6.41,80.0,2016.0
GAIL,Oil & Gas,interest_coverage,10.09,60.0,2015.0
GAIL,Oil & Gas,interest_coverage,29.66,11.67,2018.0
GAIL,Oil & Gas,interest_coverage,73.31,6.67,2019.0
GAIL,Oil & Gas,interest_coverage,28.28,13.33,2023.0
RELIANCE,Oil & Gas,asset_turnover,0.51,87.5,2024.0
RELIANCE,Oil & Gas,asset_turnover,0.55,83.33,2023.0
RELIANCE,Oil & Gas,asset_turnover,0.51,87.5,2020.0
RELIANCE,Oil & Gas,asset_turnover,0.46,94.17,2022.0
RELIANCE,Oil & Gas,asset_turnover,1.09,43.33,2013.0
RELIANCE,Oil & Gas,asset_turnover,0.46,94.17,2016.0
RELIANCE,Oil & Gas,asset_turnover,0.48,90.83,2018.0
RELIANCE,Oil & Gas,asset_turnover,0.43,96.67,2017.0
RELIANCE,Oil & Gas,asset_turnover,0.74,71.67,2015.0
RELIANCE,Oil & Gas,asset_turnover,1.01,50.0,2014.0
RELIANCE,Oil & Gas,asset_turnover,0.57,80.0,2019.0
RELIANCE,Oil & Gas,asset_turnover,0.35,100.0,2021.0
ONGC,Oil & Gas,asset_turnover,0.83,67.5,2024.0
ONGC,Oil & Gas,asset_turnover,0.84,65.0,2022.0
ONGC,Oil & Gas,asset_turnover,0.86,61.67,2019.0
ONGC,Oil & Gas,asset_turnover,0.36,98.33,2016.0
ONGC,Oil & Gas,asset_turnover,0.56,81.67,2021.0
ONGC,Oil & Gas,asset_turnover,0.48,90.83,2015.0
ONGC,Oil & Gas,asset_turnover,0.78,70.0,2020.0
ONGC,Oil & Gas,asset_turnover,0.64,77.5,2013.0
ONGC,Oil & Gas,asset_turnover,1.03,46.67,2023.0
ONGC,Oil & Gas,asset_turnover,0.64,77.5,2017.0
ONGC,Oil & Gas,asset_turnover,0.54,85.0,2014.0
ONGC,Oil & Gas,asset_turnover,0.7,75.0,2018.0
BPCL,Oil & Gas,asset_turnover,2.21,8.33,2024.0
BPCL,Oil & Gas,asset_turnover,1.43,34.17,2021.0
BPCL,Oil & Gas,asset_turnover,1.96,13.33,2018.0
BPCL,Oil & Gas,asset_turnover,1.85,21.67,2022.0
BPCL,Oil & Gas,asset_turnover,2.81,5.0,2015.0
BPCL,Oil & Gas,asset_turnover,2.17,11.67,2016.0
BPCL,Oil & Gas,asset_turnover,2.99,3.33,2014.0
BPCL,Oil & Gas,asset_turnover,3.04,1.67,2013.0
BPCL,Oil & Gas,asset_turnover,2.18,10.0,2019.0
BPCL,Oil & Gas,asset_turnover,1.84,24.17,2017.0
BPCL,Oil & Gas,asset_turnover,2.52,6.67,2023.0
BPCL,Oil & Gas,asset_turnover,1.89,20.0,2020.0
IOC,Oil & Gas,asset_turnover,1.61,26.67,2024.0
IOC,Oil & Gas,asset_turnover,1.92,15.0,2015.0
IOC,Oil & Gas,asset_turnover,1.02,48.33,2021.0
IOC,Oil & Gas,asset_turnover,1.42,36.67,2018.0
IOC,Oil & Gas,asset_turnover,1.3,40.0,2017.0
IOC,Oil & Gas,asset_turnover,1.49,30.0,2016.0
IOC,Oil & Gas,asset_turnover,1.84,24.17,2014.0
IOC,Oil & Gas,asset_turnover,1.43,34.17,2022.0
IOC,Oil & Gas,asset_turnover,1.91,16.67,2013.0
IOC,Oil & Gas,asset_turnover,1.9,18.33,2023.0
IOC,Oil & Gas,asset_turnover,1.57,28.33,2019.0
IOC,Oil & Gas,asset_turnover,1.47,31.67,2020.0
GAIL,Oil & Gas,asset_turnover,0.96,53.33,2022.0
GAIL,Oil & Gas,asset_turnover,0.71,73.33,2021.0
GAIL,Oil & Gas,asset_turnover,0.83,67.5,2017.0
GAIL,Oil & Gas,asset_turnover,1.07,45.0,2024.0
GAIL,Oil & Gas,asset_turnover,0.97,51.67,2020.0
GAIL,Oil & Gas,asset_turnover,0.92,55.0,2014.0
GAIL,Oil & Gas,asset_turnover,0.85,63.33,2013.0
GAIL,Oil & Gas,asset_turnover,0.88,58.33,2016.0
GAIL,Oil & Gas,asset_turnover,0.87,60.0,2015.0
GAIL,Oil & Gas,asset_turnover,0.89,56.67,2018.0
GAIL,Oil & Gas,asset_turnover,1.11,41.67,2019.0
GAIL,Oil & Gas,asset_turnover,1.35,38.33,2023.0
NTPC,Power & Utilities,return_on_equity_pct,11.65,43.75,2023.0
NTPC,Power & Utilities,return_on_equity_pct,12.53,37.5,2022.0
NTPC,Power & Utilities,return_on_equity_pct,11.9,41.25,2021.0
NTPC,Power & Utilities,return_on_equity_pct,13.27,27.5,2024.0
NTPC,Power & Utilities,return_on_equity_pct,11.77,42.5,2016.0
NTPC,Power & Utilities,return_on_equity_pct,13.06,33.75,2014.0
NTPC,Power & Utilities,return_on_equity_pct,15.49,17.5,2013.0
NTPC,Power & Utilities,return_on_equity_pct,10.95,47.5,2017.0
NTPC,Power & Utilities,return_on_equity_pct,12.17,38.75,2015.0
NTPC,Power & Utilities,return_on_equity_pct,10.02,55.0,2020.0
NTPC,Power & Utilities,return_on_equity_pct,10.14,53.75,2018.0
NTPC,Power & Utilities,return_on_equity_pct,12.6,36.25,2019.0
POWERGRID,Power & Utilities,return_on_equity_pct,18.57,7.5,2023.0
POWERGRID,Power & Utilities,return_on_equity_pct,22.07,5.0,2022.0
POWERGRID,Power & Utilities,return_on_equity_pct,17.09,12.5,2020.0
POWERGRID,Power & Utilities,return_on_equity_pct,17.21,11.25,2021.0
POWERGRID,Power & Utilities,return_on_equity_pct,17.87,10.0,2024.0
POWERGRID,Power & Utilities,return_on_equity_pct,16.98,13.75,2019.0
POWERGRID,Power & Utilities,return_on_equity_pct,15.07,18.75,2018.0
POWERGRID,Power & Utilities,return_on_equity_pct,14.94,21.25,2017.0
POWERGRID,Power & Utilities,return_on_equity_pct,13.55,25.0,2016.0
POWERGRID,Power & Utilities,return_on_equity_pct,13.13,31.25,2015.0
POWERGRID,Power & Utilities,return_on_equity_pct,16.34,15.0,2013.0
POWERGRID,Power & Utilities,return_on_equity_pct,13.11,32.5,2014.0
TATAPOWER,Power & Utilities,return_on_equity_pct,14.24,23.75,2019.0
TATAPOWER,Power & Utilities,return_on_equity_pct,15.92,16.25,2018.0
TATAPOWER,Power & Utilities,return_on_equity_pct,6.73,75.0,2020.0
TATAPOWER,Power & Utilities,return_on_equity_pct,13.23,29.38,2024.0
TATAPOWER,Power & Utilities,return_on_equity_pct,6.45,76.25,2021.0
TATAPOWER,Power & Utilities,return_on_equity_pct,0.1,86.25,2014.0
TATAPOWER,Power & Utilities,return_on_equity_pct,3.19,82.5,2015.0
TATAPOWER,Power & Utilities,return_on_equity_pct,8.32,66.25,2017.0
TATAPOWER,Power & Utilities,return_on_equity_pct,9.61,60.0,2022.0
TATAPOWER,Power & Utilities,return_on_equity_pct,13.23,29.38,2023.0
TATAPOWER,Power & Utilities,return_on_equity_pct,1.0,83.75,2013.0
TATAPOWER,Power & Utilities,return_on_equity_pct,6.76,73.75,2016.0
ADANIPOWER,Power & Utilities,return_on_equity_pct,48.28,1.25,2024.0
ADANIPOWER,Power & Utilities,return_on_equity_pct,35.91,2.5,2023.0
ADANIPOWER,Power & Utilities,return_on_equity_pct,26.61,3.75,2022.0
ADANIPOWER,Power & Utilities,return_on_equity_pct,7.38,72.5,2016.0
ADANIPOWER,Power & Utilities,return_on_equity_pct,9.69,57.5,2021.0
ADANIPOWER,Power & Utilities,return_on_equity_pct,-4.45,90.0,2014.0
ADANIPOWER,Power & Utilities,return_on_equity_pct,-14.25,93.75,2015.0
ADANIPOWER,Power & Utilities,return_on_equity_pct,-12.76,92.5,2019.0
ADANIPOWER,Power & Utilities,return_on_equity_pct,-35.1,96.25,2020.0
ADANIPOWER,Power & Utilities,return_on_equity_pct,-205.8,98.75,2017.0
ADANIPOWER,Power & Utilities,return_on_equity_pct,-236.56,100.0,2018.0
ADANIPOWER,Power & Utilities,return_on_equity_pct,-53.46,97.5,2013.0
NHPC,Power & Utilities,return_on_equity_pct,9.64,58.75,2013.0
NHPC,Power & Utilities,return_on_equity_pct,9.1,65.0,2015.0
NHPC,Power & Utilities,return_on_equity_pct,11.99,40.0,2017.0
NHPC,Power & Utilities,return_on_equity_pct,7.47,71.25,2016.0
NHPC,Power & Utilities,return_on_equity_pct,5.78,80.0,2014.0
NHPC,Power & Utilities,return_on_equity_pct,11.53,46.25,2023.0
NHPC,Power & Utilities,return_on_equity_pct,9.21,63.75,2019.0
NHPC,Power & Utilities,return_on_equity_pct,10.89,48.75,2021.0
NHPC,Power & Utilities,return_on_equity_pct,9.27,62.5,2018.0
NHPC,Power & Utilities,return_on_equity_pct,10.66,51.25,2020.0
NHPC,Power & Utilities,return_on_equity_pct,10.41,52.5,2024.0
NHPC,Power & Utilities,return_on_equity_pct,10.81,50.0,2022.0
JSWENERGY,Power & Utilities,return_on_equity_pct,7.94,70.0,2023.0
JSWENERGY,Power & Utilities,return_on_equity_pct,8.28,67.5,2024.0
JSWENERGY,Power & Utilities,return_on_equity_pct,10.01,56.25,2022.0
JSWENERGY,Power & Utilities,return_on_equity_pct,6.01,77.5,2017.0
JSWENERGY,Power & Utilities,return_on_equity_pct,18.06,8.75,2015.0
JSWENERGY,Power & Utilities,return_on_equity_pct,15.05,20.0,2016.0
JSWENERGY,Power & Utilities,return_on_equity_pct,11.57,45.0,2014.0
JSWENERGY,Power & Utilities,return_on_equity_pct,14.52,22.5,2013.0
JSWENERGY,Power & Utilities,return_on_equity_pct,9.28,61.25,2020.0
JSWENERGY,Power & Utilities,return_on_equity_pct,5.79,78.75,2019.0
JSWENERGY,Power & Utilities,return_on_equity_pct,5.67,81.25,2021.0
JSWENERGY,Power & Utilities,return_on_equity_pct,0.77,85.0,2018.0
ADANIGREEN,Power & Utilities,return_on_equity_pct,13.32,26.25,2023.0
ADANIGREEN,Power & Utilities,return_on_equity_pct,18.71,6.25,2022.0
ADANIGREEN,Power & Utilities,return_on_equity_pct,12.81,35.0,2024.0
ADANIGREEN,Power & Utilities,return_on_equity_pct,-3.91,88.75,2017.0
ADANIGREEN,Power & Utilities,return_on_equity_pct,-24.57,95.0,2019.0
ADANIGREEN,Power & Utilities,return_on_equity_pct,8.27,68.75,2021.0
ADANIGREEN,Power & Utilities,return_on_equity_pct,-2.89,87.5,2020.0
ADANIGREEN,Power & Utilities,return_on_equity_pct,-10.29,91.25,2018.0
NTPC,Power & Utilities,net_profit_margin_pct,9.72,62.5,2023.0
NTPC,Power & Utilities,net_profit_margin_pct,12.78,51.25,2022.0
NTPC,Power & Utilities,net_profit_margin_pct,13.42,47.5,2021.0
NTPC,Power & Utilities,net_profit_margin_pct,11.95,55.0,2024.0
NTPC,Power & Utilities,net_profit_margin_pct,14.69,40.0,2016.0
NTPC,Power & Utilities,net_profit_margin_pct,14.56,41.25,2014.0
NTPC,Power & Utilities,net_profit_margin_pct,17.6,36.25,2013.0
NTPC,Power & Utilities,net_profit_margin_pct,13.06,50.0,2017.0
NTPC,Power & Utilities,net_profit_margin_pct,12.5,53.75,2015.0
NTPC,Power & Utilities,net_profit_margin_pct,10.87,58.75,2020.0
NTPC,Power & Utilities,net_profit_margin_pct,11.92,56.25,2018.0
NTPC,Power & Utilities,net_profit_margin_pct,13.99,45.0,2019.0
POWERGRID,Power & Utilities,net_profit_margin_pct,33.81,15.0,2023.0
POWERGRID,Power & Utilities,net_profit_margin_pct,40.42,6.25,2022.0
POWERGRID,Power & Utilities,net_profit_margin_pct,29.3,21.25,2020.0
POWERGRID,Power & Utilities,net_profit_margin_pct,30.36,20.0,2021.0
POWERGRID,Power & Utilities,net_profit_margin_pct,33.97,13.75,2024.0
POWERGRID,Power & Utilities,net_profit_margin_pct,28.62,27.5,2019.0
POWERGRID,Power & Utilities,net_profit_margin_pct,27.39,31.25,2018.0
POWERGRID,Power & Utilities,net_profit_margin_pct,29.0,23.75,2017.0
POWERGRID,Power & Utilities,net_profit_margin_pct,28.85,25.0,2016.0
POWERGRID,Power & Utilities,net_profit_margin_pct,28.77,26.25,2015.0
POWERGRID,Power & Utilities,net_profit_margin_pct,32.97,17.5,2013.0
POWERGRID,Power & Utilities,net_profit_margin_pct,29.24,22.5,2014.0
TATAPOWER,Power & Utilities,net_profit_margin_pct,8.72,66.25,2019.0
TATAPOWER,Power & Utilities,net_profit_margin_pct,9.73,61.25,2018.0
TATAPOWER,Power & Utilities,net_profit_margin_pct,4.52,76.25,2020.0
TATAPOWER,Power & Utilities,net_profit_margin_pct,6.97,70.0,2024.0
TATAPOWER,Power & Utilities,net_profit_margin_pct,4.4,77.5,2021.0
TATAPOWER,Power & Utilities,net_profit_margin_pct,0.03,86.25,2014.0
TATAPOWER,Power & Utilities,net_profit_margin_pct,1.36,82.5,2015.0
TATAPOWER,Power & Utilities,net_profit_margin_pct,3.99,78.75,2017.0
TATAPOWER,Power & Utilities,net_profit_margin_pct,5.04,73.75,2022.0
TATAPOWER,Power & Utilities,net_profit_margin_pct,6.91,71.25,2023.0
TATAPOWER,Power & Utilities,net_profit_margin_pct,0.37,85.0,2013.0
TATAPOWER,Power & Utilities,net_profit_margin_pct,2.66,80.0,2016.0
ADANIPOWER,Power & Utilities,net_profit_margin_pct,41.37,3.75,2024.0
ADANIPOWER,Power & Utilities,net_profit_margin_pct,27.67,30.0,2023.0
ADANIPOWER,Power & Utilities,net_profit_margin_pct,17.73,35.0,2022.0
ADANIPOWER,Power & Utilities,net_profit_margin_pct,2.17,81.25,2016.0
ADANIPOWER,Power & Utilities,net_profit_margin_pct,4.84,75.0,2021.0
ADANIPOWER,Power & Utilities,net_profit_margin_pct,-1.9,87.5,2014.0
ADANIPOWER,Power & Utilities,net_profit_margin_pct,-4.37,91.25,2015.0
ADANIPOWER,Power & Utilities,net_profit_margin_pct,-4.12,90.0,2019.0
ADANIPOWER,Power & Utilities,net_profit_margin_pct,-8.6,92.5,2020.0
ADANIPOWER,Power & Utilities,net_profit_margin_pct,-27.3,98.75,2017.0
ADANIPOWER,Power & Utilities,net_profit_margin_pct,-10.36,96.25,2018.0
ADANIPOWER,Power & Utilities,net_profit_margin_pct,-34.29,100.0,2013.0
NHPC,Power & Utilities,net_profit_margin_pct,45.02,1.25,2013.0
NHPC,Power & Utilities,net_profit_margin_pct,34.03,12.5,2015.0
NHPC,Power & Utilities,net_profit_margin_pct,40.36,7.5,2017.0
NHPC,Power & Utilities,net_profit_margin_pct,28.31,28.75,2016.0
NHPC,Power & Utilities,net_profit_margin_pct,22.1,32.5,2014.0
NHPC,Power & Utilities,net_profit_margin_pct,40.17,8.75,2023.0
NHPC,Power & Utilities,net_profit_margin_pct,31.57,18.75,2019.0
NHPC,Power & Utilities,net_profit_margin_pct,37.31,10.0,2021.0
NHPC,Power & Utilities,net_profit_margin_pct,35.91,11.25,2018.0
NHPC,Power & Utilities,net_profit_margin_pct,33.42,16.25,2020.0
NHPC,Power & Utilities,net_profit_margin_pct,41.82,2.5,2024.0
NHPC,Power & Utilities,net_profit_margin_pct,41.27,5.0,2022.0
JSWENERGY,Power & Utilities,net_profit_margin_pct,14.32,43.75,2023.0
JSWENERGY,Power & Utilities,net_profit_margin_pct,15.02,37.5,2024.0
JSWENERGY,Power & Utilities,net_profit_margin_pct,21.34,33.75,2022.0
JSWENERGY,Power & Utilities,net_profit_margin_pct,7.54,67.5,2017.0
JSWENERGY,Power & Utilities,net_profit_margin_pct,14.53,42.5,2015.0
JSWENERGY,Power & Utilities,net_profit_margin_pct,14.86,38.75,2016.0
JSWENERGY,Power & Utilities,net_profit_margin_pct,8.79,65.0,2014.0
JSWENERGY,Power & Utilities,net_profit_margin_pct,10.16,60.0,2013.0
JSWENERGY,Power & Utilities,net_profit_margin_pct,13.07,48.75,2020.0
JSWENERGY,Power & Utilities,net_profit_margin_pct,7.49,68.75,2019.0
JSWENERGY,Power & Utilities,net_profit_margin_pct,11.89,57.5,2021.0
JSWENERGY,Power & Utilities,net_profit_margin_pct,1.06,83.75,2018.0
ADANIGREEN,Power & Utilities,net_profit_margin_pct,12.51,52.5,2023.0
ADANIGREEN,Power & Utilities,net_profit_margin_pct,9.53,63.75,2022.0
ADANIGREEN,Power & Utilities,net_profit_margin_pct,13.67,46.25,2024.0
ADANIGREEN,Power & Utilities,net_profit_margin_pct,-9.36,95.0,2017.0
ADANIGREEN,Power & Utilities,net_profit_margin_pct,-23.08,97.5,2019.0
ADANIGREEN,Power & Utilities,net_profit_margin_pct,5.83,72.5,2021.0
ADANIGREEN,Power & Utilities,net_profit_margin_pct,-2.67,88.75,2020.0
ADANIGREEN,Power & Utilities,net_profit_margin_pct,-9.32,93.75,2018.0
NTPC,Power & Utilities,operating_profit_margin_pct,27.01,67.5,2023.0
NTPC,Power & Utilities,operating_profit_margin_pct,30.42,62.5,2022.0
NTPC,Power & Utilities,operating_profit_margin_pct,30.52,61.25,2021.0
NTPC,Power & Utilities,operating_profit_margin_pct,28.83,66.25,2024.0
NTPC,Power & Utilities,operating_profit_margin_pct,25.3,76.25,2016.0
NTPC,Power & Utilities,operating_profit_margin_pct,25.18,77.5,2014.0
NTPC,Power & Utilities,operating_profit_margin_pct,25.38,75.0,2013.0
NTPC,Power & Utilities,operating_profit_margin_pct,26.33,71.25,2017.0
NTPC,Power & Utilities,operating_profit_margin_pct,21.7,82.5,2015.0
NTPC,Power & Utilities,operating_profit_margin_pct,28.86,65.0,2020.0
NTPC,Power & Utilities,operating_profit_margin_pct,25.53,73.75,2018.0
NTPC,Power & Utilities,operating_profit_margin_pct,22.65,81.25,2019.0
POWERGRID,Power & Utilities,operating_profit_margin_pct,86.78,7.5,2023.0
POWERGRID,Power & Utilities,operating_profit_margin_pct,86.07,10.0,2022.0
POWERGRID,Power & Utilities,operating_profit_margin_pct,87.13,5.0,2020.0
POWERGRID,Power & Utilities,operating_profit_margin_pct,88.06,1.25,2021.0
POWERGRID,Power & Utilities,operating_profit_margin_pct,86.87,6.25,2024.0
POWERGRID,Power & Utilities,operating_profit_margin_pct,76.78,17.5,2019.0
POWERGRID,Power & Utilities,operating_profit_margin_pct,86.67,8.75,2018.0
POWERGRID,Power & Utilities,operating_profit_margin_pct,87.36,3.75,2017.0
POWERGRID,Power & Utilities,operating_profit_margin_pct,88.05,2.5,2016.0
POWERGRID,Power & Utilities,operating_profit_margin_pct,85.1,11.25,2015.0
POWERGRID,Power & Utilities,operating_profit_margin_pct,82.85,13.75,2013.0
POWERGRID,Power & Utilities,operating_profit_margin_pct,83.36,12.5,2014.0
TATAPOWER,Power & Utilities,operating_profit_margin_pct,10.27,97.5,2019.0
TATAPOWER,Power & Utilities,operating_profit_margin_pct,8.55,98.75,2018.0
TATAPOWER,Power & Utilities,operating_profit_margin_pct,23.36,80.0,2020.0
TATAPOWER,Power & Utilities,operating_profit_margin_pct,17.47,91.25,2024.0
TATAPOWER,Power & Utilities,operating_profit_margin_pct,21.16,85.0,2021.0
TATAPOWER,Power & Utilities,operating_profit_margin_pct,19.36,88.75,2014.0
TATAPOWER,Power & Utilities,operating_profit_margin_pct,18.76,90.0,2015.0
TATAPOWER,Power & Utilities,operating_profit_margin_pct,19.84,87.5,2017.0
TATAPOWER,Power & Utilities,operating_profit_margin_pct,16.42,93.75,2022.0
TATAPOWER,Power & Utilities,operating_profit_margin_pct,14.02,96.25,2023.0
TATAPOWER,Power & Utilities,operating_profit_margin_pct,16.86,92.5,2013.0
TATAPOWER,Power & Utilities,operating_profit_margin_pct,7.14,100.0,2016.0
ADANIPOWER,Power & Utilities,operating_profit_margin_pct,36.2,50.0,2024.0
ADANIPOWER,Power & Utilities,operating_profit_margin_pct,26.04,72.5,2023.0
ADANIPOWER,Power & Utilities,operating_profit_margin_pct,35.66,52.5,2022.0
ADANIPOWER,Power & Utilities,operating_profit_margin_pct,34.68,53.75,2016.0
ADANIPOWER,Power & Utilities,operating_profit_margin_pct,33.13,56.25,2021.0
ADANIPOWER,Power & Utilities,operating_profit_margin_pct,29.96,63.75,2014.0
ADANIPOWER,Power & Utilities,operating_profit_margin_pct,25.04,78.75,2015.0
ADANIPOWER,Power & Utilities,operating_profit_margin_pct,20.86,86.25,2019.0
ADANIPOWER,Power & Utilities,operating_profit_margin_pct,21.66,83.75,2020.0
ADANIPOWER,Power & Utilities,operating_profit_margin_pct,26.44,70.0,2017.0
ADANIPOWER,Power & Utilities,operating_profit_margin_pct,26.77,68.75,2018.0
ADANIPOWER,Power & Utilities,operating_profit_margin_pct,14.35,95.0,2013.0
NHPC,Power & Utilities,operating_profit_margin_pct,65.07,22.5,2013.0
NHPC,Power & Utilities,operating_profit_margin_pct,62.45,25.0,2015.0
NHPC,Power & Utilities,operating_profit_margin_pct,56.64,32.5,2017.0
NHPC,Power & Utilities,operating_profit_margin_pct,57.25,28.75,2016.0
NHPC,Power & Utilities,operating_profit_margin_pct,58.76,26.25,2014.0
NHPC,Power & Utilities,operating_profit_margin_pct,58.3,27.5,2023.0
NHPC,Power & Utilities,operating_profit_margin_pct,55.45,33.75,2019.0
NHPC,Power & Utilities,operating_profit_margin_pct,54.7,36.25,2021.0
NHPC,Power & Utilities,operating_profit_margin_pct,54.78,35.0,2018.0
NHPC,Power & Utilities,operating_profit_margin_pct,54.42,37.5,2020.0
NHPC,Power & Utilities,operating_profit_margin_pct,49.91,38.75,2024.0
NHPC,Power & Utilities,operating_profit_margin_pct,43.89,41.25,2022.0
JSWENERGY,Power & Utilities,operating_profit_margin_pct,31.77,57.5,2023.0
JSWENERGY,Power & Utilities,operating_profit_margin_pct,46.86,40.0,2024.0
JSWENERGY,Power & Utilities,operating_profit_margin_pct,43.74,42.5,2022.0
JSWENERGY,Power & Utilities,operating_profit_margin_pct,40.23,46.25,2017.0
JSWENERGY,Power & Utilities,operating_profit_margin_pct,38.77,47.5,2015.0
JSWENERGY,Power & Utilities,operating_profit_margin_pct,41.01,45.0,2016.0
JSWENERGY,Power & Utilities,operating_profit_margin_pct,37.64,48.75,2014.0
JSWENERGY,Power & Utilities,operating_profit_margin_pct,31.58,58.75,2013.0
JSWENERGY,Power & Utilities,operating_profit_margin_pct,35.74,51.25,2020.0
JSWENERGY,Power & Utilities,operating_profit_margin_pct,31.24,60.0,2019.0
JSWENERGY,Power & Utilities,operating_profit_margin_pct,42.08,43.75,2021.0
JSWENERGY,Power & Utilities,operating_profit_margin_pct,33.71,55.0,2018.0
ADANIGREEN,Power & Utilities,operating_profit_margin_pct,63.91,23.75,2023.0
ADANIGREEN,Power & Utilities,operating_profit_margin_pct,68.42,21.25,2022.0
ADANIGREEN,Power & Utilities,operating_profit_margin_pct,79.37,16.25,2024.0
ADANIGREEN,Power & Utilities,operating_profit_margin_pct,80.28,15.0,2017.0
ADANIGREEN,Power & Utilities,operating_profit_margin_pct,74.15,18.75,2019.0
ADANIGREEN,Power & Utilities,operating_profit_margin_pct,71.73,20.0,2021.0
ADANIGREEN,Power & Utilities,operating_profit_margin_pct,56.89,31.25,2020.0
ADANIGREEN,Power & Utilities,operating_profit_margin_pct,56.96,30.0,2018.0
NTPC,Power & Utilities,debt_to_equity,1.52,39.38,2023.0
NTPC,Power & Utilities,debt_to_equity,1.56,46.25,2022.0
NTPC,Power & Utilities,debt_to_equity,1.67,49.38,2021.0
NTPC,Power & Utilities,debt_to_equity,1.48,37.5,2024.0
NTPC,Power & Utilities,debt_to_equity,1.09,26.25,2016.0
NTPC,Power & Utilities,debt_to_equity,0.93,23.75,2014.0
NTPC,Power & Utilities,debt_to_equity,0.87,21.25,2013.0
NTPC,Power & Utilities,debt_to_equity,1.16,27.5,2017.0
NTPC,Power & Utilities,debt_to_equity,1.25,30.0,2015.0
NTPC,Power & Utilities,debt_to_equity,1.71,51.25,2020.0
NTPC,Power & Utilities,debt_to_equity,1.26,31.25,2018.0
NTPC,Power & Utilities,debt_to_equity,1.55,44.38,2019.0
POWERGRID,Power & Utilities,debt_to_equity,1.55,44.38,2023.0
POWERGRID,Power & Utilities,debt_to_equity,1.77,52.5,2022.0
POWERGRID,Power & Utilities,debt_to_equity,2.29,58.75,2020.0
POWERGRID,Power & Utilities,debt_to_equity,2.05,55.0,2021.0
POWERGRID,Power & Utilities,debt_to_equity,1.42,35.62,2024.0
POWERGRID,Power & Utilities,debt_to_equity,2.48,65.0,2019.0
POWERGRID,Power & Utilities,debt_to_equity,2.42,61.25,2018.0
POWERGRID,Power & Utilities,debt_to_equity,2.39,60.0,2017.0
POWERGRID,Power & Utilities,debt_to_equity,2.47,63.75,2016.0
POWERGRID,Power & Utilities,debt_to_equity,2.5,66.25,2015.0
POWERGRID,Power & Utilities,debt_to_equity,2.62,67.5,2013.0
POWERGRID,Power & Utilities,debt_to_equity,2.43,62.5,2014.0
TATAPOWER,Power & Utilities,debt_to_equity,2.65,69.38,2019.0
TATAPOWER,Power & Utilities,debt_to_equity,2.96,73.75,2018.0
TATAPOWER,Power & Utilities,debt_to_equity,2.65,69.38,2020.0
TATAPOWER,Power & Utilities,debt_to_equity,1.66,47.5,2024.0
TATAPOWER,Power & Utilities,debt_to_equity,2.09,56.25,2021.0
TATAPOWER,Power & Utilities,debt_to_equity,3.24,76.25,2014.0
TATAPOWER,Power & Utilities,debt_to_equity,2.84,72.5,2015.0
TATAPOWER,Power & Utilities,debt_to_equity,3.69,80.0,2017.0
TATAPOWER,Power & Utilities,debt_to_equity,2.28,57.5,2022.0
TATAPOWER,Power & Utilities,debt_to_equity,1.84,53.75,2023.0
TATAPOWER,Power & Utilities,debt_to_equity,3.07,75.0,2013.0
TATAPOWER,Power & Utilities,debt_to_equity,3.34,77.5,2016.0
ADANIPOWER,Power & Utilities,debt_to_equity,0.8,16.88,2024.0
ADANIPOWER,Power & Utilities,debt_to_equity,1.42,35.62,2023.0
ADANIPOWER,Power & Utilities,debt_to_equity,2.66,71.25,2022.0
ADANIPOWER,Power & Utilities,debt_to_equity,7.06,88.75,2016.0
ADANIPOWER,Power & Utilities,debt_to_equity,4.01,81.25,2021.0
ADANIPOWER,Power & Utilities,debt_to_equity,6.75,87.5,2014.0
ADANIPOWER,Power & Utilities,debt_to_equity,7.82,92.5,2015.0
ADANIPOWER,Power & Utilities,debt_to_equity,6.09,83.75,2019.0
ADANIPOWER,Power & Utilities,debt_to_equity,8.52,93.75,2020.0
ADANIPOWER,Power & Utilities,debt_to_equity,17.49,97.5,2017.0
ADANIPOWER,Power & Utilities,debt_to_equity,59.43,100.0,2018.0
ADANIPOWER,Power & Utilities,debt_to_equity,9.74,95.0,2013.0
NHPC,Power & Utilities,debt_to_equity,0.68,10.0,2013.0
NHPC,Power & Utilities,debt_to_equity,0.67,8.75,2015.0
NHPC,Power & Utilities,debt_to_equity,0.66,7.5,2017.0
NHPC,Power & Utilities,debt_to_equity,0.63,6.25,2016.0
NHPC,Power & Utilities,debt_to_equity,0.74,13.12,2014.0
NHPC,Power & Utilities,debt_to_equity,0.8,16.88,2023.0
NHPC,Power & Utilities,debt_to_equity,0.62,4.38,2019.0
NHPC,Power & Utilities,debt_to_equity,0.71,11.25,2021.0
NHPC,Power & Utilities,debt_to_equity,0.62,4.38,2018.0
NHPC,Power & Utilities,debt_to_equity,0.74,13.12,2020.0
NHPC,Power & Utilities,debt_to_equity,0.84,19.38,2024.0
NHPC,Power & Utilities,debt_to_equity,0.75,15.0,2022.0
JSWENERGY,Power & Utilities,debt_to_equity,1.34,32.5,2023.0
JSWENERGY,Power & Utilities,debt_to_equity,1.52,39.38,2024.0
JSWENERGY,Power & Utilities,debt_to_equity,0.51,1.25,2022.0
JSWENERGY,Power & Utilities,debt_to_equity,1.38,33.75,2017.0
JSWENERGY,Power & Utilities,debt_to_equity,1.24,28.75,2015.0
JSWENERGY,Power & Utilities,debt_to_equity,1.53,41.25,2016.0
JSWENERGY,Power & Utilities,debt_to_equity,1.54,42.5,2014.0
JSWENERGY,Power & Utilities,debt_to_equity,1.67,49.38,2013.0
JSWENERGY,Power & Utilities,debt_to_equity,0.84,19.38,2020.0
JSWENERGY,Power & Utilities,debt_to_equity,0.89,22.5,2019.0
JSWENERGY,Power & Utilities,debt_to_equity,0.58,2.5,2021.0
JSWENERGY,Power & Utilities,debt_to_equity,1.07,25.0,2018.0
ADANIGREEN,Power & Utilities,debt_to_equity,7.42,91.25,2023.0
ADANIGREEN,Power & Utilities,debt_to_equity,20.21,98.75,2022.0
ADANIGREEN,Power & Utilities,debt_to_equity,6.6,86.25,2024.0
ADANIGREEN,Power & Utilities,debt_to_equity,3.61,78.75,2017.0
ADANIGREEN,Power & Utilities,debt_to_equity,5.76,82.5,2019.0
ADANIGREEN,Power & Utilities,debt_to_equity,11.0,96.25,2021.0
ADANIGREEN,Power & Utilities,debt_to_equity,6.31,85.0,2020.0
ADANIGREEN,Power & Utilities,debt_to_equity,7.36,90.0,2018.0
NTPC,Power & Utilities,free_cash_flow,21007.0,5.0,2023.0
NTPC,Power & Utilities,free_cash_flow,18897.0,8.75,2022.0
NTPC,Power & Utilities,free_cash_flow,11410.0,11.25,2021.0
NTPC,Power & Utilities,free_cash_flow,8644.0,16.25,2024.0
NTPC,Power & Utilities,free_cash_flow,4963.0,22.5,2016.0
NTPC,Power & Utilities,free_cash_flow,1022.0,60.0,2014.0
NTPC,Power & Utilities,free_cash_flow,-337.0,70.0,2013.0
NTPC,Power & Utilities,free_cash_flow,-4313.0,87.5,2017.0
NTPC,Power & Utilities,free_cash_flow,-1088.0,77.5,2015.0
NTPC,Power & Utilities,free_cash_flow,-5738.0,91.25,2020.0
NTPC,Power & Utilities,free_cash_flow,-1008.0,73.75,2018.0
NTPC,Power & Utilities,free_cash_flow,-5377.0,90.0,2019.0
POWERGRID,Power & Utilities,free_cash_flow,33065.0,1.25,2023.0
POWERGRID,Power & Utilities,free_cash_flow,26877.0,2.5,2022.0
POWERGRID,Power & Utilities,free_cash_flow,20006.0,7.5,2020.0
POWERGRID,Power & Utilities,free_cash_flow,20159.0,6.25,2021.0
POWERGRID,Power & Utilities,free_cash_flow,24176.0,3.75,2024.0
POWERGRID,Power & Utilities,free_cash_flow,4544.0,28.75,2019.0
POWERGRID,Power & Utilities,free_cash_flow,-2991.0,85.0,2018.0
POWERGRID,Power & Utilities,free_cash_flow,-2261.0,83.75,2017.0
POWERGRID,Power & Utilities,free_cash_flow,-6568.0,92.5,2016.0
POWERGRID,Power & Utilities,free_cash_flow,-8385.0,95.0,2015.0
POWERGRID,Power & Utilities,free_cash_flow,-10394.0,96.25,2013.0
POWERGRID,Power & Utilities,free_cash_flow,-11416.0,97.5,2014.0
TATAPOWER,Power & Utilities,free_cash_flow,4302.0,30.0,2019.0
TATAPOWER,Power & Utilities,free_cash_flow,4852.0,23.75,2018.0
TATAPOWER,Power & Utilities,free_cash_flow,6882.0,17.5,2020.0
TATAPOWER,Power & Utilities,free_cash_flow,3569.0,33.75,2024.0
TATAPOWER,Power & Utilities,free_cash_flow,9338.0,15.0,2021.0
TATAPOWER,Power & Utilities,free_cash_flow,2874.0,43.75,2014.0
TATAPOWER,Power & Utilities,free_cash_flow,2116.0,52.5,2015.0
TATAPOWER,Power & Utilities,free_cash_flow,-359.0,71.25,2017.0
TATAPOWER,Power & Utilities,free_cash_flow,443.0,65.0,2022.0
TATAPOWER,Power & Utilities,free_cash_flow,-97.0,68.75,2023.0
TATAPOWER,Power & Utilities,free_cash_flow,-740.0,72.5,2013.0
TATAPOWER,Power & Utilities,free_cash_flow,5610.0,20.0,2016.0
ADANIPOWER,Power & Utilities,free_cash_flow,17651.0,10.0,2024.0
ADANIPOWER,Power & Utilities,free_cash_flow,9976.0,13.75,2023.0
ADANIPOWER,Power & Utilities,free_cash_flow,11007.0,12.5,2022.0
ADANIPOWER,Power & Utilities,free_cash_flow,2565.0,48.75,2016.0
ADANIPOWER,Power & Utilities,free_cash_flow,4826.0,25.0,2021.0
ADANIPOWER,Power & Utilities,free_cash_flow,-1462.0,78.75,2014.0
ADANIPOWER,Power & Utilities,free_cash_flow,1087.0,58.75,2015.0
ADANIPOWER,Power & Utilities,free_cash_flow,4626.0,26.25,2019.0
ADANIPOWER,Power & Utilities,free_cash_flow,3294.0,38.75,2020.0
ADANIPOWER,Power & Utilities,free_cash_flow,3513.0,35.0,2017.0
ADANIPOWER,Power & Utilities,free_cash_flow,4581.0,27.5,2018.0
ADANIPOWER,Power & Utilities,free_cash_flow,-1063.0,76.25,2013.0
NHPC,Power & Utilities,free_cash_flow,1516.0,56.25,2013.0
NHPC,Power & Utilities,free_cash_flow,3293.0,40.0,2015.0
NHPC,Power & Utilities,free_cash_flow,6465.0,18.75,2017.0
NHPC,Power & Utilities,free_cash_flow,5225.0,21.25,2016.0
NHPC,Power & Utilities,free_cash_flow,2702.0,45.0,2014.0
NHPC,Power & Utilities,free_cash_flow,514.0,63.75,2023.0
NHPC,Power & Utilities,free_cash_flow,2642.0,47.5,2019.0
NHPC,Power & Utilities,free_cash_flow,3463.0,36.25,2021.0
NHPC,Power & Utilities,free_cash_flow,3810.0,31.25,2018.0
NHPC,Power & Utilities,free_cash_flow,6.0,67.5,2020.0
NHPC,Power & Utilities,free_cash_flow,970.0,61.25,2024.0
NHPC,Power & Utilities,free_cash_flow,1506.0,57.5,2022.0
JSWENERGY,Power & Utilities,free_cash_flow,-4694.0,88.75,2023.0
JSWENERGY,Power & Utilities,free_cash_flow,-1963.0,82.5,2024.0
JSWENERGY,Power & Utilities,free_cash_flow,1565.0,55.0,2022.0
JSWENERGY,Power & Utilities,free_cash_flow,3091.0,41.25,2017.0
JSWENERGY,Power & Utilities,free_cash_flow,2972.0,42.5,2015.0
JSWENERGY,Power & Utilities,free_cash_flow,266.0,66.25,2016.0
JSWENERGY,Power & Utilities,free_cash_flow,1906.0,53.75,2014.0
JSWENERGY,Power & Utilities,free_cash_flow,781.0,62.5,2013.0
JSWENERGY,Power & Utilities,free_cash_flow,2383.0,51.25,2020.0
JSWENERGY,Power & Utilities,free_cash_flow,2436.0,50.0,2019.0
JSWENERGY,Power & Utilities,free_cash_flow,2670.0,46.25,2021.0
JSWENERGY,Power & Utilities,free_cash_flow,3719.0,32.5,2018.0
ADANIGREEN,Power & Utilities,free_cash_flow,3408.0,37.5,2023.0
ADANIGREEN,Power & Utilities,free_cash_flow,-15603.0,100.0,2022.0
ADANIGREEN,Power & Utilities,free_cash_flow,-13347.0,98.75,2024.0
ADANIGREEN,Power & Utilities,free_cash_flow,-1483.0,80.0,2017.0
ADANIGREEN,Power & Utilities,free_cash_flow,-1041.0,75.0,2019.0
ADANIGREEN,Power & Utilities,free_cash_flow,-7536.0,93.75,2021.0
ADANIGREEN,Power & Utilities,free_cash_flow,-1778.0,81.25,2020.0
ADANIGREEN,Power & Utilities,free_cash_flow,-3779.0,86.25,2018.0
NTPC,Power & Utilities,revenue_cagr_5yr,14.875181849027719,24.44,2023.0
NTPC,Power & Utilities,revenue_cagr_5yr,10.0896886146449,35.56,2022.0
NTPC,Power & Utilities,revenue_cagr_5yr,8.728811496983235,44.44,2021.0
NTPC,Power & Utilities,revenue_cagr_5yr,12.222309654337993,31.11,2024.0
NTPC,Power & Utilities,revenue_cagr_5yr,,,2016.0
NTPC,Power & Utilities,revenue_cagr_5yr,,,2014.0
NTPC,Power & Utilities,revenue_cagr_5yr,,,2013.0
NTPC,Power & Utilities,revenue_cagr_5yr,,,2017.0
NTPC,Power & Utilities,revenue_cagr_5yr,,,2015.0
NTPC,Power & Utilities,revenue_cagr_5yr,6.483658660598168,48.89,2020.0
NTPC,Power & Utilities,revenue_cagr_5yr,4.254629054165937,62.22,2018.0
NTPC,Power & Utilities,revenue_cagr_5yr,5.066267148996562,57.78,2019.0
POWERGRID,Power & Utilities,revenue_cagr_5yr,8.769646643204698,42.22,2023.0
POWERGRID,Power & Utilities,revenue_cagr_5yr,10.125553461447634,33.33,2022.0
POWERGRID,Power & Utilities,revenue_cagr_5yr,16.56379190364099,15.56,2020.0
POWERGRID,Power & Utilities,revenue_cagr_5yr,13.929005368889612,26.67,2021.0
POWERGRID,Power & Utilities,revenue_cagr_5yr,5.510261937513361,53.33,2024.0
POWERGRID,Power & Utilities,revenue_cagr_5yr,17.648366565269136,13.33,2019.0
POWERGRID,Power & Utilities,revenue_cagr_5yr,18.021947290818474,11.11,2018.0
POWERGRID,Power & Utilities,revenue_cagr_5yr,,,2017.0
POWERGRID,Power & Utilities,revenue_cagr_5yr,,,2016.0
POWERGRID,Power & Utilities,revenue_cagr_5yr,,,2015.0
POWERGRID,Power & Utilities,revenue_cagr_5yr,,,2013.0
POWERGRID,Power & Utilities,revenue_cagr_5yr,,,2014.0
TATAPOWER,Power & Utilities,revenue_cagr_5yr,-3.510035476297202,95.56,2019.0
TATAPOWER,Power & Utilities,revenue_cagr_5yr,-4.150670375923127,97.78,2018.0
TATAPOWER,Power & Utilities,revenue_cagr_5yr,-2.806722437128961,93.33,2020.0
TATAPOWER,Power & Utilities,revenue_cagr_5yr,15.511158201876407,20.0,2024.0
TATAPOWER,Power & Utilities,revenue_cagr_5yr,2.0870804315290092,75.56,2021.0
TATAPOWER,Power & Utilities,revenue_cagr_5yr,,,2014.0
TATAPOWER,Power & Utilities,revenue_cagr_5yr,,,2015.0
TATAPOWER,Power & Utilities,revenue_cagr_5yr,,,2017.0
TATAPOWER,Power & Utilities,revenue_cagr_5yr,9.188569156258652,40.0,2022.0
TATAPOWER,Power & Utilities,revenue_cagr_5yr,15.475008740465078,22.22,2023.0
TATAPOWER,Power & Utilities,revenue_cagr_5yr,,,2013.0
TATAPOWER,Power & Utilities,revenue_cagr_5yr,,,2016.0
ADANIPOWER,Power & Utilities,revenue_cagr_5yr,16.086096410440966,17.78,2024.0
ADANIPOWER,Power & Utilities,revenue_cagr_5yr,13.812394373753722,28.89,2023.0
ADANIPOWER,Power & Utilities,revenue_cagr_5yr,4.14712377692581,64.44,2022.0
ADANIPOWER,Power & Utilities,revenue_cagr_5yr,,,2016.0
ADANIPOWER,Power & Utilities,revenue_cagr_5yr,0.6564928179288998,84.44,2021.0
ADANIPOWER,Power & Utilities,revenue_cagr_5yr,,,2014.0
ADANIPOWER,Power & Utilities,revenue_cagr_5yr,,,2015.0
ADANIPOWER,Power & Utilities,revenue_cagr_5yr,9.27588040271312,37.78,2019.0
ADANIPOWER,Power & Utilities,revenue_cagr_5yr,7.214840153417179,46.67,2020.0
ADANIPOWER,Power & Utilities,revenue_cagr_5yr,,,2017.0
ADANIPOWER,Power & Utilities,revenue_cagr_5yr,24.854768715819798,8.89,2018.0
ADANIPOWER,Power & Utilities,revenue_cagr_5yr,,,2013.0
NHPC,Power & Utilities,revenue_cagr_5yr,,,2013.0
NHPC,Power & Utilities,revenue_cagr_5yr,,,2015.0
NHPC,Power & Utilities,revenue_cagr_5yr,,,2017.0
NHPC,Power & Utilities,revenue_cagr_5yr,,,2016.0
NHPC,Power & Utilities,revenue_cagr_5yr,,,2014.0
NHPC,Power & Utilities,revenue_cagr_5yr,6.463846578139609,51.11,2023.0
NHPC,Power & Utilities,revenue_cagr_5yr,3.984150124326624,68.89,2019.0
NHPC,Power & Utilities,revenue_cagr_5yr,2.9220824381200217,73.33,2021.0
NHPC,Power & Utilities,revenue_cagr_5yr,3.9773181180608352,71.11,2018.0
NHPC,Power & Utilities,revenue_cagr_5yr,4.012259228031634,66.67,2020.0
NHPC,Power & Utilities,revenue_cagr_5yr,1.4049172176437308,77.78,2024.0
NHPC,Power & Utilities,revenue_cagr_5yr,1.1802076244835424,80.0,2022.0
JSWENERGY,Power & Utilities,revenue_cagr_5yr,5.120760469863872,55.56,2023.0
JSWENERGY,Power & Utilities,revenue_cagr_5yr,4.6799560539164675,60.0,2024.0
JSWENERGY,Power & Utilities,revenue_cagr_5yr,-0.2334485509002837,86.67,2022.0
JSWENERGY,Power & Utilities,revenue_cagr_5yr,,,2017.0
JSWENERGY,Power & Utilities,revenue_cagr_5yr,,,2015.0
JSWENERGY,Power & Utilities,revenue_cagr_5yr,,,2016.0
JSWENERGY,Power & Utilities,revenue_cagr_5yr,,,2014.0
JSWENERGY,Power & Utilities,revenue_cagr_5yr,,,2013.0
JSWENERGY,Power & Utilities,revenue_cagr_5yr,-2.4116092813303402,91.11,2020.0
JSWENERGY,Power & Utilities,revenue_cagr_5yr,1.1083666261997083,82.22,2019.0
JSWENERGY,Power & Utilities,revenue_cagr_5yr,-6.762923346846216,100.0,2021.0
JSWENERGY,Power & Utilities,revenue_cagr_5yr,-1.9237930178255813,88.89,2018.0
ADANIGREEN,Power & Utilities,revenue_cagr_5yr,39.347412006991476,4.44,2023.0
ADANIGREEN,Power & Utilities,revenue_cagr_5yr,59.19649782184464,2.22,2022.0
ADANIGREEN,Power & Utilities,revenue_cagr_5yr,34.976172926382844,6.67,2024.0
ADANIGREEN,Power & Utilities,revenue_cagr_5yr,,,2017.0
ADANIGREEN,Power & Utilities,revenue_cagr_5yr,,,2019.0
ADANIGREEN,Power & Utilities,revenue_cagr_5yr,,,2021.0
ADANIGREEN,Power & Utilities,revenue_cagr_5yr,,,2020.0
ADANIGREEN,Power & Utilities,revenue_cagr_5yr,,,2018.0
NTPC,Power & Utilities,pat_cagr_5yr,10.268488784144324,50.0,2023.0
NTPC,Power & Utilities,pat_cagr_5yr,9.621273019093369,52.78,2022.0
NTPC,Power & Utilities,pat_cagr_5yr,6.784138551726704,72.22,2021.0
NTPC,Power & Utilities,pat_cagr_5yr,8.735165684951163,63.89,2024.0
NTPC,Power & Utilities,pat_cagr_5yr,,,2016.0
NTPC,Power & Utilities,pat_cagr_5yr,,,2014.0
NTPC,Power & Utilities,pat_cagr_5yr,,,2013.0
NTPC,Power & Utilities,pat_cagr_5yr,,,2017.0
NTPC,Power & Utilities,pat_cagr_5yr,,,2015.0
NTPC,Power & Utilities,pat_cagr_5yr,3.5603487062274786,80.56,2020.0
NTPC,Power & Utilities,pat_cagr_5yr,-3.5556351524588803,91.67,2018.0
NTPC,Power & Utilities,pat_cagr_5yr,4.239536008202838,75.0,2019.0
POWERGRID,Power & Utilities,pat_cagr_5yr,13.451892401178478,38.89,2023.0
POWERGRID,Power & Utilities,pat_cagr_5yr,17.6909149802581,22.22,2022.0
POWERGRID,Power & Utilities,pat_cagr_5yr,16.991341895098742,27.78,2020.0
POWERGRID,Power & Utilities,pat_cagr_5yr,15.096404983707634,30.56,2021.0
POWERGRID,Power & Utilities,pat_cagr_5yr,9.189188268434778,55.56,2024.0
POWERGRID,Power & Utilities,pat_cagr_5yr,17.14688046227333,25.0,2019.0
POWERGRID,Power & Utilities,pat_cagr_5yr,13.723243763038173,36.11,2018.0
POWERGRID,Power & Utilities,pat_cagr_5yr,,,2017.0
POWERGRID,Power & Utilities,pat_cagr_5yr,,,2016.0
POWERGRID,Power & Utilities,pat_cagr_5yr,,,2015.0
POWERGRID,Power & Utilities,pat_cagr_5yr,,,2013.0
POWERGRID,Power & Utilities,pat_cagr_5yr,,,2014.0
TATAPOWER,Power & Utilities,pat_cagr_5yr,193.33145270993194,2.78,2019.0
TATAPOWER,Power & Utilities,pat_cagr_5yr,84.23848428973332,5.56,2018.0
TATAPOWER,Power & Utilities,pat_cagr_5yr,23.557165830019542,11.11,2020.0
TATAPOWER,Power & Utilities,pat_cagr_5yr,10.431728917459004,47.22,2024.0
TATAPOWER,Power & Utilities,pat_cagr_5yr,12.856778608364404,41.67,2021.0
TATAPOWER,Power & Utilities,pat_cagr_5yr,,,2014.0
TATAPOWER,Power & Utilities,pat_cagr_5yr,,,2015.0
TATAPOWER,Power & Utilities,pat_cagr_5yr,,,2017.0
TATAPOWER,Power & Utilities,pat_cagr_5yr,14.406635585872296,33.33,2022.0
TATAPOWER,Power & Utilities,pat_cagr_5yr,7.850862052512575,66.67,2023.0
TATAPOWER,Power & Utilities,pat_cagr_5yr,,,2013.0
TATAPOWER,Power & Utilities,pat_cagr_5yr,,,2016.0
ADANIPOWER,Power & Utilities,pat_cagr_5yr,,,2024.0
ADANIPOWER,Power & Utilities,pat_cagr_5yr,,,2023.0
ADANIPOWER,Power & Utilities,pat_cagr_5yr,,,2022.0
ADANIPOWER,Power & Utilities,pat_cagr_5yr,,,2016.0
ADANIPOWER,Power & Utilities,pat_cagr_5yr,18.176309784358757,19.44,2021.0
ADANIPOWER,Power & Utilities,pat_cagr_5yr,,,2014.0
ADANIPOWER,Power & Utilities,pat_cagr_5yr,,,2015.0
ADANIPOWER,Power & Utilities,pat_cagr_5yr,,,2019.0
ADANIPOWER,Power & Utilities,pat_cagr_5yr,,,2020.0
ADANIPOWER,Power & Utilities,pat_cagr_5yr,,,2017.0
ADANIPOWER,Power & Utilities,pat_cagr_5yr,,,2018.0
ADANIPOWER,Power & Utilities,pat_cagr_5yr,,,2013.0
NHPC,Power & Utilities,pat_cagr_5yr,,,2013.0
NHPC,Power & Utilities,pat_cagr_5yr,,,2015.0
NHPC,Power & Utilities,pat_cagr_5yr,,,2017.0
NHPC,Power & Utilities,pat_cagr_5yr,,,2016.0
NHPC,Power & Utilities,pat_cagr_5yr,,,2014.0
NHPC,Power & Utilities,pat_cagr_5yr,8.87728106871608,58.33,2023.0
NHPC,Power & Utilities,pat_cagr_5yr,11.67192648790385,44.44,2019.0
NHPC,Power & Utilities,pat_cagr_5yr,8.766278996914423,61.11,2021.0
NHPC,Power & Utilities,pat_cagr_5yr,-0.6202466121244421,86.11,2018.0
NHPC,Power & Utilities,pat_cagr_5yr,3.6357709277351935,77.78,2020.0
NHPC,Power & Utilities,pat_cagr_5yr,7.269596517101484,69.44,2024.0
NHPC,Power & Utilities,pat_cagr_5yr,1.6352899253456288,83.33,2022.0
JSWENERGY,Power & Utilities,pat_cagr_5yr,77.0796104558991,8.33,2023.0
JSWENERGY,Power & Utilities,pat_cagr_5yr,20.322431469794555,16.67,2024.0
JSWENERGY,Power & Utilities,pat_cagr_5yr,22.84623990988117,13.89,2022.0
JSWENERGY,Power & Utilities,pat_cagr_5yr,,,2017.0
JSWENERGY,Power & Utilities,pat_cagr_5yr,,,2015.0
JSWENERGY,Power & Utilities,pat_cagr_5yr,,,2016.0
JSWENERGY,Power & Utilities,pat_cagr_5yr,,,2014.0
JSWENERGY,Power & Utilities,pat_cagr_5yr,,,2013.0
JSWENERGY,Power & Utilities,pat_cagr_5yr,-4.460011471449954,94.44,2020.0
JSWENERGY,Power & Utilities,pat_cagr_5yr,-2.08516376390232,88.89,2019.0
JSWENERGY,Power & Utilities,pat_cagr_5yr,-10.831923997101322,97.22,2021.0
JSWENERGY,Power & Utilities,pat_cagr_5yr,-37.6353015223954,100.0,2018.0
ADANIGREEN,Power & Utilities,pat_cagr_5yr,,,2023.0
ADANIGREEN,Power & Utilities,pat_cagr_5yr,,,2022.0
ADANIGREEN,Power & Utilities,pat_cagr_5yr,,,2024.0
ADANIGREEN,Power & Utilities,pat_cagr_5yr,,,2017.0
ADANIGREEN,Power & Utilities,pat_cagr_5yr,,,2019.0
ADANIGREEN,Power & Utilities,pat_cagr_5yr,,,2021.0
ADANIGREEN,Power & Utilities,pat_cagr_5yr,,,2020.0
ADANIGREEN,Power & Utilities,pat_cagr_5yr,,,2018.0
NTPC,Power & Utilities,eps_cagr_5yr,9.096607850144967,46.88,2023.0
NTPC,Power & Utilities,eps_cagr_5yr,9.096607850144967,46.88,2022.0
NTPC,Power & Utilities,eps_cagr_5yr,6.399531281508364,65.62,2021.0
NTPC,Power & Utilities,eps_cagr_5yr,8.447177119769854,57.81,2024.0
NTPC,Power & Utilities,eps_cagr_5yr,,,2016.0
NTPC,Power & Utilities,eps_cagr_5yr,,,2014.0
NTPC,Power & Utilities,eps_cagr_5yr,,,2013.0
NTPC,Power & Utilities,eps_cagr_5yr,,,2017.0
NTPC,Power & Utilities,eps_cagr_5yr,,,2015.0
NTPC,Power & Utilities,eps_cagr_5yr,3.713728933664817,78.12,2020.0
NTPC,Power & Utilities,eps_cagr_5yr,-3.285883999939365,93.75,2018.0
NTPC,Power & Utilities,eps_cagr_5yr,3.131030647754507,81.25,2019.0
POWERGRID,Power & Utilities,eps_cagr_5yr,13.564157249607756,34.38,2023.0
POWERGRID,Power & Utilities,eps_cagr_5yr,17.607902252467355,18.75,2022.0
POWERGRID,Power & Utilities,eps_cagr_5yr,19.13578981670916,15.62,2020.0
POWERGRID,Power & Utilities,eps_cagr_5yr,16.723531932969316,25.0,2021.0
POWERGRID,Power & Utilities,eps_cagr_5yr,9.096607850144967,46.88,2024.0
POWERGRID,Power & Utilities,eps_cagr_5yr,17.08049129648923,21.88,2019.0
POWERGRID,Power & Utilities,eps_cagr_5yr,12.474611314209483,37.5,2018.0
POWERGRID,Power & Utilities,eps_cagr_5yr,,,2017.0
POWERGRID,Power & Utilities,eps_cagr_5yr,,,2016.0
POWERGRID,Power & Utilities,eps_cagr_5yr,,,2015.0
POWERGRID,Power & Utilities,eps_cagr_5yr,,,2013.0
POWERGRID,Power & Utilities,eps_cagr_5yr,,,2014.0
TATAPOWER,Power & Utilities,eps_cagr_5yr,,,2019.0
TATAPOWER,Power & Utilities,eps_cagr_5yr,,,2018.0
TATAPOWER,Power & Utilities,eps_cagr_5yr,31.95079107728942,3.12,2020.0
TATAPOWER,Power & Utilities,eps_cagr_5yr,5.922384104881218,71.88,2024.0
TATAPOWER,Power & Utilities,eps_cagr_5yr,14.869835499703509,29.69,2021.0
TATAPOWER,Power & Utilities,eps_cagr_5yr,,,2014.0
TATAPOWER,Power & Utilities,eps_cagr_5yr,,,2015.0
TATAPOWER,Power & Utilities,eps_cagr_5yr,,,2017.0
TATAPOWER,Power & Utilities,eps_cagr_5yr,10.756634324829006,40.62,2022.0
TATAPOWER,Power & Utilities,eps_cagr_5yr,2.1295687600135116,84.38,2023.0
TATAPOWER,Power & Utilities,eps_cagr_5yr,,,2013.0
TATAPOWER,Power & Utilities,eps_cagr_5yr,,,2016.0
ADANIPOWER,Power & Utilities,eps_cagr_5yr,,,2024.0
ADANIPOWER,Power & Utilities,eps_cagr_5yr,,,2023.0
ADANIPOWER,Power & Utilities,eps_cagr_5yr,,,2022.0
ADANIPOWER,Power & Utilities,eps_cagr_5yr,,,2016.0
ADANIPOWER,Power & Utilities,eps_cagr_5yr,8.447177119769854,57.81,2021.0
ADANIPOWER,Power & Utilities,eps_cagr_5yr,,,2014.0
ADANIPOWER,Power & Utilities,eps_cagr_5yr,,,2015.0
ADANIPOWER,Power & Utilities,eps_cagr_5yr,,,2019.0
ADANIPOWER,Power & Utilities,eps_cagr_5yr,,,2020.0
ADANIPOWER,Power & Utilities,eps_cagr_5yr,,,2017.0
ADANIPOWER,Power & Utilities,eps_cagr_5yr,,,2018.0
ADANIPOWER,Power & Utilities,eps_cagr_5yr,,,2013.0
NHPC,Power & Utilities,eps_cagr_5yr,,,2013.0
NHPC,Power & Utilities,eps_cagr_5yr,,,2015.0
NHPC,Power & Utilities,eps_cagr_5yr,,,2017.0
NHPC,Power & Utilities,eps_cagr_5yr,,,2016.0
NHPC,Power & Utilities,eps_cagr_5yr,,,2014.0
NHPC,Power & Utilities,eps_cagr_5yr,14.869835499703509,29.69,2023.0
NHPC,Power & Utilities,eps_cagr_5yr,24.57309396155174,6.25,2019.0
NHPC,Power & Utilities,eps_cagr_5yr,8.447177119769854,57.81,2021.0
NHPC,Power & Utilities,eps_cagr_5yr,0.0,87.5,2018.0
NHPC,Power & Utilities,eps_cagr_5yr,8.447177119769854,57.81,2020.0
NHPC,Power & Utilities,eps_cagr_5yr,5.922384104881218,71.88,2024.0
NHPC,Power & Utilities,eps_cagr_5yr,5.922384104881218,71.88,2022.0
JSWENERGY,Power & Utilities,eps_cagr_5yr,,,2023.0
JSWENERGY,Power & Utilities,eps_cagr_5yr,20.11244339814313,12.5,2024.0
JSWENERGY,Power & Utilities,eps_cagr_5yr,22.423992536427463,9.38,2022.0
JSWENERGY,Power & Utilities,eps_cagr_5yr,,,2017.0
JSWENERGY,Power & Utilities,eps_cagr_5yr,,,2015.0
JSWENERGY,Power & Utilities,eps_cagr_5yr,,,2016.0
JSWENERGY,Power & Utilities,eps_cagr_5yr,,,2014.0
JSWENERGY,Power & Utilities,eps_cagr_5yr,,,2013.0
JSWENERGY,Power & Utilities,eps_cagr_5yr,-2.6352819384831916,90.62,2020.0
JSWENERGY,Power & Utilities,eps_cagr_5yr,-4.3647500209963,96.88,2019.0
JSWENERGY,Power & Utilities,eps_cagr_5yr,-11.09104638678,100.0,2021.0
JSWENERGY,Power & Utilities,eps_cagr_5yr,,,2018.0
ADANIGREEN,Power & Utilities,eps_cagr_5yr,,,2023.0
ADANIGREEN,Power & Utilities,eps_cagr_5yr,,,2022.0
ADANIGREEN,Power & Utilities,eps_cagr_5yr,,,2024.0
ADANIGREEN,Power & Utilities,eps_cagr_5yr,,,2017.0
ADANIGREEN,Power & Utilities,eps_cagr_5yr,,,2019.0
ADANIGREEN,Power & Utilities,eps_cagr_5yr,,,2021.0
ADANIGREEN,Power & Utilities,eps_cagr_5yr,,,2020.0
ADANIGREEN,Power & Utilities,eps_cagr_5yr,,,2018.0
NTPC,Power & Utilities,interest_coverage,4.38,36.25,2023.0
NTPC,Power & Utilities,interest_coverage,4.82,27.5,2022.0
NTPC,Power & Utilities,interest_coverage,4.24,40.0,2021.0
NTPC,Power & Utilities,interest_coverage,4.6,30.63,2024.0
NTPC,Power & Utilities,interest_coverage,5.87,18.75,2016.0
NTPC,Power & Utilities,interest_coverage,6.9,11.25,2014.0
NTPC,Power & Utilities,interest_coverage,9.2,6.25,2013.0
NTPC,Power & Utilities,interest_coverage,6.18,16.25,2017.0
NTPC,Power & Utilities,interest_coverage,5.37,20.0,2015.0
NTPC,Power & Utilities,interest_coverage,4.86,26.25,2020.0
NTPC,Power & Utilities,interest_coverage,6.31,13.75,2018.0
NTPC,Power & Utilities,interest_coverage,4.55,32.5,2019.0
POWERGRID,Power & Utilities,interest_coverage,4.22,41.25,2023.0
POWERGRID,Power & Utilities,interest_coverage,5.04,25.0,2022.0
POWERGRID,Power & Utilities,interest_coverage,3.75,47.5,2020.0
POWERGRID,Power & Utilities,interest_coverage,4.39,35.0,2021.0
POWERGRID,Power & Utilities,interest_coverage,4.6,30.63,2024.0
POWERGRID,Power & Utilities,interest_coverage,3.25,53.75,2019.0
POWERGRID,Power & Utilities,interest_coverage,4.1,43.75,2018.0
POWERGRID,Power & Utilities,interest_coverage,3.77,46.25,2017.0
POWERGRID,Power & Utilities,interest_coverage,3.7,48.75,2016.0
POWERGRID,Power & Utilities,interest_coverage,3.84,45.0,2015.0
POWERGRID,Power & Utilities,interest_coverage,4.54,33.75,2013.0
POWERGRID,Power & Utilities,interest_coverage,4.21,42.5,2014.0
TATAPOWER,Power & Utilities,interest_coverage,2.46,66.25,2019.0
TATAPOWER,Power & Utilities,interest_coverage,2.36,67.5,2018.0
TATAPOWER,Power & Utilities,interest_coverage,2.02,75.0,2020.0
TATAPOWER,Power & Utilities,interest_coverage,3.05,56.25,2024.0
TATAPOWER,Power & Utilities,interest_coverage,2.17,70.0,2021.0
TATAPOWER,Power & Utilities,interest_coverage,2.08,73.12,2014.0
TATAPOWER,Power & Utilities,interest_coverage,1.99,77.5,2015.0
TATAPOWER,Power & Utilities,interest_coverage,2.01,76.25,2017.0
TATAPOWER,Power & Utilities,interest_coverage,2.47,65.0,2022.0
TATAPOWER,Power & Utilities,interest_coverage,3.03,57.5,2023.0
TATAPOWER,Power & Utilities,interest_coverage,2.26,68.75,2013.0
TATAPOWER,Power & Utilities,interest_coverage,1.91,80.0,2016.0
ADANIPOWER,Power & Utilities,interest_coverage,8.3,8.75,2024.0
ADANIPOWER,Power & Utilities,interest_coverage,4.29,38.75,2023.0
ADANIPOWER,Power & Utilities,interest_coverage,3.37,51.25,2022.0
ADANIPOWER,Power & Utilities,interest_coverage,1.55,85.0,2016.0
ADANIPOWER,Power & Utilities,interest_coverage,2.08,73.12,2021.0
ADANIPOWER,Power & Utilities,interest_coverage,1.14,95.62,2014.0
ADANIPOWER,Power & Utilities,interest_coverage,1.21,93.75,2015.0
ADANIPOWER,Power & Utilities,interest_coverage,1.31,92.5,2019.0
ADANIPOWER,Power & Utilities,interest_coverage,1.14,95.62,2020.0
ADANIPOWER,Power & Utilities,interest_coverage,0.39,100.0,2017.0
ADANIPOWER,Power & Utilities,interest_coverage,1.11,97.5,2018.0
ADANIPOWER,Power & Utilities,interest_coverage,0.69,98.75,2013.0
NHPC,Power & Utilities,interest_coverage,9.41,5.0,2013.0
NHPC,Power & Utilities,interest_coverage,5.19,22.5,2015.0
NHPC,Power & Utilities,interest_coverage,6.29,15.0,2017.0
NHPC,Power & Utilities,interest_coverage,5.14,23.75,2016.0
NHPC,Power & Utilities,interest_coverage,4.35,37.5,2014.0
NHPC,Power & Utilities,interest_coverage,14.58,1.25,2023.0
NHPC,Power & Utilities,interest_coverage,7.49,10.0,2019.0
NHPC,Power & Utilities,interest_coverage,11.03,3.75,2021.0
NHPC,Power & Utilities,interest_coverage,5.88,17.5,2018.0
NHPC,Power & Utilities,interest_coverage,6.56,12.5,2020.0
NHPC,Power & Utilities,interest_coverage,11.24,2.5,2024.0
NHPC,Power & Utilities,interest_coverage,8.52,7.5,2022.0
JSWENERGY,Power & Utilities,interest_coverage,4.69,28.75,2023.0
JSWENERGY,Power & Utilities,interest_coverage,2.85,61.25,2024.0
JSWENERGY,Power & Utilities,interest_coverage,5.34,21.25,2022.0
JSWENERGY,Power & Utilities,interest_coverage,2.1,71.25,2017.0
JSWENERGY,Power & Utilities,interest_coverage,3.36,52.5,2015.0
JSWENERGY,Power & Utilities,interest_coverage,2.92,59.38,2016.0
JSWENERGY,Power & Utilities,interest_coverage,2.55,63.75,2014.0
JSWENERGY,Power & Utilities,interest_coverage,2.92,59.38,2013.0
JSWENERGY,Power & Utilities,interest_coverage,3.17,55.0,2020.0
JSWENERGY,Power & Utilities,interest_coverage,2.73,62.5,2019.0
JSWENERGY,Power & Utilities,interest_coverage,3.53,50.0,2021.0
JSWENERGY,Power & Utilities,interest_coverage,1.9,81.25,2018.0
ADANIGREEN,Power & Utilities,interest_coverage,1.94,78.75,2023.0
ADANIGREEN,Power & Utilities,interest_coverage,1.54,86.25,2022.0
ADANIGREEN,Power & Utilities,interest_coverage,1.71,82.5,2024.0
ADANIGREEN,Power & Utilities,interest_coverage,1.45,87.5,2017.0
ADANIGREEN,Power & Utilities,interest_coverage,1.43,88.75,2019.0
ADANIGREEN,Power & Utilities,interest_coverage,1.35,90.62,2021.0
ADANIGREEN,Power & Utilities,interest_coverage,1.35,90.62,2020.0
ADANIGREEN,Power & Utilities,interest_coverage,1.6,83.75,2018.0
NTPC,Power & Utilities,asset_turnover,0.39,16.88,2023.0
NTPC,Power & Utilities,asset_turnover,0.32,41.88,2022.0
NTPC,Power & Utilities,asset_turnover,0.28,52.5,2021.0
NTPC,Power & Utilities,asset_turnover,0.37,20.0,2024.0
NTPC,Power & Utilities,asset_turnover,0.33,34.38,2016.0
NTPC,Power & Utilities,asset_turnover,0.39,16.88,2014.0
NTPC,Power & Utilities,asset_turnover,0.4,15.0,2013.0
NTPC,Power & Utilities,asset_turnover,0.33,34.38,2017.0
NTPC,Power & Utilities,asset_turnover,0.36,21.88,2015.0
NTPC,Power & Utilities,asset_turnover,0.29,49.38,2020.0
NTPC,Power & Utilities,asset_turnover,0.31,45.0,2018.0
NTPC,Power & Utilities,asset_turnover,0.29,49.38,2019.0
POWERGRID,Power & Utilities,asset_turnover,0.18,60.62,2023.0
POWERGRID,Power & Utilities,asset_turnover,0.17,62.5,2022.0
POWERGRID,Power & Utilities,asset_turnover,0.15,65.0,2020.0
POWERGRID,Power & Utilities,asset_turnover,0.16,63.75,2021.0
POWERGRID,Power & Utilities,asset_turnover,0.18,60.62,2024.0
POWERGRID,Power & Utilities,asset_turnover,0.14,68.75,2019.0
POWERGRID,Power & Utilities,asset_turnover,0.13,75.62,2018.0
POWERGRID,Power & Utilities,asset_turnover,0.13,75.62,2017.0
POWERGRID,Power & Utilities,asset_turnover,0.12,84.38,2016.0
POWERGRID,Power & Utilities,asset_turnover,0.11,91.25,2015.0
POWERGRID,Power & Utilities,asset_turnover,0.12,84.38,2013.0
POWERGRID,Power & Utilities,asset_turnover,0.11,91.25,2014.0
TATAPOWER,Power & Utilities,asset_turnover,0.36,21.88,2019.0
TATAPOWER,Power & Utilities,asset_turnover,0.33,34.38,2018.0
TATAPOWER,Power & Utilities,asset_turnover,0.32,41.88,2020.0
TATAPOWER,Power & Utilities,asset_turnover,0.44,10.62,2024.0
TATAPOWER,Power & Utilities,asset_turnover,0.33,34.38,2021.0
TATAPOWER,Power & Utilities,asset_turnover,0.5,2.5,2014.0
TATAPOWER,Power & Utilities,asset_turnover,0.45,7.5,2015.0
TATAPOWER,Power & Utilities,asset_turnover,0.33,34.38,2017.0
TATAPOWER,Power & Utilities,asset_turnover,0.38,18.75,2022.0
TATAPOWER,Power & Utilities,asset_turnover,0.43,12.5,2023.0
TATAPOWER,Power & Utilities,asset_turnover,0.49,3.75,2013.0
TATAPOWER,Power & Utilities,asset_turnover,0.42,13.75,2016.0
ADANIPOWER,Power & Utilities,asset_turnover,0.55,1.25,2024.0
ADANIPOWER,Power & Utilities,asset_turnover,0.45,7.5,2023.0
ADANIPOWER,Power & Utilities,asset_turnover,0.34,28.12,2022.0
ADANIPOWER,Power & Utilities,asset_turnover,0.33,34.38,2016.0
ADANIPOWER,Power & Utilities,asset_turnover,0.33,34.38,2021.0
ADANIPOWER,Power & Utilities,asset_turnover,0.26,55.62,2014.0
ADANIPOWER,Power & Utilities,asset_turnover,0.32,41.88,2015.0
ADANIPOWER,Power & Utilities,asset_turnover,0.35,25.0,2019.0
ADANIPOWER,Power & Utilities,asset_turnover,0.35,25.0,2020.0
ADANIPOWER,Power & Utilities,asset_turnover,0.32,41.88,2017.0
ADANIPOWER,Power & Utilities,asset_turnover,0.29,49.38,2018.0
ADANIPOWER,Power & Utilities,asset_turnover,0.12,84.38,2013.0
NHPC,Power & Utilities,asset_turnover,0.1,95.0,2013.0
NHPC,Power & Utilities,asset_turnover,0.13,75.62,2015.0
NHPC,Power & Utilities,asset_turnover,0.14,68.75,2017.0
NHPC,Power & Utilities,asset_turnover,0.13,75.62,2016.0
NHPC,Power & Utilities,asset_turnover,0.12,84.38,2014.0
NHPC,Power & Utilities,asset_turnover,0.12,84.38,2023.0
NHPC,Power & Utilities,asset_turnover,0.13,75.62,2019.0
NHPC,Power & Utilities,asset_turnover,0.13,75.62,2021.0
NHPC,Power & Utilities,asset_turnover,0.12,84.38,2018.0
NHPC,Power & Utilities,asset_turnover,0.14,68.75,2020.0
NHPC,Power & Utilities,asset_turnover,0.1,95.0,2024.0
NHPC,Power & Utilities,asset_turnover,0.12,84.38,2022.0
JSWENERGY,Power & Utilities,asset_turnover,0.21,57.5,2023.0
JSWENERGY,Power & Utilities,asset_turnover,0.2,58.75,2024.0
JSWENERGY,Power & Utilities,asset_turnover,0.27,53.75,2022.0
JSWENERGY,Power & Utilities,asset_turnover,0.29,49.38,2017.0
JSWENERGY,Power & Utilities,asset_turnover,0.48,5.0,2015.0
JSWENERGY,Power & Utilities,asset_turnover,0.34,28.12,2016.0
JSWENERGY,Power & Utilities,asset_turnover,0.45,7.5,2014.0
JSWENERGY,Power & Utilities,asset_turnover,0.44,10.62,2013.0
JSWENERGY,Power & Utilities,asset_turnover,0.33,34.38,2020.0
JSWENERGY,Power & Utilities,asset_turnover,0.35,25.0,2019.0
JSWENERGY,Power & Utilities,asset_turnover,0.26,55.62,2021.0
JSWENERGY,Power & Utilities,asset_turnover,0.3,46.25,2018.0
ADANIGREEN,Power & Utilities,asset_turnover,0.12,84.38,2023.0
ADANIGREEN,Power & Utilities,asset_turnover,0.09,98.12,2022.0
ADANIGREEN,Power & Utilities,asset_turnover,0.1,95.0,2024.0
ADANIGREEN,Power & Utilities,asset_turnover,0.08,100.0,2017.0
ADANIGREEN,Power & Utilities,asset_turnover,0.14,68.75,2019.0
ADANIGREEN,Power & Utilities,asset_turnover,0.11,91.25,2021.0
ADANIGREEN,Power & Utilities,asset_turnover,0.14,68.75,2020.0
ADANIGREEN,Power & Utilities,asset_turnover,0.09,98.12,2018.0
TATASTEEL,Steel,return_on_equity_pct,36.48,2.08,2022.0
TATASTEEL,Steel,return_on_equity_pct,11.03,33.33,2021.0
TATASTEEL,Steel,return_on_equity_pct,-5.33,85.42,2024.0
TATASTEEL,Steel,return_on_equity_pct,-11.02,95.83,2017.0
TATASTEEL,Steel,return_on_equity_pct,13.23,27.08,2019.0
TATASTEEL,Steel,return_on_equity_pct,1.6,70.83,2020.0
TATASTEEL,Steel,return_on_equity_pct,9.04,45.83,2014.0
TATASTEEL,Steel,return_on_equity_pct,7.83,52.08,2023.0
TATASTEEL,Steel,return_on_equity_pct,-12.56,97.92,2015.0
TATASTEEL,Steel,return_on_equity_pct,29.15,6.25,2018.0
TATASTEEL,Steel,return_on_equity_pct,-21.28,100.0,2013.0
TATASTEEL,Steel,return_on_equity_pct,-1.14,75.0,2016.0
JSWSTEEL,Steel,return_on_equity_pct,31.11,4.17,2022.0
JSWSTEEL,Steel,return_on_equity_pct,21.62,10.42,2019.0
JSWSTEEL,Steel,return_on_equity_pct,21.83,8.33,2018.0
JSWSTEEL,Steel,return_on_equity_pct,16.84,16.67,2021.0
JSWSTEEL,Steel,return_on_equity_pct,15.31,18.75,2017.0
JSWSTEEL,Steel,return_on_equity_pct,6.3,58.33,2023.0
JSWSTEEL,Steel,return_on_equity_pct,-2.54,81.25,2016.0
JSWSTEEL,Steel,return_on_equity_pct,7.73,54.17,2015.0
JSWSTEEL,Steel,return_on_equity_pct,5.44,60.42,2013.0
JSWSTEEL,Steel,return_on_equity_pct,1.9,68.75,2014.0
JSWSTEEL,Steel,return_on_equity_pct,11.55,29.17,2024.0
JSWSTEEL,Steel,return_on_equity_pct,10.71,35.42,2020.0
JINDALSTEL,Steel,return_on_equity_pct,18.99,12.5,2022.0
JINDALSTEL,Steel,return_on_equity_pct,13.41,23.96,2021.0
JINDALSTEL,Steel,return_on_equity_pct,-7.52,89.58,2019.0
JINDALSTEL,Steel,return_on_equity_pct,-1.24,77.08,2020.0
JINDALSTEL,Steel,return_on_equity_pct,-5.32,83.33,2018.0
JINDALSTEL,Steel,return_on_equity_pct,-8.45,91.67,2017.0
JINDALSTEL,Steel,return_on_equity_pct,13.89,20.83,2013.0
JINDALSTEL,Steel,return_on_equity_pct,10.27,39.58,2023.0
JINDALSTEL,Steel,return_on_equity_pct,8.39,50.0,2014.0
JINDALSTEL,Steel,return_on_equity_pct,-6.9,87.5,2015.0
JINDALSTEL,Steel,return_on_equity_pct,-9.52,93.75,2016.0
JINDALSTEL,Steel,return_on_equity_pct,13.41,23.96,2024.0
HINDALCO,Steel,return_on_equity_pct,17.56,14.58,2022.0
HINDALCO,Steel,return_on_equity_pct,6.46,56.25,2020.0
HINDALCO,Steel,return_on_equity_pct,10.65,37.5,2023.0
HINDALCO,Steel,return_on_equity_pct,11.09,31.25,2018.0
HINDALCO,Steel,return_on_equity_pct,9.57,41.67,2024.0
HINDALCO,Steel,return_on_equity_pct,-1.73,79.17,2016.0
HINDALCO,Steel,return_on_equity_pct,4.09,66.67,2017.0
HINDALCO,Steel,return_on_equity_pct,9.56,43.75,2019.0
HINDALCO,Steel,return_on_equity_pct,0.68,72.92,2015.0
HINDALCO,Steel,return_on_equity_pct,5.41,62.5,2014.0
HINDALCO,Steel,return_on_equity_pct,8.51,47.92,2013.0
HINDALCO,Steel,return_on_equity_pct,5.23,64.58,2021.0
TATASTEEL,Steel,net_profit_margin_pct,17.11,2.08,2022.0
TATASTEEL,Steel,net_profit_margin_pct,5.24,37.5,2021.0
TATASTEEL,Steel,net_profit_margin_pct,-2.14,83.33,2024.0
TATASTEEL,Steel,net_profit_margin_pct,-3.71,87.5,2017.0
TATASTEEL,Steel,net_profit_margin_pct,5.79,31.25,2019.0
TATASTEEL,Steel,net_profit_margin_pct,0.84,68.75,2020.0
TATASTEEL,Steel,net_profit_margin_pct,2.47,62.5,2014.0
TATASTEEL,Steel,net_profit_margin_pct,3.32,50.0,2023.0
TATASTEEL,Steel,net_profit_margin_pct,-2.82,85.42,2015.0
TATASTEEL,Steel,net_profit_margin_pct,14.4,6.25,2018.0
TATASTEEL,Steel,net_profit_margin_pct,-5.4,93.75,2013.0
TATASTEEL,Steel,net_profit_margin_pct,-0.49,75.0,2016.0
JSWSTEEL,Steel,net_profit_margin_pct,14.3,8.33,2022.0
JSWSTEEL,Steel,net_profit_margin_pct,8.88,20.83,2019.0
JSWSTEEL,Steel,net_profit_margin_pct,8.5,22.92,2018.0
JSWSTEEL,Steel,net_profit_margin_pct,9.86,16.67,2021.0
JSWSTEEL,Steel,net_profit_margin_pct,6.24,29.17,2017.0
JSWSTEEL,Steel,net_profit_margin_pct,2.49,60.42,2023.0
JSWSTEEL,Steel,net_profit_margin_pct,-1.16,81.25,2016.0
JSWSTEEL,Steel,net_profit_margin_pct,3.25,52.08,2015.0
JSWSTEEL,Steel,net_profit_margin_pct,2.43,64.58,2013.0
JSWSTEEL,Steel,net_profit_margin_pct,0.78,70.83,2014.0
JSWSTEEL,Steel,net_profit_margin_pct,5.13,39.58,2024.0
JSWSTEEL,Steel,net_profit_margin_pct,5.34,33.33,2020.0
JINDALSTEL,Steel,net_profit_margin_pct,13.22,10.42,2022.0
JINDALSTEL,Steel,net_profit_margin_pct,12.34,12.5,2021.0
JINDALSTEL,Steel,net_profit_margin_pct,-5.14,91.67,2019.0
JINDALSTEL,Steel,net_profit_margin_pct,-1.05,79.17,2020.0
JINDALSTEL,Steel,net_profit_margin_pct,-4.85,89.58,2018.0
JINDALSTEL,Steel,net_profit_margin_pct,-11.75,97.92,2017.0
JINDALSTEL,Steel,net_profit_margin_pct,14.9,4.17,2013.0
JINDALSTEL,Steel,net_profit_margin_pct,7.47,25.0,2023.0
JINDALSTEL,Steel,net_profit_margin_pct,9.83,18.75,2014.0
JINDALSTEL,Steel,net_profit_margin_pct,-7.48,95.83,2015.0
JINDALSTEL,Steel,net_profit_margin_pct,-15.86,100.0,2016.0
JINDALSTEL,Steel,net_profit_margin_pct,11.8,14.58,2024.0
HINDALCO,Steel,net_profit_margin_pct,7.04,27.08,2022.0
HINDALCO,Steel,net_profit_margin_pct,3.19,54.17,2020.0
HINDALCO,Steel,net_profit_margin_pct,4.52,43.75,2023.0
HINDALCO,Steel,net_profit_margin_pct,5.28,35.42,2018.0
HINDALCO,Steel,net_profit_margin_pct,4.7,41.67,2024.0
HINDALCO,Steel,net_profit_margin_pct,-0.71,77.08,2016.0
HINDALCO,Steel,net_profit_margin_pct,1.88,66.67,2017.0
HINDALCO,Steel,net_profit_margin_pct,4.21,45.83,2019.0
HINDALCO,Steel,net_profit_margin_pct,0.25,72.92,2015.0
HINDALCO,Steel,net_profit_margin_pct,2.5,58.33,2014.0
HINDALCO,Steel,net_profit_margin_pct,3.75,47.92,2013.0
HINDALCO,Steel,net_profit_margin_pct,2.64,56.25,2021.0
TATASTEEL,Steel,operating_profit_margin_pct,26.02,39.58,2022.0
TATASTEEL,Steel,operating_profit_margin_pct,19.52,54.17,2021.0
TATASTEEL,Steel,operating_profit_margin_pct,9.71,93.75,2024.0
TATASTEEL,Steel,operating_profit_margin_pct,11.7,87.5,2017.0
TATASTEEL,Steel,operating_profit_margin_pct,18.59,60.42,2019.0
TATASTEEL,Steel,operating_profit_margin_pct,12.49,85.42,2020.0
TATASTEEL,Steel,operating_profit_margin_pct,10.89,91.67,2014.0
TATASTEEL,Steel,operating_profit_margin_pct,13.27,83.33,2023.0
TATASTEEL,Steel,operating_profit_margin_pct,2.44,97.92,2015.0
TATASTEEL,Steel,operating_profit_margin_pct,17.39,72.92,2018.0
TATASTEEL,Steel,operating_profit_margin_pct,2.94,95.83,2013.0
TATASTEEL,Steel,operating_profit_margin_pct,-0.61,100.0,2016.0
JSWSTEEL,Steel,operating_profit_margin_pct,26.72,37.5,2022.0
JSWSTEEL,Steel,operating_profit_margin_pct,22.33,43.75,2019.0
JSWSTEEL,Steel,operating_profit_margin_pct,20.74,50.0,2018.0
JSWSTEEL,Steel,operating_profit_margin_pct,25.27,41.67,2021.0
JSWSTEEL,Steel,operating_profit_margin_pct,22.14,45.83,2017.0
JSWSTEEL,Steel,operating_profit_margin_pct,11.13,89.58,2023.0
JSWSTEEL,Steel,operating_profit_margin_pct,15.46,81.25,2016.0
JSWSTEEL,Steel,operating_profit_margin_pct,17.68,68.75,2015.0
JSWSTEEL,Steel,operating_profit_margin_pct,17.04,75.0,2013.0
JSWSTEEL,Steel,operating_profit_margin_pct,17.9,66.67,2014.0
JSWSTEEL,Steel,operating_profit_margin_pct,16.09,79.17,2024.0
JSWSTEEL,Steel,operating_profit_margin_pct,16.11,77.08,2020.0
JINDALSTEL,Steel,operating_profit_margin_pct,30.32,31.25,2022.0
JINDALSTEL,Steel,operating_profit_margin_pct,31.62,27.08,2021.0
JINDALSTEL,Steel,operating_profit_margin_pct,17.91,64.58,2019.0
JINDALSTEL,Steel,operating_profit_margin_pct,18.01,62.5,2020.0
JINDALSTEL,Steel,operating_profit_margin_pct,19.43,56.25,2018.0
JINDALSTEL,Steel,operating_profit_margin_pct,21.8,47.92,2017.0
JINDALSTEL,Steel,operating_profit_margin_pct,30.83,29.17,2013.0
JINDALSTEL,Steel,operating_profit_margin_pct,18.68,58.33,2023.0
JINDALSTEL,Steel,operating_profit_margin_pct,30.07,33.33,2014.0
JINDALSTEL,Steel,operating_profit_margin_pct,28.16,35.42,2015.0
JINDALSTEL,Steel,operating_profit_margin_pct,17.65,70.83,2016.0
JINDALSTEL,Steel,operating_profit_margin_pct,20.26,52.08,2024.0
HINDALCO,Steel,operating_profit_margin_pct,85.47,25.0,2022.0
HINDALCO,Steel,operating_profit_margin_pct,87.89,18.75,2020.0
HINDALCO,Steel,operating_profit_margin_pct,89.85,10.42,2023.0
HINDALCO,Steel,operating_profit_margin_pct,88.11,16.67,2018.0
HINDALCO,Steel,operating_profit_margin_pct,88.95,12.5,2024.0
HINDALCO,Steel,operating_profit_margin_pct,92.12,2.08,2016.0
HINDALCO,Steel,operating_profit_margin_pct,87.71,20.83,2017.0
HINDALCO,Steel,operating_profit_margin_pct,88.12,14.58,2019.0
HINDALCO,Steel,operating_profit_margin_pct,91.52,4.17,2015.0
HINDALCO,Steel,operating_profit_margin_pct,90.85,6.25,2014.0
HINDALCO,Steel,operating_profit_margin_pct,90.4,8.33,2013.0
HINDALCO,Steel,operating_profit_margin_pct,86.7,22.92,2021.0
TATASTEEL,Steel,debt_to_equity,0.66,12.5,2022.0
TATASTEEL,Steel,debt_to_equity,1.19,39.58,2021.0
TATASTEEL,Steel,debt_to_equity,0.95,23.96,2024.0
TATASTEEL,Steel,debt_to_equity,2.2,95.83,2017.0
TATASTEEL,Steel,debt_to_equity,1.46,60.42,2019.0
TATASTEEL,Steel,debt_to_equity,1.58,66.67,2020.0
TATASTEEL,Steel,debt_to_equity,2.01,90.62,2014.0
TATASTEEL,Steel,debt_to_equity,0.82,15.62,2023.0
TATASTEEL,Steel,debt_to_equity,2.57,100.0,2015.0
TATASTEEL,Steel,debt_to_equity,1.51,62.5,2018.0
TATASTEEL,Steel,debt_to_equity,2.01,90.62,2013.0
TATASTEEL,Steel,debt_to_equity,1.87,85.42,2016.0
JSWSTEEL,Steel,debt_to_equity,1.07,29.17,2022.0
JSWSTEEL,Steel,debt_to_equity,1.36,50.0,2019.0
JSWSTEEL,Steel,debt_to_equity,1.41,55.21,2018.0
JSWSTEEL,Steel,debt_to_equity,1.33,47.92,2021.0
JSWSTEEL,Steel,debt_to_equity,1.91,87.5,2017.0
JSWSTEEL,Steel,debt_to_equity,1.23,42.71,2023.0
JSWSTEEL,Steel,debt_to_equity,2.23,97.92,2016.0
JSWSTEEL,Steel,debt_to_equity,1.74,81.25,2015.0
JSWSTEEL,Steel,debt_to_equity,1.27,45.83,2013.0
JSWSTEEL,Steel,debt_to_equity,1.68,78.12,2014.0
JSWSTEEL,Steel,debt_to_equity,1.13,31.25,2024.0
JSWSTEEL,Steel,debt_to_equity,1.68,78.12,2020.0
JINDALSTEL,Steel,debt_to_equity,0.38,6.25,2022.0
JINDALSTEL,Steel,debt_to_equity,0.94,20.83,2021.0
JINDALSTEL,Steel,debt_to_equity,1.23,42.71,2019.0
JINDALSTEL,Steel,debt_to_equity,1.15,33.33,2020.0
JINDALSTEL,Steel,debt_to_equity,1.41,55.21,2018.0
JINDALSTEL,Steel,debt_to_equity,1.53,64.58,2017.0
JINDALSTEL,Steel,debt_to_equity,1.16,35.42,2013.0
JINDALSTEL,Steel,debt_to_equity,0.34,2.08,2023.0
JINDALSTEL,Steel,debt_to_equity,1.61,71.88,2014.0
JINDALSTEL,Steel,debt_to_equity,2.16,93.75,2015.0
JINDALSTEL,Steel,debt_to_equity,1.44,58.33,2016.0
JINDALSTEL,Steel,debt_to_equity,0.37,4.17,2024.0
HINDALCO,Steel,debt_to_equity,0.82,15.62,2022.0
HINDALCO,Steel,debt_to_equity,1.17,37.5,2020.0
HINDALCO,Steel,debt_to_equity,0.64,10.42,2023.0
HINDALCO,Steel,debt_to_equity,0.95,23.96,2018.0
HINDALCO,Steel,debt_to_equity,0.53,8.33,2024.0
HINDALCO,Steel,debt_to_equity,1.66,75.0,2016.0
HINDALCO,Steel,debt_to_equity,1.39,52.08,2017.0
HINDALCO,Steel,debt_to_equity,0.91,18.75,2019.0
HINDALCO,Steel,debt_to_equity,1.79,83.33,2015.0
HINDALCO,Steel,debt_to_equity,1.59,68.75,2014.0
HINDALCO,Steel,debt_to_equity,1.61,71.88,2013.0
HINDALCO,Steel,debt_to_equity,1.01,27.08,2021.0
TATASTEEL,Steel,free_cash_flow,33476.0,4.17,2022.0
TATASTEEL,Steel,free_cash_flow,34890.0,2.08,2021.0
TATASTEEL,Steel,free_cash_flow,6048.0,41.67,2024.0
TATASTEEL,Steel,free_cash_flow,1334.0,66.67,2017.0
TATASTEEL,Steel,free_cash_flow,-3840.0,87.5,2019.0
TATASTEEL,Steel,free_cash_flow,6157.0,39.58,2020.0
TATASTEEL,Steel,free_cash_flow,-2232.0,77.08,2014.0
TATASTEEL,Steel,free_cash_flow,3504.0,47.92,2023.0
TATASTEEL,Steel,free_cash_flow,2859.0,58.33,2015.0
TATASTEEL,Steel,free_cash_flow,-3707.0,85.42,2018.0
TATASTEEL,Steel,free_cash_flow,936.0,68.75,2013.0
TATASTEEL,Steel,free_cash_flow,2661.0,62.5,2016.0
JSWSTEEL,Steel,free_cash_flow,11522.0,14.58,2022.0
JSWSTEEL,Steel,free_cash_flow,3246.0,54.17,2019.0
JSWSTEEL,Steel,free_cash_flow,7850.0,31.25,2018.0
JSWSTEEL,Steel,free_cash_flow,11087.0,16.67,2021.0
JSWSTEEL,Steel,free_cash_flow,2794.0,60.42,2017.0
JSWSTEEL,Steel,free_cash_flow,12593.0,10.42,2023.0
JSWSTEEL,Steel,free_cash_flow,3040.0,56.25,2016.0
JSWSTEEL,Steel,free_cash_flow,504.0,70.83,2015.0
JSWSTEEL,Steel,free_cash_flow,411.0,72.92,2013.0
JSWSTEEL,Steel,free_cash_flow,-3024.0,83.33,2014.0
JSWSTEEL,Steel,free_cash_flow,-2389.0,81.25,2024.0
JSWSTEEL,Steel,free_cash_flow,-6804.0,93.75,2020.0
JINDALSTEL,Steel,free_cash_flow,13717.0,8.33,2022.0
JINDALSTEL,Steel,free_cash_flow,10077.0,18.75,2021.0
JINDALSTEL,Steel,free_cash_flow,8195.0,29.17,2019.0
JINDALSTEL,Steel,free_cash_flow,7338.0,33.33,2020.0
JINDALSTEL,Steel,free_cash_flow,6293.0,37.5,2018.0
JINDALSTEL,Steel,free_cash_flow,4852.0,45.83,2017.0
JINDALSTEL,Steel,free_cash_flow,-6069.0,91.67,2013.0
JINDALSTEL,Steel,free_cash_flow,3257.0,52.08,2023.0
JINDALSTEL,Steel,free_cash_flow,-8114.0,97.92,2014.0
JINDALSTEL,Steel,free_cash_flow,-5535.0,89.58,2015.0
JINDALSTEL,Steel,free_cash_flow,2071.0,64.58,2016.0
JINDALSTEL,Steel,free_cash_flow,-2336.0,79.17,2024.0
HINDALCO,Steel,free_cash_flow,10065.0,20.83,2022.0
HINDALCO,Steel,free_cash_flow,5518.0,43.75,2020.0
HINDALCO,Steel,free_cash_flow,11649.0,12.5,2023.0
HINDALCO,Steel,free_cash_flow,16231.0,6.25,2018.0
HINDALCO,Steel,free_cash_flow,9789.0,25.0,2024.0
HINDALCO,Steel,free_cash_flow,8468.0,27.08,2016.0
HINDALCO,Steel,free_cash_flow,9811.0,22.92,2017.0
HINDALCO,Steel,free_cash_flow,6521.0,35.42,2019.0
HINDALCO,Steel,free_cash_flow,3270.0,50.0,2015.0
HINDALCO,Steel,free_cash_flow,-139.0,75.0,2014.0
HINDALCO,Steel,free_cash_flow,-10824.0,100.0,2013.0
HINDALCO,Steel,free_cash_flow,-8048.0,95.83,2021.0
TATASTEEL,Steel,revenue_cagr_5yr,16.785302798093515,17.86,2022.0
TATASTEEL,Steel,revenue_cagr_5yr,8.917643492126203,64.29,2021.0
TATASTEEL,Steel,revenue_cagr_5yr,7.766224835881497,71.43,2024.0
TATASTEEL,Steel,revenue_cagr_5yr,,,2017.0
TATASTEEL,Steel,revenue_cagr_5yr,1.1899352303948563,92.86,2019.0
TATASTEEL,Steel,revenue_cagr_5yr,0.04483304721332182,96.43,2020.0
TATASTEEL,Steel,revenue_cagr_5yr,,,2014.0
TATASTEEL,Steel,revenue_cagr_5yr,14.575209507250019,25.0,2023.0
TATASTEEL,Steel,revenue_cagr_5yr,,,2015.0
TATASTEEL,Steel,revenue_cagr_5yr,-1.7629247393143754,100.0,2018.0
TATASTEEL,Steel,revenue_cagr_5yr,,,2013.0
TATASTEEL,Steel,revenue_cagr_5yr,,,2016.0
JSWSTEEL,Steel,revenue_cagr_5yr,21.35838854644947,3.57,2022.0
JSWSTEEL,Steel,revenue_cagr_5yr,10.597981401367097,53.57,2019.0
JSWSTEEL,Steel,revenue_cagr_5yr,13.488074366619983,42.86,2018.0
JSWSTEEL,Steel,revenue_cagr_5yr,13.955994183906961,39.29,2021.0
JSWSTEEL,Steel,revenue_cagr_5yr,,,2017.0
JSWSTEEL,Steel,revenue_cagr_5yr,18.199339744214637,14.29,2023.0
JSWSTEEL,Steel,revenue_cagr_5yr,,,2016.0
JSWSTEEL,Steel,revenue_cagr_5yr,,,2015.0
JSWSTEEL,Steel,revenue_cagr_5yr,,,2013.0
JSWSTEEL,Steel,revenue_cagr_5yr,,,2014.0
JSWSTEEL,Steel,revenue_cagr_5yr,15.604695052452788,21.43,2024.0
JSWSTEEL,Steel,revenue_cagr_5yr,6.719141968738929,78.57,2020.0
JINDALSTEL,Steel,revenue_cagr_5yr,18.82107580889585,10.71,2022.0
JINDALSTEL,Steel,revenue_cagr_5yr,12.174400426686717,46.43,2021.0
JINDALSTEL,Steel,revenue_cagr_5yr,19.483595321619717,7.14,2019.0
JINDALSTEL,Steel,revenue_cagr_5yr,14.344614348072525,28.57,2020.0
JINDALSTEL,Steel,revenue_cagr_5yr,10.94010726559529,50.0,2018.0
JINDALSTEL,Steel,revenue_cagr_5yr,,,2017.0
JINDALSTEL,Steel,revenue_cagr_5yr,,,2013.0
JINDALSTEL,Steel,revenue_cagr_5yr,9.837235785942955,60.71,2023.0
JINDALSTEL,Steel,revenue_cagr_5yr,,,2014.0
JINDALSTEL,Steel,revenue_cagr_5yr,,,2015.0
JINDALSTEL,Steel,revenue_cagr_5yr,,,2016.0
JINDALSTEL,Steel,revenue_cagr_5yr,1.4028310947741707,89.29,2024.0
HINDALCO,Steel,revenue_cagr_5yr,14.254555528747236,32.14,2022.0
HINDALCO,Steel,revenue_cagr_5yr,2.527719294421793,85.71,2020.0
HINDALCO,Steel,revenue_cagr_5yr,14.146326442125012,35.71,2023.0
HINDALCO,Steel,revenue_cagr_5yr,7.51037706220592,75.0,2018.0
HINDALCO,Steel,revenue_cagr_5yr,10.592433818985914,57.14,2024.0
HINDALCO,Steel,revenue_cagr_5yr,,,2016.0
HINDALCO,Steel,revenue_cagr_5yr,,,2017.0
HINDALCO,Steel,revenue_cagr_5yr,8.281705099970505,67.86,2019.0
HINDALCO,Steel,revenue_cagr_5yr,,,2015.0
HINDALCO,Steel,revenue_cagr_5yr,,,2014.0
HINDALCO,Steel,revenue_cagr_5yr,,,2013.0
HINDALCO,Steel,revenue_cagr_5yr,5.97531435810712,82.14,2021.0
TATASTEEL,Steel,pat_cagr_5yr,,,2022.0
TATASTEEL,Steel,pat_cagr_5yr,,,2021.0
TATASTEEL,Steel,pat_cagr_5yr,,,2024.0
TATASTEEL,Steel,pat_cagr_5yr,,,2017.0
TATASTEEL,Steel,pat_cagr_5yr,20.006071169121277,50.0,2019.0
TATASTEEL,Steel,pat_cagr_5yr,,,2020.0
TATASTEEL,Steel,pat_cagr_5yr,,,2014.0
TATASTEEL,Steel,pat_cagr_5yr,-14.56750384775095,100.0,2023.0
TATASTEEL,Steel,pat_cagr_5yr,,,2015.0
TATASTEEL,Steel,pat_cagr_5yr,,,2018.0
TATASTEEL,Steel,pat_cagr_5yr,,,2013.0
TATASTEEL,Steel,pat_cagr_5yr,,,2016.0
JSWSTEEL,Steel,pat_cagr_5yr,43.283529441726955,35.71,2022.0
JSWSTEEL,Steel,pat_cagr_5yr,79.65716688248622,7.14,2019.0
JSWSTEEL,Steel,pat_cagr_5yr,45.763147097236654,28.57,2018.0
JSWSTEEL,Steel,pat_cagr_5yr,,,2021.0
JSWSTEEL,Steel,pat_cagr_5yr,,,2017.0
JSWSTEEL,Steel,pat_cagr_5yr,-7.502880977365567,92.86,2023.0
JSWSTEEL,Steel,pat_cagr_5yr,,,2016.0
JSWSTEEL,Steel,pat_cagr_5yr,,,2015.0
JSWSTEEL,Steel,pat_cagr_5yr,,,2013.0
JSWSTEEL,Steel,pat_cagr_5yr,,,2014.0
JSWSTEEL,Steel,pat_cagr_5yr,3.585216043903361,85.71,2024.0
JSWSTEEL,Steel,pat_cagr_5yr,17.87682326651079,57.14,2020.0
JINDALSTEL,Steel,pat_cagr_5yr,,,2022.0
JINDALSTEL,Steel,pat_cagr_5yr,,,2021.0
JINDALSTEL,Steel,pat_cagr_5yr,,,2019.0
JINDALSTEL,Steel,pat_cagr_5yr,,,2020.0
JINDALSTEL,Steel,pat_cagr_5yr,,,2018.0
JINDALSTEL,Steel,pat_cagr_5yr,,,2017.0
JINDALSTEL,Steel,pat_cagr_5yr,,,2013.0
JINDALSTEL,Steel,pat_cagr_5yr,,,2023.0
JINDALSTEL,Steel,pat_cagr_5yr,,,2014.0
JINDALSTEL,Steel,pat_cagr_5yr,,,2015.0
JINDALSTEL,Steel,pat_cagr_5yr,,,2016.0
JINDALSTEL,Steel,pat_cagr_5yr,,,2024.0
HINDALCO,Steel,pat_cagr_5yr,48.802484878438634,21.43,2022.0
HINDALCO,Steel,pat_cagr_5yr,70.82017845038192,14.29,2020.0
HINDALCO,Steel,pat_cagr_5yr,10.666177153274848,78.57,2023.0
HINDALCO,Steel,pat_cagr_5yr,15.132219678170777,64.29,2018.0
HINDALCO,Steel,pat_cagr_5yr,13.06871230695661,71.43,2024.0
HINDALCO,Steel,pat_cagr_5yr,,,2016.0
HINDALCO,Steel,pat_cagr_5yr,,,2017.0
HINDALCO,Steel,pat_cagr_5yr,20.145258021945757,42.86,2019.0
HINDALCO,Steel,pat_cagr_5yr,,,2015.0
HINDALCO,Steel,pat_cagr_5yr,,,2014.0
HINDALCO,Steel,pat_cagr_5yr,,,2013.0
HINDALCO,Steel,pat_cagr_5yr,,,2021.0
TATASTEEL,Steel,eps_cagr_5yr,,,2022.0
TATASTEEL,Steel,eps_cagr_5yr,,,2021.0
TATASTEEL,Steel,eps_cagr_5yr,,,2024.0
TATASTEEL,Steel,eps_cagr_5yr,,,2017.0
TATASTEEL,Steel,eps_cagr_5yr,24.57309396155174,42.86,2019.0
TATASTEEL,Steel,eps_cagr_5yr,,,2020.0
TATASTEEL,Steel,eps_cagr_5yr,,,2014.0
TATASTEEL,Steel,eps_cagr_5yr,-10.219223176287473,100.0,2023.0
TATASTEEL,Steel,eps_cagr_5yr,,,2015.0
TATASTEEL,Steel,eps_cagr_5yr,,,2018.0
TATASTEEL,Steel,eps_cagr_5yr,,,2013.0
TATASTEEL,Steel,eps_cagr_5yr,,,2016.0
JSWSTEEL,Steel,eps_cagr_5yr,41.470384317198224,28.57,2022.0
JSWSTEEL,Steel,eps_cagr_5yr,74.11011265922482,7.14,2019.0
JSWSTEEL,Steel,eps_cagr_5yr,45.40611511009971,21.43,2018.0
JSWSTEEL,Steel,eps_cagr_5yr,,,2021.0
JSWSTEEL,Steel,eps_cagr_5yr,,,2017.0
JSWSTEEL,Steel,eps_cagr_5yr,-8.14662577923444,92.86,2023.0
JSWSTEEL,Steel,eps_cagr_5yr,,,2016.0
JSWSTEEL,Steel,eps_cagr_5yr,,,2015.0
JSWSTEEL,Steel,eps_cagr_5yr,,,2013.0
JSWSTEEL,Steel,eps_cagr_5yr,,,2014.0
JSWSTEEL,Steel,eps_cagr_5yr,2.3836255539609663,85.71,2024.0
JSWSTEEL,Steel,eps_cagr_5yr,19.418105281717768,50.0,2020.0
JINDALSTEL,Steel,eps_cagr_5yr,,,2022.0
JINDALSTEL,Steel,eps_cagr_5yr,,,2021.0
JINDALSTEL,Steel,eps_cagr_5yr,,,2019.0
JINDALSTEL,Steel,eps_cagr_5yr,,,2020.0
JINDALSTEL,Steel,eps_cagr_5yr,,,2018.0
JINDALSTEL,Steel,eps_cagr_5yr,,,2017.0
JINDALSTEL,Steel,eps_cagr_5yr,,,2013.0
JINDALSTEL,Steel,eps_cagr_5yr,,,2023.0
JINDALSTEL,Steel,eps_cagr_5yr,,,2014.0
JINDALSTEL,Steel,eps_cagr_5yr,,,2015.0
JINDALSTEL,Steel,eps_cagr_5yr,,,2016.0
JINDALSTEL,Steel,eps_cagr_5yr,,,2024.0
HINDALCO,Steel,eps_cagr_5yr,50.123254069409185,14.29,2022.0
HINDALCO,Steel,eps_cagr_5yr,33.56042305195701,35.71,2020.0
HINDALCO,Steel,eps_cagr_5yr,10.756634324829006,78.57,2023.0
HINDALCO,Steel,eps_cagr_5yr,11.032151746146003,71.43,2018.0
HINDALCO,Steel,eps_cagr_5yr,13.396657763302722,64.29,2024.0
HINDALCO,Steel,eps_cagr_5yr,,,2016.0
HINDALCO,Steel,eps_cagr_5yr,,,2017.0
HINDALCO,Steel,eps_cagr_5yr,16.8863268921301,57.14,2019.0
HINDALCO,Steel,eps_cagr_5yr,,,2015.0
HINDALCO,Steel,eps_cagr_5yr,,,2014.0
HINDALCO,Steel,eps_cagr_5yr,,,2013.0
HINDALCO,Steel,eps_cagr_5yr,,,2021.0
TATASTEEL,Steel,interest_coverage,11.86,22.92,2022.0
TATASTEEL,Steel,interest_coverage,4.03,46.88,2021.0
TATASTEEL,Steel,interest_coverage,2.16,72.92,2024.0
TATASTEEL,Steel,interest_coverage,1.84,79.17,2017.0
TATASTEEL,Steel,interest_coverage,4.03,46.88,2019.0
TATASTEEL,Steel,interest_coverage,1.94,76.04,2020.0
TATASTEEL,Steel,interest_coverage,3.9,52.08,2014.0
TATASTEEL,Steel,interest_coverage,5.38,37.5,2023.0
TATASTEEL,Steel,interest_coverage,1.94,76.04,2015.0
TATASTEEL,Steel,interest_coverage,5.93,35.42,2018.0
TATASTEEL,Steel,interest_coverage,1.36,89.58,2013.0
TATASTEEL,Steel,interest_coverage,2.3,70.83,2016.0
JSWSTEEL,Steel,interest_coverage,8.2,25.0,2022.0
JSWSTEEL,Steel,interest_coverage,4.88,41.67,2019.0
JSWSTEEL,Steel,interest_coverage,3.98,50.0,2018.0
JSWSTEEL,Steel,interest_coverage,5.22,39.58,2021.0
JSWSTEEL,Steel,interest_coverage,3.27,58.33,2017.0
JSWSTEEL,Steel,interest_coverage,2.9,62.5,2023.0
JSWSTEEL,Steel,interest_coverage,1.24,93.75,2016.0
JSWSTEEL,Steel,interest_coverage,2.71,64.58,2015.0
JSWSTEEL,Steel,interest_coverage,3.15,60.42,2013.0
JSWSTEEL,Steel,interest_coverage,2.47,68.75,2014.0
JSWSTEEL,Steel,interest_coverage,3.66,54.17,2024.0
JSWSTEEL,Steel,interest_coverage,2.7,66.67,2020.0
JINDALSTEL,Steel,interest_coverage,7.24,29.17,2022.0
JINDALSTEL,Steel,interest_coverage,4.08,43.75,2021.0
JINDALSTEL,Steel,interest_coverage,1.63,83.33,2019.0
JINDALSTEL,Steel,interest_coverage,1.83,81.25,2020.0
JINDALSTEL,Steel,interest_coverage,1.52,85.42,2018.0
JINDALSTEL,Steel,interest_coverage,1.26,91.67,2017.0
JINDALSTEL,Steel,interest_coverage,6.03,33.33,2013.0
JINDALSTEL,Steel,interest_coverage,6.5,31.25,2023.0
JINDALSTEL,Steel,interest_coverage,3.4,56.25,2014.0
JINDALSTEL,Steel,interest_coverage,1.41,87.5,2015.0
JINDALSTEL,Steel,interest_coverage,1.03,95.83,2016.0
JINDALSTEL,Steel,interest_coverage,8.0,27.08,2024.0
HINDALCO,Steel,interest_coverage,133.06,4.17,2022.0
HINDALCO,Steel,interest_coverage,114.62,10.42,2020.0
HINDALCO,Steel,interest_coverage,153.44,2.08,2023.0
HINDALCO,Steel,interest_coverage,35.26,20.83,2018.0
HINDALCO,Steel,interest_coverage,126.47,6.25,2024.0
HINDALCO,Steel,interest_coverage,60.66,18.75,2016.0
HINDALCO,Steel,interest_coverage,73.35,14.58,2017.0
HINDALCO,Steel,interest_coverage,102.08,12.5,2019.0
HINDALCO,Steel,interest_coverage,-114.72,97.92,2015.0
HINDALCO,Steel,interest_coverage,117.7,8.33,2014.0
HINDALCO,Steel,interest_coverage,65.26,16.67,2013.0
HINDALCO,Steel,interest_coverage,-115.97,100.0,2021.0
TATASTEEL,Steel,asset_turnover,0.86,15.62,2022.0
TATASTEEL,Steel,asset_turnover,0.64,62.5,2021.0
TATASTEEL,Steel,asset_turnover,0.85,19.79,2024.0
TATASTEEL,Steel,asset_turnover,0.65,58.33,2017.0
TATASTEEL,Steel,asset_turnover,0.68,47.92,2019.0
TATASTEEL,Steel,asset_turnover,0.56,76.04,2020.0
TATASTEEL,Steel,asset_turnover,0.87,12.5,2014.0
TATASTEEL,Steel,asset_turnover,0.85,19.79,2023.0
TATASTEEL,Steel,asset_turnover,0.88,9.38,2015.0
TATASTEEL,Steel,asset_turnover,0.59,70.83,2018.0
TATASTEEL,Steel,asset_turnover,0.92,6.25,2013.0
TATASTEEL,Steel,asset_turnover,0.58,72.92,2016.0
JSWSTEEL,Steel,asset_turnover,0.74,35.42,2022.0
JSWSTEEL,Steel,asset_turnover,0.74,35.42,2019.0
JSWSTEEL,Steel,asset_turnover,0.78,26.04,2018.0
JSWSTEEL,Steel,asset_turnover,0.54,79.17,2021.0
JSWSTEEL,Steel,asset_turnover,0.63,66.67,2017.0
JSWSTEEL,Steel,asset_turnover,0.79,22.92,2023.0
JSWSTEEL,Steel,asset_turnover,0.51,83.33,2016.0
JSWSTEEL,Steel,asset_turnover,0.62,68.75,2015.0
JSWSTEEL,Steel,asset_turnover,0.66,55.21,2013.0
JSWSTEEL,Steel,asset_turnover,0.66,55.21,2014.0
JSWSTEEL,Steel,asset_turnover,0.77,30.21,2024.0
JSWSTEEL,Steel,asset_turnover,0.56,76.04,2020.0
JINDALSTEL,Steel,asset_turnover,0.67,51.04,2022.0
JINDALSTEL,Steel,asset_turnover,0.44,85.42,2021.0
JINDALSTEL,Steel,asset_turnover,0.53,81.25,2019.0
JINDALSTEL,Steel,asset_turnover,0.42,87.5,2020.0
JINDALSTEL,Steel,asset_turnover,0.37,89.58,2018.0
JINDALSTEL,Steel,asset_turnover,0.24,97.92,2017.0
JINDALSTEL,Steel,asset_turnover,0.35,91.67,2013.0
JINDALSTEL,Steel,asset_turnover,0.77,30.21,2023.0
JINDALSTEL,Steel,asset_turnover,0.28,93.75,2014.0
JINDALSTEL,Steel,asset_turnover,0.26,95.83,2015.0
JINDALSTEL,Steel,asset_turnover,0.21,100.0,2016.0
JINDALSTEL,Steel,asset_turnover,0.64,62.5,2024.0
HINDALCO,Steel,asset_turnover,0.88,9.38,2022.0
HINDALCO,Steel,asset_turnover,0.7,41.67,2020.0
HINDALCO,Steel,asset_turnover,1.0,2.08,2023.0
HINDALCO,Steel,asset_turnover,0.78,26.04,2018.0
HINDALCO,Steel,asset_turnover,0.94,4.17,2024.0
HINDALCO,Steel,asset_turnover,0.7,41.67,2016.0
HINDALCO,Steel,asset_turnover,0.69,45.83,2017.0
HINDALCO,Steel,asset_turnover,0.86,15.62,2019.0
HINDALCO,Steel,asset_turnover,0.74,35.42,2015.0
HINDALCO,Steel,asset_turnover,0.64,62.5,2014.0
HINDALCO,Steel,asset_turnover,0.67,51.04,2013.0
HINDALCO,Steel,asset_turnover,0.7,41.67,2021.0
HINDUNILVR,FMCG,return_on_equity_pct,134.0,1.19,2013.0
HINDUNILVR,FMCG,return_on_equity_pct,20.16,71.43,2023.0
HINDUNILVR,FMCG,return_on_equity_pct,111.85,4.76,2014.0
HINDUNILVR,FMCG,return_on_equity_pct,108.67,7.14,2015.0
HINDUNILVR,FMCG,return_on_equity_pct,20.07,72.62,2024.0
HINDUNILVR,FMCG,return_on_equity_pct,63.15,17.86,2016.0
HINDUNILVR,FMCG,return_on_equity_pct,18.12,80.95,2022.0
HINDUNILVR,FMCG,return_on_equity_pct,66.58,15.48,2017.0
HINDUNILVR,FMCG,return_on_equity_pct,16.78,82.14,2021.0
HINDUNILVR,FMCG,return_on_equity_pct,82.1,11.9,2020.0
HINDUNILVR,FMCG,return_on_equity_pct,77.03,13.1,2019.0
HINDUNILVR,FMCG,return_on_equity_pct,71.79,14.29,2018.0
ITC,FMCG,return_on_equity_pct,27.85,47.62,2024.0
ITC,FMCG,return_on_equity_pct,28.16,46.43,2023.0
ITC,FMCG,return_on_equity_pct,22.18,63.1,2021.0
ITC,FMCG,return_on_equity_pct,24.82,54.76,2022.0
ITC,FMCG,return_on_equity_pct,22.57,60.71,2017.0
ITC,FMCG,return_on_equity_pct,23.89,57.14,2020.0
ITC,FMCG,return_on_equity_pct,22.26,61.9,2016.0
ITC,FMCG,return_on_equity_pct,33.05,35.71,2014.0
ITC,FMCG,return_on_equity_pct,30.81,41.67,2015.0
ITC,FMCG,return_on_equity_pct,21.7,68.45,2019.0
ITC,FMCG,return_on_equity_pct,21.89,66.67,2018.0
ITC,FMCG,return_on_equity_pct,33.27,34.52,2013.0
BRITANNIA,FMCG,return_on_equity_pct,29.48,45.24,2018.0
BRITANNIA,FMCG,return_on_equity_pct,52.17,22.62,2021.0
BRITANNIA,FMCG,return_on_equity_pct,27.16,48.81,2019.0
BRITANNIA,FMCG,return_on_equity_pct,65.53,16.67,2023.0
BRITANNIA,FMCG,return_on_equity_pct,54.15,21.43,2024.0
BRITANNIA,FMCG,return_on_equity_pct,59.27,19.05,2022.0
BRITANNIA,FMCG,return_on_equity_pct,39.44,29.76,2016.0
BRITANNIA,FMCG,return_on_equity_pct,32.83,36.9,2017.0
BRITANNIA,FMCG,return_on_equity_pct,31.66,40.48,2020.0
BRITANNIA,FMCG,return_on_equity_pct,55.34,20.24,2015.0
BRITANNIA,FMCG,return_on_equity_pct,49.5,23.81,2014.0
BRITANNIA,FMCG,return_on_equity_pct,46.59,26.19,2013.0
DABUR,FMCG,return_on_equity_pct,26.41,50.0,2017.0
DABUR,FMCG,return_on_equity_pct,30.06,44.05,2016.0
DABUR,FMCG,return_on_equity_pct,34.49,33.33,2014.0
DABUR,FMCG,return_on_equity_pct,31.84,39.29,2015.0
DABUR,FMCG,return_on_equity_pct,23.8,58.33,2018.0
DABUR,FMCG,return_on_equity_pct,36.56,30.95,2013.0
DABUR,FMCG,return_on_equity_pct,25.67,52.38,2019.0
DABUR,FMCG,return_on_equity_pct,20.78,70.24,2022.0
DABUR,FMCG,return_on_equity_pct,18.36,78.57,2024.0
DABUR,FMCG,return_on_equity_pct,18.96,76.19,2023.0
DABUR,FMCG,return_on_equity_pct,22.12,64.29,2021.0
DABUR,FMCG,return_on_equity_pct,21.92,65.48,2020.0
NESTLEIND,FMCG,return_on_equity_pct,103.12,8.33,2020.0
NESTLEIND,FMCG,return_on_equity_pct,117.75,3.57,2024.0
NESTLEIND,FMCG,return_on_equity_pct,121.96,2.38,2023.0
NESTLEIND,FMCG,return_on_equity_pct,97.23,10.71,2022.0
NESTLEIND,FMCG,return_on_equity_pct,108.84,5.95,2021.0
NESTLEIND,FMCG,return_on_equity_pct,47.17,25.0,2013.0
NESTLEIND,FMCG,return_on_equity_pct,41.77,28.57,2014.0
NESTLEIND,FMCG,return_on_equity_pct,35.82,32.14,2017.0
NESTLEIND,FMCG,return_on_equity_pct,19.99,73.81,2015.0
NESTLEIND,FMCG,return_on_equity_pct,30.5,42.86,2016.0
NESTLEIND,FMCG,return_on_equity_pct,102.61,9.52,2019.0
NESTLEIND,FMCG,return_on_equity_pct,43.75,27.38,2018.0
GODREJCP,FMCG,return_on_equity_pct,32.23,38.1,2019.0
GODREJCP,FMCG,return_on_equity_pct,26.11,51.19,2018.0
GODREJCP,FMCG,return_on_equity_pct,18.23,79.76,2021.0
GODREJCP,FMCG,return_on_equity_pct,24.67,55.95,2017.0
GODREJCP,FMCG,return_on_equity_pct,19.48,75.0,2016.0
GODREJCP,FMCG,return_on_equity_pct,22.64,59.52,2015.0
GODREJCP,FMCG,return_on_equity_pct,21.7,68.45,2014.0
GODREJCP,FMCG,return_on_equity_pct,25.51,53.57,2013.0
GODREJCP,FMCG,return_on_equity_pct,18.95,77.38,2020.0
GODREJCP,FMCG,return_on_equity_pct,15.43,83.33,2022.0
GODREJCP,FMCG,return_on_equity_pct,-4.45,100.0,2024.0
GODREJCP,FMCG,return_on_equity_pct,12.34,84.52,2023.0
TATACONSUM,FMCG,return_on_equity_pct,7.57,90.48,2024.0
TATACONSUM,FMCG,return_on_equity_pct,8.11,88.1,2023.0
TATACONSUM,FMCG,return_on_equity_pct,6.7,92.86,2022.0
TATACONSUM,FMCG,return_on_equity_pct,6.4,94.05,2021.0
TATACONSUM,FMCG,return_on_equity_pct,7.26,91.67,2017.0
TATACONSUM,FMCG,return_on_equity_pct,9.25,85.71,2013.0
TATACONSUM,FMCG,return_on_equity_pct,8.72,86.9,2014.0
TATACONSUM,FMCG,return_on_equity_pct,4.97,96.43,2015.0
TATACONSUM,FMCG,return_on_equity_pct,3.33,97.62,2020.0
TATACONSUM,FMCG,return_on_equity_pct,-0.59,98.81,2016.0
TATACONSUM,FMCG,return_on_equity_pct,7.91,89.29,2018.0
TATACONSUM,FMCG,return_on_equity_pct,6.23,95.24,2019.0
HINDUNILVR,FMCG,net_profit_margin_pct,14.22,47.62,2013.0
HINDUNILVR,FMCG,net_profit_margin_pct,16.74,25.0,2023.0
HINDUNILVR,FMCG,net_profit_margin_pct,13.53,57.14,2014.0
HINDUNILVR,FMCG,net_profit_margin_pct,13.69,54.76,2015.0
HINDUNILVR,FMCG,net_profit_margin_pct,16.61,27.38,2024.0
HINDUNILVR,FMCG,net_profit_margin_pct,12.9,60.71,2016.0
HINDUNILVR,FMCG,net_profit_margin_pct,16.95,22.62,2022.0
HINDUNILVR,FMCG,net_profit_margin_pct,13.54,55.95,2017.0
HINDUNILVR,FMCG,net_profit_margin_pct,17.01,19.05,2021.0
HINDUNILVR,FMCG,net_profit_margin_pct,16.98,20.83,2020.0
HINDUNILVR,FMCG,net_profit_margin_pct,15.42,38.1,2019.0
HINDUNILVR,FMCG,net_profit_margin_pct,14.71,41.67,2018.0
ITC,FMCG,net_profit_margin_pct,29.28,2.38,2024.0
ITC,FMCG,net_profit_margin_pct,27.46,3.57,2023.0
ITC,FMCG,net_profit_margin_pct,27.17,4.76,2021.0
ITC,FMCG,net_profit_margin_pct,25.56,8.33,2022.0
ITC,FMCG,net_profit_margin_pct,24.5,11.9,2017.0
ITC,FMCG,net_profit_margin_pct,31.57,1.19,2020.0
ITC,FMCG,net_profit_margin_pct,24.24,14.29,2016.0
ITC,FMCG,net_profit_margin_pct,25.49,9.52,2014.0
ITC,FMCG,net_profit_margin_pct,25.19,10.71,2015.0
ITC,FMCG,net_profit_margin_pct,26.55,5.95,2019.0
ITC,FMCG,net_profit_margin_pct,26.45,7.14,2018.0
ITC,FMCG,net_profit_margin_pct,24.37,13.1,2013.0
BRITANNIA,FMCG,net_profit_margin_pct,10.13,76.19,2018.0
BRITANNIA,FMCG,net_profit_margin_pct,14.09,52.38,2021.0
BRITANNIA,FMCG,net_profit_margin_pct,10.45,75.0,2019.0
BRITANNIA,FMCG,net_profit_margin_pct,14.21,48.81,2023.0
BRITANNIA,FMCG,net_profit_margin_pct,12.73,63.1,2024.0
BRITANNIA,FMCG,net_profit_margin_pct,10.72,73.81,2022.0
BRITANNIA,FMCG,net_profit_margin_pct,9.82,78.57,2016.0
BRITANNIA,FMCG,net_profit_margin_pct,9.77,79.76,2017.0
BRITANNIA,FMCG,net_profit_margin_pct,12.02,68.45,2020.0
BRITANNIA,FMCG,net_profit_margin_pct,8.77,82.14,2015.0
BRITANNIA,FMCG,net_profit_margin_pct,5.71,94.05,2014.0
BRITANNIA,FMCG,net_profit_margin_pct,4.2,96.43,2013.0
DABUR,FMCG,net_profit_margin_pct,16.81,23.81,2017.0
DABUR,FMCG,net_profit_margin_pct,16.12,30.36,2016.0
DABUR,FMCG,net_profit_margin_pct,12.98,59.52,2014.0
DABUR,FMCG,net_profit_margin_pct,13.7,53.57,2015.0
DABUR,FMCG,net_profit_margin_pct,17.59,17.86,2018.0
DABUR,FMCG,net_profit_margin_pct,12.48,64.29,2013.0
DABUR,FMCG,net_profit_margin_pct,16.98,20.83,2019.0
DABUR,FMCG,net_profit_margin_pct,16.0,32.14,2022.0
DABUR,FMCG,net_profit_margin_pct,14.6,42.86,2024.0
DABUR,FMCG,net_profit_margin_pct,14.75,40.48,2023.0
DABUR,FMCG,net_profit_margin_pct,17.73,16.67,2021.0
DABUR,FMCG,net_profit_margin_pct,16.67,26.19,2020.0
NESTLEIND,FMCG,net_profit_margin_pct,15.6,36.31,2020.0
NESTLEIND,FMCG,net_profit_margin_pct,16.12,30.36,2024.0
NESTLEIND,FMCG,net_profit_margin_pct,15.68,34.52,2023.0
NESTLEIND,FMCG,net_profit_margin_pct,14.15,50.0,2022.0
NESTLEIND,FMCG,net_profit_margin_pct,14.37,45.24,2021.0
NESTLEIND,FMCG,net_profit_margin_pct,12.27,65.48,2013.0
NESTLEIND,FMCG,net_profit_margin_pct,12.02,68.45,2014.0
NESTLEIND,FMCG,net_profit_margin_pct,12.24,66.67,2017.0
NESTLEIND,FMCG,net_profit_margin_pct,6.89,88.1,2015.0
NESTLEIND,FMCG,net_profit_margin_pct,10.95,71.43,2016.0
NESTLEIND,FMCG,net_profit_margin_pct,15.91,33.33,2019.0
NESTLEIND,FMCG,net_profit_margin_pct,14.23,46.43,2018.0
GODREJCP,FMCG,net_profit_margin_pct,22.71,15.48,2019.0
GODREJCP,FMCG,net_profit_margin_pct,16.59,28.57,2018.0
GODREJCP,FMCG,net_profit_margin_pct,15.6,36.31,2021.0
GODREJCP,FMCG,net_profit_margin_pct,14.11,51.19,2017.0
GODREJCP,FMCG,net_profit_margin_pct,9.86,77.38,2016.0
GODREJCP,FMCG,net_profit_margin_pct,11.8,70.24,2015.0
GODREJCP,FMCG,net_profit_margin_pct,10.78,72.62,2014.0
GODREJCP,FMCG,net_profit_margin_pct,13.18,58.33,2013.0
GODREJCP,FMCG,net_profit_margin_pct,15.1,39.29,2020.0
GODREJCP,FMCG,net_profit_margin_pct,14.52,44.05,2022.0
GODREJCP,FMCG,net_profit_margin_pct,-3.98,100.0,2024.0
GODREJCP,FMCG,net_profit_margin_pct,12.78,61.9,2023.0
TATACONSUM,FMCG,net_profit_margin_pct,7.99,86.9,2024.0
TATACONSUM,FMCG,net_profit_margin_pct,9.58,80.95,2023.0
TATACONSUM,FMCG,net_profit_margin_pct,8.17,83.33,2022.0
TATACONSUM,FMCG,net_profit_margin_pct,8.02,85.71,2021.0
TATACONSUM,FMCG,net_profit_margin_pct,6.71,89.29,2017.0
TATACONSUM,FMCG,net_profit_margin_pct,6.05,92.86,2013.0
TATACONSUM,FMCG,net_profit_margin_pct,6.59,90.48,2014.0
TATACONSUM,FMCG,net_profit_margin_pct,3.42,97.62,2015.0
TATACONSUM,FMCG,net_profit_margin_pct,4.77,95.24,2020.0
TATACONSUM,FMCG,net_profit_margin_pct,-0.56,98.81,2016.0
TATACONSUM,FMCG,net_profit_margin_pct,8.16,84.52,2018.0
TATACONSUM,FMCG,net_profit_margin_pct,6.3,91.67,2019.0
HINDUNILVR,FMCG,operating_profit_margin_pct,84.37,1.19,2013.0
HINDUNILVR,FMCG,operating_profit_margin_pct,76.65,9.52,2023.0
HINDUNILVR,FMCG,operating_profit_margin_pct,83.72,2.38,2014.0
HINDUNILVR,FMCG,operating_profit_margin_pct,83.07,3.57,2015.0
HINDUNILVR,FMCG,operating_profit_margin_pct,76.32,10.71,2024.0
HINDUNILVR,FMCG,operating_profit_margin_pct,81.64,4.76,2016.0
HINDUNILVR,FMCG,operating_profit_margin_pct,75.49,11.9,2022.0
HINDUNILVR,FMCG,operating_profit_margin_pct,80.92,5.95,2017.0
HINDUNILVR,FMCG,operating_profit_margin_pct,75.28,13.1,2021.0
HINDUNILVR,FMCG,operating_profit_margin_pct,75.21,14.29,2020.0
HINDUNILVR,FMCG,operating_profit_margin_pct,77.41,8.33,2019.0
HINDUNILVR,FMCG,operating_profit_margin_pct,78.9,7.14,2018.0
ITC,FMCG,operating_profit_margin_pct,37.02,21.43,2024.0
ITC,FMCG,operating_profit_margin_pct,36.24,23.81,2023.0
ITC,FMCG,operating_profit_margin_pct,34.64,27.38,2021.0
ITC,FMCG,operating_profit_margin_pct,34.01,28.57,2022.0
ITC,FMCG,operating_profit_margin_pct,36.17,25.0,2017.0
ITC,FMCG,operating_profit_margin_pct,39.17,15.48,2020.0
ITC,FMCG,operating_profit_margin_pct,37.08,19.05,2016.0
ITC,FMCG,operating_profit_margin_pct,37.05,20.24,2014.0
ITC,FMCG,operating_profit_margin_pct,36.72,22.62,2015.0
ITC,FMCG,operating_profit_margin_pct,38.35,16.67,2019.0
ITC,FMCG,operating_profit_margin_pct,38.02,17.86,2018.0
ITC,FMCG,operating_profit_margin_pct,35.49,26.19,2013.0
BRITANNIA,FMCG,operating_profit_margin_pct,15.14,79.76,2018.0
BRITANNIA,FMCG,operating_profit_margin_pct,19.1,61.9,2021.0
BRITANNIA,FMCG,operating_profit_margin_pct,15.67,75.0,2019.0
BRITANNIA,FMCG,operating_profit_margin_pct,17.37,67.86,2023.0
BRITANNIA,FMCG,operating_profit_margin_pct,18.89,64.29,2024.0
BRITANNIA,FMCG,operating_profit_margin_pct,15.57,76.19,2022.0
BRITANNIA,FMCG,operating_profit_margin_pct,14.58,82.14,2016.0
BRITANNIA,FMCG,operating_profit_margin_pct,14.12,83.33,2017.0
BRITANNIA,FMCG,operating_profit_margin_pct,15.89,73.81,2020.0
BRITANNIA,FMCG,operating_profit_margin_pct,11.07,91.67,2015.0
BRITANNIA,FMCG,operating_profit_margin_pct,9.07,97.62,2014.0
BRITANNIA,FMCG,operating_profit_margin_pct,6.81,98.81,2013.0
DABUR,FMCG,operating_profit_margin_pct,19.86,55.95,2017.0
DABUR,FMCG,operating_profit_margin_pct,19.51,59.52,2016.0
DABUR,FMCG,operating_profit_margin_pct,16.46,71.43,2014.0
DABUR,FMCG,operating_profit_margin_pct,16.93,69.05,2015.0
DABUR,FMCG,operating_profit_margin_pct,20.94,45.83,2018.0
DABUR,FMCG,operating_profit_margin_pct,16.16,72.62,2013.0
DABUR,FMCG,operating_profit_margin_pct,20.43,53.57,2019.0
DABUR,FMCG,operating_profit_margin_pct,20.68,48.81,2022.0
DABUR,FMCG,operating_profit_margin_pct,19.35,60.71,2024.0
DABUR,FMCG,operating_profit_margin_pct,18.75,65.48,2023.0
DABUR,FMCG,operating_profit_margin_pct,20.94,45.83,2021.0
DABUR,FMCG,operating_profit_margin_pct,20.63,51.19,2020.0
NESTLEIND,FMCG,operating_profit_margin_pct,23.99,30.95,2020.0
NESTLEIND,FMCG,operating_profit_margin_pct,23.83,32.14,2024.0
NESTLEIND,FMCG,operating_profit_margin_pct,23.38,34.52,2023.0
NESTLEIND,FMCG,operating_profit_margin_pct,21.93,36.9,2022.0
NESTLEIND,FMCG,operating_profit_margin_pct,24.16,29.76,2021.0
NESTLEIND,FMCG,operating_profit_margin_pct,21.4,40.48,2013.0
NESTLEIND,FMCG,operating_profit_margin_pct,20.69,47.62,2014.0
NESTLEIND,FMCG,operating_profit_margin_pct,20.95,44.05,2017.0
NESTLEIND,FMCG,operating_profit_margin_pct,19.02,63.1,2015.0
NESTLEIND,FMCG,operating_profit_margin_pct,20.24,54.76,2016.0
NESTLEIND,FMCG,operating_profit_margin_pct,23.66,33.33,2019.0
NESTLEIND,FMCG,operating_profit_margin_pct,23.18,35.71,2018.0
GODREJCP,FMCG,operating_profit_margin_pct,20.67,50.0,2019.0
GODREJCP,FMCG,operating_profit_margin_pct,21.16,41.67,2018.0
GODREJCP,FMCG,operating_profit_margin_pct,21.75,38.1,2021.0
GODREJCP,FMCG,operating_profit_margin_pct,20.58,52.38,2017.0
GODREJCP,FMCG,operating_profit_margin_pct,19.67,57.14,2016.0
GODREJCP,FMCG,operating_profit_margin_pct,16.67,70.24,2015.0
GODREJCP,FMCG,operating_profit_margin_pct,15.38,78.57,2014.0
GODREJCP,FMCG,operating_profit_margin_pct,15.52,77.38,2013.0
GODREJCP,FMCG,operating_profit_margin_pct,21.73,39.29,2020.0
GODREJCP,FMCG,operating_profit_margin_pct,19.62,58.33,2022.0
GODREJCP,FMCG,operating_profit_margin_pct,20.98,42.86,2024.0
GODREJCP,FMCG,operating_profit_margin_pct,18.35,66.67,2023.0
TATACONSUM,FMCG,operating_profit_margin_pct,15.02,80.95,2024.0
TATACONSUM,FMCG,operating_profit_margin_pct,13.47,85.71,2023.0
TATACONSUM,FMCG,operating_profit_margin_pct,13.84,84.52,2022.0
TATACONSUM,FMCG,operating_profit_margin_pct,13.31,88.1,2021.0
TATACONSUM,FMCG,operating_profit_margin_pct,11.67,90.48,2017.0
TATACONSUM,FMCG,operating_profit_margin_pct,10.47,94.05,2013.0
TATACONSUM,FMCG,operating_profit_margin_pct,9.72,96.43,2014.0
TATACONSUM,FMCG,operating_profit_margin_pct,9.91,95.24,2015.0
TATACONSUM,FMCG,operating_profit_margin_pct,13.41,86.9,2020.0
TATACONSUM,FMCG,operating_profit_margin_pct,5.51,100.0,2016.0
TATACONSUM,FMCG,operating_profit_margin_pct,12.31,89.29,2018.0
TATACONSUM,FMCG,operating_profit_margin_pct,10.84,92.86,2019.0
HINDUNILVR,FMCG,debt_to_equity,0.01,22.62,2013.0
HINDUNILVR,FMCG,debt_to_equity,0.02,30.36,2023.0
HINDUNILVR,FMCG,debt_to_equity,0.01,22.62,2014.0
HINDUNILVR,FMCG,debt_to_equity,0.01,22.62,2015.0
HINDUNILVR,FMCG,debt_to_equity,0.03,32.74,2024.0
HINDUNILVR,FMCG,debt_to_equity,0.03,32.74,2016.0
HINDUNILVR,FMCG,debt_to_equity,0.02,30.36,2022.0
HINDUNILVR,FMCG,debt_to_equity,0.04,35.12,2017.0
HINDUNILVR,FMCG,debt_to_equity,0.0,8.33,2021.0
HINDUNILVR,FMCG,debt_to_equity,0.0,8.33,2020.0
HINDUNILVR,FMCG,debt_to_equity,0.01,22.62,2019.0
HINDUNILVR,FMCG,debt_to_equity,0.0,8.33,2018.0
ITC,FMCG,debt_to_equity,0.0,8.33,2024.0
ITC,FMCG,debt_to_equity,0.0,8.33,2023.0
ITC,FMCG,debt_to_equity,0.0,8.33,2021.0
ITC,FMCG,debt_to_equity,0.0,8.33,2022.0
ITC,FMCG,debt_to_equity,0.0,8.33,2017.0
ITC,FMCG,debt_to_equity,0.0,8.33,2020.0
ITC,FMCG,debt_to_equity,0.0,8.33,2016.0
ITC,FMCG,debt_to_equity,0.01,22.62,2014.0
ITC,FMCG,debt_to_equity,0.01,22.62,2015.0
ITC,FMCG,debt_to_equity,0.0,8.33,2019.0
ITC,FMCG,debt_to_equity,0.0,8.33,2018.0
ITC,FMCG,debt_to_equity,0.0,8.33,2013.0
BRITANNIA,FMCG,debt_to_equity,0.06,38.69,2018.0
BRITANNIA,FMCG,debt_to_equity,0.6,90.48,2021.0
BRITANNIA,FMCG,debt_to_equity,0.04,35.12,2019.0
BRITANNIA,FMCG,debt_to_equity,0.85,98.81,2023.0
BRITANNIA,FMCG,debt_to_equity,0.52,86.9,2024.0
BRITANNIA,FMCG,debt_to_equity,0.97,100.0,2022.0
BRITANNIA,FMCG,debt_to_equity,0.06,38.69,2016.0
BRITANNIA,FMCG,debt_to_equity,0.05,36.9,2017.0
BRITANNIA,FMCG,debt_to_equity,0.35,82.14,2020.0
BRITANNIA,FMCG,debt_to_equity,0.12,55.95,2015.0
BRITANNIA,FMCG,debt_to_equity,0.19,68.45,2014.0
BRITANNIA,FMCG,debt_to_equity,0.68,94.64,2013.0
DABUR,FMCG,debt_to_equity,0.2,70.83,2017.0
DABUR,FMCG,debt_to_equity,0.19,68.45,2016.0
DABUR,FMCG,debt_to_equity,0.27,79.76,2014.0
DABUR,FMCG,debt_to_equity,0.22,73.81,2015.0
DABUR,FMCG,debt_to_equity,0.16,66.07,2018.0
DABUR,FMCG,debt_to_equity,0.55,88.1,2013.0
DABUR,FMCG,debt_to_equity,0.12,55.95,2019.0
DABUR,FMCG,debt_to_equity,0.12,55.95,2022.0
DABUR,FMCG,debt_to_equity,0.14,61.31,2024.0
DABUR,FMCG,debt_to_equity,0.13,58.93,2023.0
DABUR,FMCG,debt_to_equity,0.07,41.07,2021.0
DABUR,FMCG,debt_to_equity,0.08,43.45,2020.0
NESTLEIND,FMCG,debt_to_equity,0.07,41.07,2020.0
NESTLEIND,FMCG,debt_to_equity,0.1,47.62,2024.0
NESTLEIND,FMCG,debt_to_equity,0.11,51.79,2023.0
NESTLEIND,FMCG,debt_to_equity,0.11,51.79,2022.0
NESTLEIND,FMCG,debt_to_equity,0.14,61.31,2021.0
NESTLEIND,FMCG,debt_to_equity,0.5,85.71,2013.0
NESTLEIND,FMCG,debt_to_equity,0.01,22.62,2014.0
NESTLEIND,FMCG,debt_to_equity,0.01,22.62,2017.0
NESTLEIND,FMCG,debt_to_equity,0.01,22.62,2015.0
NESTLEIND,FMCG,debt_to_equity,0.01,22.62,2016.0
NESTLEIND,FMCG,debt_to_equity,0.1,47.62,2019.0
NESTLEIND,FMCG,debt_to_equity,0.01,22.62,2018.0
GODREJCP,FMCG,debt_to_equity,0.47,84.52,2019.0
GODREJCP,FMCG,debt_to_equity,0.56,89.29,2018.0
GODREJCP,FMCG,debt_to_equity,0.2,70.83,2021.0
GODREJCP,FMCG,debt_to_equity,0.75,97.62,2017.0
GODREJCP,FMCG,debt_to_equity,0.68,94.64,2016.0
GODREJCP,FMCG,debt_to_equity,0.63,92.26,2015.0
GODREJCP,FMCG,debt_to_equity,0.63,92.26,2014.0
GODREJCP,FMCG,debt_to_equity,0.74,96.43,2013.0
GODREJCP,FMCG,debt_to_equity,0.45,83.33,2020.0
GODREJCP,FMCG,debt_to_equity,0.15,63.69,2022.0
GODREJCP,FMCG,debt_to_equity,0.26,78.57,2024.0
GODREJCP,FMCG,debt_to_equity,0.08,43.45,2023.0
TATACONSUM,FMCG,debt_to_equity,0.22,73.81,2024.0
TATACONSUM,FMCG,debt_to_equity,0.1,47.62,2023.0
TATACONSUM,FMCG,debt_to_equity,0.09,45.24,2022.0
TATACONSUM,FMCG,debt_to_equity,0.11,51.79,2021.0
TATACONSUM,FMCG,debt_to_equity,0.13,58.93,2017.0
TATACONSUM,FMCG,debt_to_equity,0.29,80.95,2013.0
TATACONSUM,FMCG,debt_to_equity,0.25,77.38,2014.0
TATACONSUM,FMCG,debt_to_equity,0.24,76.19,2015.0
TATACONSUM,FMCG,debt_to_equity,0.11,51.79,2020.0
TATACONSUM,FMCG,debt_to_equity,0.22,73.81,2016.0
TATACONSUM,FMCG,debt_to_equity,0.15,63.69,2018.0
TATACONSUM,FMCG,debt_to_equity,0.16,66.07,2019.0
HINDUNILVR,FMCG,free_cash_flow,3668.0,25.0,2013.0
HINDUNILVR,FMCG,free_cash_flow,8507.0,9.52,2023.0
HINDUNILVR,FMCG,free_cash_flow,3343.0,27.38,2014.0
HINDUNILVR,FMCG,free_cash_flow,3430.0,26.19,2015.0
HINDUNILVR,FMCG,free_cash_flow,10145.0,5.95,2024.0
HINDUNILVR,FMCG,free_cash_flow,3889.0,23.81,2016.0
HINDUNILVR,FMCG,free_cash_flow,7320.0,13.1,2022.0
HINDUNILVR,FMCG,free_cash_flow,4012.0,22.62,2017.0
HINDUNILVR,FMCG,free_cash_flow,7935.0,10.71,2021.0
HINDUNILVR,FMCG,free_cash_flow,9414.0,7.14,2020.0
HINDUNILVR,FMCG,free_cash_flow,5362.0,17.86,2019.0
HINDUNILVR,FMCG,free_cash_flow,4996.0,19.05,2018.0
ITC,FMCG,free_cash_flow,18742.0,1.19,2024.0
ITC,FMCG,free_cash_flow,13146.0,4.76,2023.0
ITC,FMCG,free_cash_flow,18267.0,2.38,2021.0
ITC,FMCG,free_cash_flow,13538.0,3.57,2022.0
ITC,FMCG,free_cash_flow,7376.0,11.9,2017.0
ITC,FMCG,free_cash_flow,8516.0,8.33,2020.0
ITC,FMCG,free_cash_flow,5878.0,16.67,2016.0
ITC,FMCG,free_cash_flow,4090.0,21.43,2014.0
ITC,FMCG,free_cash_flow,4568.0,20.24,2015.0
ITC,FMCG,free_cash_flow,7037.0,14.29,2019.0
ITC,FMCG,free_cash_flow,6055.0,15.48,2018.0
ITC,FMCG,free_cash_flow,3221.0,28.57,2013.0
BRITANNIA,FMCG,free_cash_flow,292.0,79.76,2018.0
BRITANNIA,FMCG,free_cash_flow,2309.0,35.71,2021.0
BRITANNIA,FMCG,free_cash_flow,304.0,78.57,2019.0
BRITANNIA,FMCG,free_cash_flow,1019.0,55.95,2023.0
BRITANNIA,FMCG,free_cash_flow,3050.0,29.76,2024.0
BRITANNIA,FMCG,free_cash_flow,2214.0,36.9,2022.0
BRITANNIA,FMCG,free_cash_flow,254.0,84.52,2016.0
BRITANNIA,FMCG,free_cash_flow,291.0,80.95,2017.0
BRITANNIA,FMCG,free_cash_flow,-41.0,95.24,2020.0
BRITANNIA,FMCG,free_cash_flow,134.0,92.86,2015.0
BRITANNIA,FMCG,free_cash_flow,425.0,70.24,2014.0
BRITANNIA,FMCG,free_cash_flow,348.0,75.0,2013.0
DABUR,FMCG,free_cash_flow,420.0,72.62,2017.0
DABUR,FMCG,free_cash_flow,457.0,69.05,2016.0
DABUR,FMCG,free_cash_flow,994.0,57.14,2014.0
DABUR,FMCG,free_cash_flow,171.0,91.67,2015.0
DABUR,FMCG,free_cash_flow,551.0,65.48,2018.0
DABUR,FMCG,free_cash_flow,248.0,85.71,2013.0
DABUR,FMCG,free_cash_flow,1837.0,41.67,2019.0
DABUR,FMCG,free_cash_flow,529.0,66.67,2022.0
DABUR,FMCG,free_cash_flow,1042.0,52.38,2024.0
DABUR,FMCG,free_cash_flow,905.0,58.33,2023.0
DABUR,FMCG,free_cash_flow,711.0,60.71,2021.0
DABUR,FMCG,free_cash_flow,1097.0,51.19,2020.0
NESTLEIND,FMCG,free_cash_flow,2133.0,38.1,2020.0
NESTLEIND,FMCG,free_cash_flow,2938.0,30.95,2024.0
NESTLEIND,FMCG,free_cash_flow,2465.0,32.14,2023.0
NESTLEIND,FMCG,free_cash_flow,2345.0,34.52,2022.0
NESTLEIND,FMCG,free_cash_flow,316.0,77.38,2021.0
NESTLEIND,FMCG,free_cash_flow,1355.0,46.43,2013.0
NESTLEIND,FMCG,free_cash_flow,1212.0,50.0,2014.0
NESTLEIND,FMCG,free_cash_flow,1687.0,44.05,2017.0
NESTLEIND,FMCG,free_cash_flow,1028.0,54.76,2015.0
NESTLEIND,FMCG,free_cash_flow,1340.0,47.62,2016.0
NESTLEIND,FMCG,free_cash_flow,2378.0,33.33,2019.0
NESTLEIND,FMCG,free_cash_flow,2000.0,40.48,2018.0
GODREJCP,FMCG,free_cash_flow,2003.0,39.29,2019.0
GODREJCP,FMCG,free_cash_flow,1387.0,45.24,2018.0
GODREJCP,FMCG,free_cash_flow,1738.0,42.86,2021.0
GODREJCP,FMCG,free_cash_flow,-383.0,98.81,2017.0
GODREJCP,FMCG,free_cash_flow,225.0,86.9,2016.0
GODREJCP,FMCG,free_cash_flow,-209.0,97.62,2015.0
GODREJCP,FMCG,free_cash_flow,622.0,63.1,2014.0
GODREJCP,FMCG,free_cash_flow,-45.0,96.43,2013.0
GODREJCP,FMCG,free_cash_flow,1036.0,53.57,2020.0
GODREJCP,FMCG,free_cash_flow,607.0,64.29,2022.0
GODREJCP,FMCG,free_cash_flow,-1365.0,100.0,2024.0
GODREJCP,FMCG,free_cash_flow,397.0,73.81,2023.0
TATACONSUM,FMCG,free_cash_flow,26.0,94.05,2024.0
TATACONSUM,FMCG,free_cash_flow,627.0,61.9,2023.0
TATACONSUM,FMCG,free_cash_flow,199.0,89.29,2022.0
TATACONSUM,FMCG,free_cash_flow,1310.0,48.81,2021.0
TATACONSUM,FMCG,free_cash_flow,886.0,59.52,2017.0
TATACONSUM,FMCG,free_cash_flow,197.0,90.48,2013.0
TATACONSUM,FMCG,free_cash_flow,421.0,71.43,2014.0
TATACONSUM,FMCG,free_cash_flow,211.0,88.1,2015.0
TATACONSUM,FMCG,free_cash_flow,460.0,67.86,2020.0
TATACONSUM,FMCG,free_cash_flow,261.0,83.33,2016.0
TATACONSUM,FMCG,free_cash_flow,325.0,76.19,2018.0
TATACONSUM,FMCG,free_cash_flow,263.0,82.14,2019.0
HINDUNILVR,FMCG,revenue_cagr_5yr,,,2013.0
HINDUNILVR,FMCG,revenue_cagr_5yr,11.252595068377769,12.24,2023.0
HINDUNILVR,FMCG,revenue_cagr_5yr,,,2014.0
HINDUNILVR,FMCG,revenue_cagr_5yr,,,2015.0
HINDUNILVR,FMCG,revenue_cagr_5yr,9.504485244074123,32.65,2024.0
HINDUNILVR,FMCG,revenue_cagr_5yr,,,2016.0
HINDUNILVR,FMCG,revenue_cagr_5yr,9.600953176013682,30.61,2022.0
HINDUNILVR,FMCG,revenue_cagr_5yr,,,2017.0
HINDUNILVR,FMCG,revenue_cagr_5yr,7.879245537212842,48.98,2021.0
HINDUNILVR,FMCG,revenue_cagr_5yr,4.468544770055072,83.67,2020.0
HINDUNILVR,FMCG,revenue_cagr_5yr,6.10185094777882,67.35,2019.0
HINDUNILVR,FMCG,revenue_cagr_5yr,5.65014169432414,71.43,2018.0
ITC,FMCG,revenue_cagr_5yr,7.950896846254429,46.94,2024.0
ITC,FMCG,revenue_cagr_5yr,10.295187558658526,22.45,2023.0
ITC,FMCG,revenue_cagr_5yr,4.677684227502499,79.59,2021.0
ITC,FMCG,revenue_cagr_5yr,7.234668062509075,55.1,2022.0
ITC,FMCG,revenue_cagr_5yr,,,2017.0
ITC,FMCG,revenue_cagr_5yr,4.934885839116165,75.51,2020.0
ITC,FMCG,revenue_cagr_5yr,,,2016.0
ITC,FMCG,revenue_cagr_5yr,,,2014.0
ITC,FMCG,revenue_cagr_5yr,,,2015.0
ITC,FMCG,revenue_cagr_5yr,6.485782310928911,59.18,2019.0
ITC,FMCG,revenue_cagr_5yr,6.563647692065455,57.14,2018.0
ITC,FMCG,revenue_cagr_5yr,,,2013.0
BRITANNIA,FMCG,revenue_cagr_5yr,9.89598908908318,26.53,2018.0
BRITANNIA,FMCG,revenue_cagr_5yr,9.362340796469915,34.69,2021.0
BRITANNIA,FMCG,revenue_cagr_5yr,9.844530773501937,28.57,2019.0
BRITANNIA,FMCG,revenue_cagr_5yr,10.456954960245657,18.37,2023.0
BRITANNIA,FMCG,revenue_cagr_5yr,8.690023727476138,40.82,2024.0
BRITANNIA,FMCG,revenue_cagr_5yr,9.319392415225236,36.73,2022.0
BRITANNIA,FMCG,revenue_cagr_5yr,,,2016.0
BRITANNIA,FMCG,revenue_cagr_5yr,,,2017.0
BRITANNIA,FMCG,revenue_cagr_5yr,8.100870936901284,44.9,2020.0
BRITANNIA,FMCG,revenue_cagr_5yr,,,2015.0
BRITANNIA,FMCG,revenue_cagr_5yr,,,2014.0
BRITANNIA,FMCG,revenue_cagr_5yr,,,2013.0
DABUR,FMCG,revenue_cagr_5yr,,,2017.0
DABUR,FMCG,revenue_cagr_5yr,,,2016.0
DABUR,FMCG,revenue_cagr_5yr,,,2014.0
DABUR,FMCG,revenue_cagr_5yr,,,2015.0
DABUR,FMCG,revenue_cagr_5yr,4.691708009656703,77.55,2018.0
DABUR,FMCG,revenue_cagr_5yr,,,2013.0
DABUR,FMCG,revenue_cagr_5yr,3.8246796218349033,89.8,2019.0
DABUR,FMCG,revenue_cagr_5yr,7.417496175488059,53.06,2022.0
DABUR,FMCG,revenue_cagr_5yr,7.814065037783324,51.02,2024.0
DABUR,FMCG,revenue_cagr_5yr,8.347751250887736,42.86,2023.0
DABUR,FMCG,revenue_cagr_5yr,4.21106361296264,87.76,2021.0
DABUR,FMCG,revenue_cagr_5yr,2.185845018699095,95.92,2020.0
NESTLEIND,FMCG,revenue_cagr_5yr,10.305889442764006,20.41,2020.0
NESTLEIND,FMCG,revenue_cagr_5yr,14.548573711802671,6.12,2024.0
NESTLEIND,FMCG,revenue_cagr_5yr,11.114479545434808,14.29,2023.0
NESTLEIND,FMCG,revenue_cagr_5yr,11.038888366343947,16.33,2022.0
NESTLEIND,FMCG,revenue_cagr_5yr,10.028868653695744,24.49,2021.0
NESTLEIND,FMCG,revenue_cagr_5yr,,,2013.0
NESTLEIND,FMCG,revenue_cagr_5yr,,,2014.0
NESTLEIND,FMCG,revenue_cagr_5yr,,,2017.0
NESTLEIND,FMCG,revenue_cagr_5yr,,,2015.0
NESTLEIND,FMCG,revenue_cagr_5yr,,,2016.0
NESTLEIND,FMCG,revenue_cagr_5yr,4.649122770208569,81.63,2019.0
NESTLEIND,FMCG,revenue_cagr_5yr,4.40861889926385,85.71,2018.0
GODREJCP,FMCG,revenue_cagr_5yr,6.300213432374568,63.27,2019.0
GODREJCP,FMCG,revenue_cagr_5yr,8.958743119932766,38.78,2018.0
GODREJCP,FMCG,revenue_cagr_5yr,5.53671105641147,73.47,2021.0
GODREJCP,FMCG,revenue_cagr_5yr,,,2017.0
GODREJCP,FMCG,revenue_cagr_5yr,,,2016.0
GODREJCP,FMCG,revenue_cagr_5yr,,,2015.0
GODREJCP,FMCG,revenue_cagr_5yr,,,2014.0
GODREJCP,FMCG,revenue_cagr_5yr,,,2013.0
GODREJCP,FMCG,revenue_cagr_5yr,3.6790216415082178,93.88,2020.0
GODREJCP,FMCG,revenue_cagr_5yr,5.78258385485102,69.39,2022.0
GODREJCP,FMCG,revenue_cagr_5yr,6.447080048592069,61.22,2024.0
GODREJCP,FMCG,revenue_cagr_5yr,6.221876592916709,65.31,2023.0
TATACONSUM,FMCG,revenue_cagr_5yr,15.96086282879563,2.04,2024.0
TATACONSUM,FMCG,revenue_cagr_5yr,15.126573553688294,4.08,2023.0
TATACONSUM,FMCG,revenue_cagr_5yr,12.879048702120599,8.16,2022.0
TATACONSUM,FMCG,revenue_cagr_5yr,11.818125796841251,10.2,2021.0
TATACONSUM,FMCG,revenue_cagr_5yr,,,2017.0
TATACONSUM,FMCG,revenue_cagr_5yr,,,2013.0
TATACONSUM,FMCG,revenue_cagr_5yr,,,2014.0
TATACONSUM,FMCG,revenue_cagr_5yr,,,2015.0
TATACONSUM,FMCG,revenue_cagr_5yr,3.8117253809679896,91.84,2020.0
TATACONSUM,FMCG,revenue_cagr_5yr,,,2016.0
TATACONSUM,FMCG,revenue_cagr_5yr,-1.5027994128252953,100.0,2018.0
TATACONSUM,FMCG,revenue_cagr_5yr,-1.2889403541939681,97.96,2019.0
HINDUNILVR,FMCG,pat_cagr_5yr,,,2013.0
HINDUNILVR,FMCG,pat_cagr_5yr,14.178092979806411,34.04,2023.0
HINDUNILVR,FMCG,pat_cagr_5yr,,,2014.0
HINDUNILVR,FMCG,pat_cagr_5yr,,,2015.0
HINDUNILVR,FMCG,pat_cagr_5yr,11.152950436803422,48.94,2024.0
HINDUNILVR,FMCG,pat_cagr_5yr,,,2016.0
HINDUNILVR,FMCG,pat_cagr_5yr,14.643813143172402,29.79,2022.0
HINDUNILVR,FMCG,pat_cagr_5yr,,,2017.0
HINDUNILVR,FMCG,pat_cagr_5yr,14.018833278510812,38.3,2021.0
HINDUNILVR,FMCG,pat_cagr_5yr,9.074307784278869,63.83,2020.0
HINDUNILVR,FMCG,pat_cagr_5yr,8.90385875618529,68.09,2019.0
HINDUNILVR,FMCG,pat_cagr_5yr,6.366991948602041,82.98,2018.0
ITC,FMCG,pat_cagr_5yr,10.083407558317958,57.45,2024.0
ITC,FMCG,pat_cagr_5yr,11.126524392785209,51.06,2023.0
ITC,FMCG,pat_cagr_5yr,7.091951336070168,78.72,2021.0
ITC,FMCG,pat_cagr_5yr,8.152300226979946,72.34,2022.0
ITC,FMCG,pat_cagr_5yr,,,2017.0
ITC,FMCG,pat_cagr_5yr,9.780965642396078,59.57,2020.0
ITC,FMCG,pat_cagr_5yr,,,2016.0
ITC,FMCG,pat_cagr_5yr,,,2014.0
ITC,FMCG,pat_cagr_5yr,,,2015.0
ITC,FMCG,pat_cagr_5yr,7.356362807797945,76.6,2019.0
ITC,FMCG,pat_cagr_5yr,8.328673833208056,70.21,2018.0
ITC,FMCG,pat_cagr_5yr,,,2013.0
BRITANNIA,FMCG,pat_cagr_5yr,31.02436782517264,2.13,2018.0
BRITANNIA,FMCG,pat_cagr_5yr,17.54130118103776,17.02,2021.0
BRITANNIA,FMCG,pat_cagr_5yr,23.93585800247959,6.38,2019.0
BRITANNIA,FMCG,pat_cagr_5yr,18.195507150242562,14.89,2023.0
BRITANNIA,FMCG,pat_cagr_5yr,13.063515827454196,42.55,2024.0
BRITANNIA,FMCG,pat_cagr_5yr,11.365632023060845,46.81,2022.0
BRITANNIA,FMCG,pat_cagr_5yr,,,2016.0
BRITANNIA,FMCG,pat_cagr_5yr,,,2017.0
BRITANNIA,FMCG,pat_cagr_5yr,15.135356589751225,25.53,2020.0
BRITANNIA,FMCG,pat_cagr_5yr,,,2015.0
BRITANNIA,FMCG,pat_cagr_5yr,,,2014.0
BRITANNIA,FMCG,pat_cagr_5yr,,,2013.0
DABUR,FMCG,pat_cagr_5yr,,,2017.0
DABUR,FMCG,pat_cagr_5yr,,,2016.0
DABUR,FMCG,pat_cagr_5yr,,,2014.0
DABUR,FMCG,pat_cagr_5yr,,,2015.0
DABUR,FMCG,pat_cagr_5yr,12.133195884079996,44.68,2018.0
DABUR,FMCG,pat_cagr_5yr,,,2013.0
DABUR,FMCG,pat_cagr_5yr,9.560640840459556,61.7,2019.0
DABUR,FMCG,pat_cagr_5yr,6.357381418513053,85.11,2022.0
DABUR,FMCG,pat_cagr_5yr,4.604418961155621,93.62,2024.0
DABUR,FMCG,pat_cagr_5yr,4.6070388976750865,91.49,2023.0
DABUR,FMCG,pat_cagr_5yr,6.2122070007714525,89.36,2021.0
DABUR,FMCG,pat_cagr_5yr,6.277042883206563,87.23,2020.0
NESTLEIND,FMCG,pat_cagr_5yr,29.895607703023686,4.26,2020.0
NESTLEIND,FMCG,pat_cagr_5yr,14.852319512993839,27.66,2024.0
NESTLEIND,FMCG,pat_cagr_5yr,13.290141126006617,40.43,2023.0
NESTLEIND,FMCG,pat_cagr_5yr,14.31117726718323,31.91,2022.0
NESTLEIND,FMCG,pat_cagr_5yr,16.171173303400877,21.28,2021.0
NESTLEIND,FMCG,pat_cagr_5yr,,,2013.0
NESTLEIND,FMCG,pat_cagr_5yr,,,2014.0
NESTLEIND,FMCG,pat_cagr_5yr,,,2017.0
NESTLEIND,FMCG,pat_cagr_5yr,,,2015.0
NESTLEIND,FMCG,pat_cagr_5yr,,,2016.0
NESTLEIND,FMCG,pat_cagr_5yr,10.678011748831228,55.32,2019.0
NESTLEIND,FMCG,pat_cagr_5yr,7.54557372112743,74.47,2018.0
GODREJCP,FMCG,pat_cagr_5yr,23.384497809507977,8.51,2019.0
GODREJCP,FMCG,pat_cagr_5yr,14.098272394470612,36.17,2018.0
GODREJCP,FMCG,pat_cagr_5yr,15.674057422198363,23.4,2021.0
GODREJCP,FMCG,pat_cagr_5yr,,,2017.0
GODREJCP,FMCG,pat_cagr_5yr,,,2016.0
GODREJCP,FMCG,pat_cagr_5yr,,,2015.0
GODREJCP,FMCG,pat_cagr_5yr,,,2014.0
GODREJCP,FMCG,pat_cagr_5yr,,,2013.0
GODREJCP,FMCG,pat_cagr_5yr,8.931728895675239,65.96,2020.0
GODREJCP,FMCG,pat_cagr_5yr,6.391937978421702,80.85,2022.0
GODREJCP,FMCG,pat_cagr_5yr,,,2024.0
GODREJCP,FMCG,pat_cagr_5yr,0.8187946109764255,97.87,2023.0
TATACONSUM,FMCG,pat_cagr_5yr,21.59956338772886,10.64,2024.0
TATACONSUM,FMCG,pat_cagr_5yr,18.87754506830248,12.77,2023.0
TATACONSUM,FMCG,pat_cagr_5yr,17.4061722440779,19.15,2022.0
TATACONSUM,FMCG,pat_cagr_5yr,,,2021.0
TATACONSUM,FMCG,pat_cagr_5yr,,,2017.0
TATACONSUM,FMCG,pat_cagr_5yr,,,2013.0
TATACONSUM,FMCG,pat_cagr_5yr,,,2014.0
TATACONSUM,FMCG,pat_cagr_5yr,,,2015.0
TATACONSUM,FMCG,pat_cagr_5yr,10.998992517000872,53.19,2020.0
TATACONSUM,FMCG,pat_cagr_5yr,,,2016.0
TATACONSUM,FMCG,pat_cagr_5yr,4.55455456174807,95.74,2018.0
TATACONSUM,FMCG,pat_cagr_5yr,-2.1706417085053276,100.0,2019.0
HINDUNILVR,FMCG,eps_cagr_5yr,,,2013.0
HINDUNILVR,FMCG,eps_cagr_5yr,12.370274760425982,38.3,2023.0
HINDUNILVR,FMCG,eps_cagr_5yr,,,2014.0
HINDUNILVR,FMCG,eps_cagr_5yr,,,2015.0
HINDUNILVR,FMCG,eps_cagr_5yr,9.460878422315755,57.45,2024.0
HINDUNILVR,FMCG,eps_cagr_5yr,,,2016.0
HINDUNILVR,FMCG,eps_cagr_5yr,12.593380967869239,36.17,2022.0
HINDUNILVR,FMCG,eps_cagr_5yr,,,2017.0
HINDUNILVR,FMCG,eps_cagr_5yr,12.34275325950922,40.43,2021.0
HINDUNILVR,FMCG,eps_cagr_5yr,9.160706958928856,61.7,2020.0
HINDUNILVR,FMCG,eps_cagr_5yr,9.238846414037294,59.57,2019.0
HINDUNILVR,FMCG,eps_cagr_5yr,5.922384104881218,85.11,2018.0
ITC,FMCG,eps_cagr_5yr,9.856054330611785,54.26,2024.0
ITC,FMCG,eps_cagr_5yr,10.756634324829006,47.87,2023.0
ITC,FMCG,eps_cagr_5yr,6.576275663547415,80.85,2021.0
ITC,FMCG,eps_cagr_5yr,8.447177119769854,67.02,2022.0
ITC,FMCG,eps_cagr_5yr,,,2017.0
ITC,FMCG,eps_cagr_5yr,8.447177119769854,67.02,2020.0
ITC,FMCG,eps_cagr_5yr,,,2016.0
ITC,FMCG,eps_cagr_5yr,,,2014.0
ITC,FMCG,eps_cagr_5yr,,,2015.0
ITC,FMCG,eps_cagr_5yr,7.394092378577932,74.47,2019.0
ITC,FMCG,eps_cagr_5yr,8.447177119769854,67.02,2018.0
ITC,FMCG,eps_cagr_5yr,,,2013.0
BRITANNIA,FMCG,eps_cagr_5yr,30.72881395893534,2.13,2018.0
BRITANNIA,FMCG,eps_cagr_5yr,17.761237717688783,12.77,2021.0
BRITANNIA,FMCG,eps_cagr_5yr,24.57309396155174,8.51,2019.0
BRITANNIA,FMCG,eps_cagr_5yr,17.978912471277987,10.64,2023.0
BRITANNIA,FMCG,eps_cagr_5yr,13.14353769849137,31.91,2024.0
BRITANNIA,FMCG,eps_cagr_5yr,11.23149262024683,42.55,2022.0
BRITANNIA,FMCG,eps_cagr_5yr,,,2016.0
BRITANNIA,FMCG,eps_cagr_5yr,,,2017.0
BRITANNIA,FMCG,eps_cagr_5yr,14.869835499703509,24.47,2020.0
BRITANNIA,FMCG,eps_cagr_5yr,,,2015.0
BRITANNIA,FMCG,eps_cagr_5yr,,,2014.0
BRITANNIA,FMCG,eps_cagr_5yr,,,2013.0
DABUR,FMCG,eps_cagr_5yr,,,2017.0
DABUR,FMCG,eps_cagr_5yr,,,2016.0
DABUR,FMCG,eps_cagr_5yr,,,2014.0
DABUR,FMCG,eps_cagr_5yr,,,2015.0
DABUR,FMCG,eps_cagr_5yr,14.869835499703509,24.47,2018.0
DABUR,FMCG,eps_cagr_5yr,,,2013.0
DABUR,FMCG,eps_cagr_5yr,9.856054330611785,54.26,2019.0
DABUR,FMCG,eps_cagr_5yr,7.394092378577932,74.47,2022.0
DABUR,FMCG,eps_cagr_5yr,4.563955259127317,93.62,2024.0
DABUR,FMCG,eps_cagr_5yr,4.563955259127317,93.62,2023.0
DABUR,FMCG,eps_cagr_5yr,7.394092378577932,74.47,2021.0
DABUR,FMCG,eps_cagr_5yr,5.922384104881218,85.11,2020.0
NESTLEIND,FMCG,eps_cagr_5yr,29.674411610965823,4.26,2020.0
NESTLEIND,FMCG,eps_cagr_5yr,15.43852585822143,19.15,2024.0
NESTLEIND,FMCG,eps_cagr_5yr,12.767137012376306,34.04,2023.0
NESTLEIND,FMCG,eps_cagr_5yr,13.972304907201583,29.79,2022.0
NESTLEIND,FMCG,eps_cagr_5yr,17.08049129648923,14.89,2021.0
NESTLEIND,FMCG,eps_cagr_5yr,,,2013.0
NESTLEIND,FMCG,eps_cagr_5yr,,,2014.0
NESTLEIND,FMCG,eps_cagr_5yr,,,2017.0
NESTLEIND,FMCG,eps_cagr_5yr,,,2015.0
NESTLEIND,FMCG,eps_cagr_5yr,,,2016.0
NESTLEIND,FMCG,eps_cagr_5yr,10.756634324829006,47.87,2019.0
NESTLEIND,FMCG,eps_cagr_5yr,7.214502590085092,78.72,2018.0
GODREJCP,FMCG,eps_cagr_5yr,26.860365757837947,6.38,2019.0
GODREJCP,FMCG,eps_cagr_5yr,14.869835499703509,24.47,2018.0
GODREJCP,FMCG,eps_cagr_5yr,16.271101521949817,17.02,2021.0
GODREJCP,FMCG,eps_cagr_5yr,,,2017.0
GODREJCP,FMCG,eps_cagr_5yr,,,2016.0
GODREJCP,FMCG,eps_cagr_5yr,,,2015.0
GODREJCP,FMCG,eps_cagr_5yr,,,2014.0
GODREJCP,FMCG,eps_cagr_5yr,,,2013.0
GODREJCP,FMCG,eps_cagr_5yr,10.756634324829006,47.87,2020.0
GODREJCP,FMCG,eps_cagr_5yr,5.511819868320456,89.36,2022.0
GODREJCP,FMCG,eps_cagr_5yr,,,2024.0
GODREJCP,FMCG,eps_cagr_5yr,1.2198729249942586,97.87,2023.0
TATACONSUM,FMCG,eps_cagr_5yr,14.869835499703509,24.47,2024.0
TATACONSUM,FMCG,eps_cagr_5yr,8.447177119769854,67.02,2023.0
TATACONSUM,FMCG,eps_cagr_5yr,10.756634324829006,47.87,2022.0
TATACONSUM,FMCG,eps_cagr_5yr,,,2021.0
TATACONSUM,FMCG,eps_cagr_5yr,,,2017.0
TATACONSUM,FMCG,eps_cagr_5yr,,,2013.0
TATACONSUM,FMCG,eps_cagr_5yr,,,2014.0
TATACONSUM,FMCG,eps_cagr_5yr,,,2015.0
TATACONSUM,FMCG,eps_cagr_5yr,4.563955259127317,93.62,2020.0
TATACONSUM,FMCG,eps_cagr_5yr,,,2016.0
TATACONSUM,FMCG,eps_cagr_5yr,5.922384104881218,85.11,2018.0
TATACONSUM,FMCG,eps_cagr_5yr,-3.0359733904420927,100.0,2019.0
HINDUNILVR,FMCG,interest_coverage,20.3,71.43,2013.0
HINDUNILVR,FMCG,interest_coverage,103.7,26.19,2023.0
HINDUNILVR,FMCG,interest_coverage,30.92,50.0,2014.0
HINDUNILVR,FMCG,interest_coverage,21.31,64.29,2015.0
HINDUNILVR,FMCG,interest_coverage,57.85,34.52,2024.0
HINDUNILVR,FMCG,interest_coverage,54.1,36.9,2016.0
HINDUNILVR,FMCG,interest_coverage,180.89,20.24,2022.0
HINDUNILVR,FMCG,interest_coverage,44.31,38.1,2017.0
HINDUNILVR,FMCG,interest_coverage,208.39,16.67,2021.0
HINDUNILVR,FMCG,interest_coverage,70.63,32.14,2020.0
HINDUNILVR,FMCG,interest_coverage,94.57,27.38,2019.0
HINDUNILVR,FMCG,interest_coverage,79.51,29.76,2018.0
ITC,FMCG,interest_coverage,362.96,4.76,2024.0
ITC,FMCG,interest_coverage,356.44,5.95,2023.0
ITC,FMCG,interest_coverage,338.66,8.33,2021.0
ITC,FMCG,interest_coverage,375.55,3.57,2022.0
ITC,FMCG,interest_coverage,351.61,7.14,2017.0
ITC,FMCG,interest_coverage,268.65,13.1,2020.0
ITC,FMCG,interest_coverage,205.31,19.05,2016.0
ITC,FMCG,interest_coverage,484.34,1.19,2014.0
ITC,FMCG,interest_coverage,170.12,21.43,2015.0
ITC,FMCG,interest_coverage,290.38,9.52,2019.0
ITC,FMCG,interest_coverage,163.14,22.62,2018.0
ITC,FMCG,interest_coverage,111.79,25.0,2013.0
BRITANNIA,FMCG,interest_coverage,208.38,17.86,2018.0
BRITANNIA,FMCG,interest_coverage,25.42,53.57,2021.0
BRITANNIA,FMCG,interest_coverage,215.33,15.48,2019.0
BRITANNIA,FMCG,interest_coverage,20.28,72.62,2023.0
BRITANNIA,FMCG,interest_coverage,20.6,66.67,2024.0
BRITANNIA,FMCG,interest_coverage,16.83,78.57,2022.0
BRITANNIA,FMCG,interest_coverage,267.8,14.29,2016.0
BRITANNIA,FMCG,interest_coverage,285.8,10.71,2017.0
BRITANNIA,FMCG,interest_coverage,27.35,51.19,2020.0
BRITANNIA,FMCG,interest_coverage,274.5,11.9,2015.0
BRITANNIA,FMCG,interest_coverage,82.62,28.57,2014.0
BRITANNIA,FMCG,interest_coverage,11.54,89.29,2013.0
DABUR,FMCG,interest_coverage,33.48,46.43,2017.0
DABUR,FMCG,interest_coverage,36.15,44.05,2016.0
DABUR,FMCG,interest_coverage,23.85,59.52,2014.0
DABUR,FMCG,interest_coverage,36.85,42.86,2015.0
DABUR,FMCG,interest_coverage,36.0,45.24,2018.0
DABUR,FMCG,interest_coverage,18.51,73.81,2013.0
DABUR,FMCG,interest_coverage,32.7,48.81,2019.0
DABUR,FMCG,interest_coverage,65.64,33.33,2022.0
DABUR,FMCG,interest_coverage,23.24,60.71,2024.0
DABUR,FMCG,interest_coverage,33.42,47.62,2023.0
DABUR,FMCG,interest_coverage,75.06,30.95,2021.0
DABUR,FMCG,interest_coverage,39.94,40.48,2020.0
NESTLEIND,FMCG,interest_coverage,20.41,69.05,2020.0
NESTLEIND,FMCG,interest_coverage,41.19,39.29,2024.0
NESTLEIND,FMCG,interest_coverage,38.55,41.67,2023.0
NESTLEIND,FMCG,interest_coverage,24.6,57.74,2022.0
NESTLEIND,FMCG,interest_coverage,17.08,77.38,2021.0
NESTLEIND,FMCG,interest_coverage,55.27,35.71,2013.0
NESTLEIND,FMCG,interest_coverage,151.86,23.81,2014.0
NESTLEIND,FMCG,interest_coverage,24.72,55.95,2017.0
NESTLEIND,FMCG,interest_coverage,388.0,2.38,2015.0
NESTLEIND,FMCG,interest_coverage,21.87,63.1,2016.0
NESTLEIND,FMCG,interest_coverage,24.6,57.74,2019.0
NESTLEIND,FMCG,interest_coverage,25.69,52.38,2018.0
GODREJCP,FMCG,interest_coverage,10.48,92.86,2019.0
GODREJCP,FMCG,interest_coverage,13.68,82.14,2018.0
GODREJCP,FMCG,interest_coverage,17.55,75.0,2021.0
GODREJCP,FMCG,interest_coverage,12.88,86.9,2017.0
GODREJCP,FMCG,interest_coverage,10.9,90.48,2016.0
GODREJCP,FMCG,interest_coverage,12.96,85.71,2015.0
GODREJCP,FMCG,interest_coverage,10.26,94.05,2014.0
GODREJCP,FMCG,interest_coverage,13.67,83.33,2013.0
GODREJCP,FMCG,interest_coverage,9.59,96.43,2020.0
GODREJCP,FMCG,interest_coverage,20.39,70.24,2022.0
GODREJCP,FMCG,interest_coverage,2.41,100.0,2024.0
GODREJCP,FMCG,interest_coverage,13.6,84.52,2023.0
TATACONSUM,FMCG,interest_coverage,25.32,54.76,2024.0
TATACONSUM,FMCG,interest_coverage,16.8,79.76,2023.0
TATACONSUM,FMCG,interest_coverage,20.77,65.48,2022.0
TATACONSUM,FMCG,interest_coverage,22.4,61.9,2021.0
TATACONSUM,FMCG,interest_coverage,20.44,67.86,2017.0
TATACONSUM,FMCG,interest_coverage,9.83,95.24,2013.0
TATACONSUM,FMCG,interest_coverage,10.6,91.67,2014.0
TATACONSUM,FMCG,interest_coverage,8.72,97.62,2015.0
TATACONSUM,FMCG,interest_coverage,16.36,80.95,2020.0
TATACONSUM,FMCG,interest_coverage,3.45,98.81,2016.0
TATACONSUM,FMCG,interest_coverage,17.54,76.19,2018.0
TATACONSUM,FMCG,interest_coverage,11.67,88.1,2019.0
HINDUNILVR,FMCG,asset_turnover,2.23,7.14,2013.0
HINDUNILVR,FMCG,asset_turnover,0.83,63.1,2023.0
HINDUNILVR,FMCG,asset_turnover,2.13,12.5,2014.0
HINDUNILVR,FMCG,asset_turnover,2.22,8.33,2015.0
HINDUNILVR,FMCG,asset_turnover,0.79,67.26,2024.0
HINDUNILVR,FMCG,asset_turnover,2.18,10.71,2016.0
HINDUNILVR,FMCG,asset_turnover,0.74,78.57,2022.0
HINDUNILVR,FMCG,asset_turnover,2.11,14.88,2017.0
HINDUNILVR,FMCG,asset_turnover,0.68,85.12,2021.0
HINDUNILVR,FMCG,asset_turnover,1.97,17.86,2020.0
HINDUNILVR,FMCG,asset_turnover,2.11,14.88,2019.0
HINDUNILVR,FMCG,asset_turnover,1.99,16.67,2018.0
ITC,FMCG,asset_turnover,0.77,72.02,2024.0
ITC,FMCG,asset_turnover,0.83,63.1,2023.0
ITC,FMCG,asset_turnover,0.67,89.29,2021.0
ITC,FMCG,asset_turnover,0.79,67.26,2022.0
ITC,FMCG,asset_turnover,0.77,72.02,2017.0
ITC,FMCG,asset_turnover,0.64,94.05,2020.0
ITC,FMCG,asset_turnover,0.76,76.19,2016.0
ITC,FMCG,asset_turnover,0.86,55.95,2014.0
ITC,FMCG,asset_turnover,0.84,59.52,2015.0
ITC,FMCG,asset_turnover,0.67,89.29,2019.0
ITC,FMCG,asset_turnover,0.68,85.12,2018.0
ITC,FMCG,asset_turnover,0.89,51.19,2013.0
BRITANNIA,FMCG,asset_turnover,1.91,19.05,2018.0
BRITANNIA,FMCG,asset_turnover,1.64,30.95,2021.0
BRITANNIA,FMCG,asset_turnover,1.77,25.0,2019.0
BRITANNIA,FMCG,asset_turnover,1.74,26.19,2023.0
BRITANNIA,FMCG,asset_turnover,1.85,22.62,2024.0
BRITANNIA,FMCG,asset_turnover,1.88,20.83,2022.0
BRITANNIA,FMCG,asset_turnover,2.4,4.76,2016.0
BRITANNIA,FMCG,asset_turnover,2.2,9.52,2017.0
BRITANNIA,FMCG,asset_turnover,1.48,32.14,2020.0
BRITANNIA,FMCG,asset_turnover,2.81,3.57,2015.0
BRITANNIA,FMCG,asset_turnover,3.28,1.79,2014.0
BRITANNIA,FMCG,asset_turnover,3.28,1.79,2013.0
DABUR,FMCG,asset_turnover,0.98,45.24,2017.0
DABUR,FMCG,asset_turnover,1.12,42.86,2016.0
DABUR,FMCG,asset_turnover,1.33,39.29,2014.0
DABUR,FMCG,asset_turnover,1.28,41.67,2015.0
DABUR,FMCG,asset_turnover,0.89,51.19,2018.0
DABUR,FMCG,asset_turnover,1.3,40.48,2013.0
DABUR,FMCG,asset_turnover,1.01,44.05,2019.0
DABUR,FMCG,asset_turnover,0.89,51.19,2022.0
DABUR,FMCG,asset_turnover,0.82,65.48,2024.0
DABUR,FMCG,asset_turnover,0.84,59.52,2023.0
DABUR,FMCG,asset_turnover,0.88,53.57,2021.0
DABUR,FMCG,asset_turnover,0.93,46.43,2020.0
NESTLEIND,FMCG,asset_turnover,1.69,29.17,2020.0
NESTLEIND,FMCG,asset_turnover,2.32,5.95,2024.0
NESTLEIND,FMCG,asset_turnover,2.13,12.5,2023.0
NESTLEIND,FMCG,asset_turnover,1.88,20.83,2022.0
NESTLEIND,FMCG,asset_turnover,1.79,23.81,2021.0
NESTLEIND,FMCG,asset_turnover,1.44,33.33,2013.0
NESTLEIND,FMCG,asset_turnover,1.69,29.17,2014.0
NESTLEIND,FMCG,asset_turnover,1.36,35.71,2017.0
NESTLEIND,FMCG,asset_turnover,1.34,37.5,2015.0
NESTLEIND,FMCG,asset_turnover,1.34,37.5,2016.0
NESTLEIND,FMCG,asset_turnover,1.72,27.38,2019.0
NESTLEIND,FMCG,asset_turnover,1.4,34.52,2018.0
GODREJCP,FMCG,asset_turnover,0.73,79.76,2019.0
GODREJCP,FMCG,asset_turnover,0.71,82.74,2018.0
GODREJCP,FMCG,asset_turnover,0.77,72.02,2021.0
GODREJCP,FMCG,asset_turnover,0.72,80.95,2017.0
GODREJCP,FMCG,asset_turnover,0.87,54.76,2016.0
GODREJCP,FMCG,asset_turnover,0.91,48.21,2015.0
GODREJCP,FMCG,asset_turnover,0.91,48.21,2014.0
GODREJCP,FMCG,asset_turnover,0.83,63.1,2013.0
GODREJCP,FMCG,asset_turnover,0.67,89.29,2020.0
GODREJCP,FMCG,asset_turnover,0.76,76.19,2022.0
GODREJCP,FMCG,asset_turnover,0.77,72.02,2024.0
GODREJCP,FMCG,asset_turnover,0.76,76.19,2023.0
TATACONSUM,FMCG,asset_turnover,0.55,98.81,2024.0
TATACONSUM,FMCG,asset_turnover,0.61,95.24,2023.0
TATACONSUM,FMCG,asset_turnover,0.59,96.43,2022.0
TATACONSUM,FMCG,asset_turnover,0.57,97.62,2021.0
TATACONSUM,FMCG,asset_turnover,0.71,82.74,2017.0
TATACONSUM,FMCG,asset_turnover,0.84,59.52,2013.0
TATACONSUM,FMCG,asset_turnover,0.78,69.05,2014.0
TATACONSUM,FMCG,asset_turnover,0.85,57.14,2015.0
TATACONSUM,FMCG,asset_turnover,0.52,100.0,2020.0
TATACONSUM,FMCG,asset_turnover,0.67,89.29,2016.0
TATACONSUM,FMCG,asset_turnover,0.65,92.86,2018.0
TATACONSUM,FMCG,asset_turnover,0.67,89.29,2019.0
BAJFINANCE,Consumer Finance,return_on_equity_pct,11.97,85.29,2021.0
BAJFINANCE,Consumer Finance,return_on_equity_pct,16.28,47.06,2020.0
BAJFINANCE,Consumer Finance,return_on_equity_pct,18.71,20.59,2015.0
BAJFINANCE,Consumer Finance,return_on_equity_pct,16.08,55.88,2022.0
BAJFINANCE,Consumer Finance,return_on_equity_pct,17.22,38.24,2016.0
BAJFINANCE,Consumer Finance,return_on_equity_pct,19.12,14.71,2017.0
BAJFINANCE,Consumer Finance,return_on_equity_pct,15.75,67.65,2018.0
BAJFINANCE,Consumer Finance,return_on_equity_pct,20.28,5.88,2019.0
BAJFINANCE,Consumer Finance,return_on_equity_pct,21.17,2.94,2023.0
BAJFINANCE,Consumer Finance,return_on_equity_pct,18.84,17.65,2024.0
CHOLAFIN,Consumer Finance,return_on_equity_pct,18.3,29.41,2022.0
CHOLAFIN,Consumer Finance,return_on_equity_pct,12.85,82.35,2020.0
CHOLAFIN,Consumer Finance,return_on_equity_pct,19.28,11.76,2019.0
CHOLAFIN,Consumer Finance,return_on_equity_pct,15.67,70.59,2016.0
CHOLAFIN,Consumer Finance,return_on_equity_pct,16.09,52.94,2014.0
CHOLAFIN,Consumer Finance,return_on_equity_pct,15.84,61.76,2021.0
CHOLAFIN,Consumer Finance,return_on_equity_pct,16.71,41.18,2017.0
CHOLAFIN,Consumer Finance,return_on_equity_pct,17.91,32.35,2018.0
CHOLAFIN,Consumer Finance,return_on_equity_pct,15.78,64.71,2013.0
CHOLAFIN,Consumer Finance,return_on_equity_pct,16.6,44.12,2015.0
CHOLAFIN,Consumer Finance,return_on_equity_pct,18.58,26.47,2023.0
CHOLAFIN,Consumer Finance,return_on_equity_pct,17.46,35.29,2024.0
SHRIRAMFIN,Consumer Finance,return_on_equity_pct,13.84,79.41,2023.0
SHRIRAMFIN,Consumer Finance,return_on_equity_pct,13.85,76.47,2020.0
SHRIRAMFIN,Consumer Finance,return_on_equity_pct,19.94,8.82,2013.0
SHRIRAMFIN,Consumer Finance,return_on_equity_pct,16.14,50.0,2019.0
SHRIRAMFIN,Consumer Finance,return_on_equity_pct,15.96,58.82,2014.0
SHRIRAMFIN,Consumer Finance,return_on_equity_pct,11.51,91.18,2021.0
SHRIRAMFIN,Consumer Finance,return_on_equity_pct,18.62,23.53,2018.0
SHRIRAMFIN,Consumer Finance,return_on_equity_pct,11.17,94.12,2017.0
SHRIRAMFIN,Consumer Finance,return_on_equity_pct,10.43,100.0,2022.0
SHRIRAMFIN,Consumer Finance,return_on_equity_pct,11.64,88.24,2016.0
SHRIRAMFIN,Consumer Finance,return_on_equity_pct,11.09,97.06,2015.0
SHRIRAMFIN,Consumer Finance,return_on_equity_pct,15.12,73.53,2024.0
BAJFINANCE,Consumer Finance,net_profit_margin_pct,16.57,55.88,2021.0
BAJFINANCE,Consumer Finance,net_profit_margin_pct,19.96,26.47,2020.0
BAJFINANCE,Consumer Finance,net_profit_margin_pct,16.65,50.0,2015.0
BAJFINANCE,Consumer Finance,net_profit_margin_pct,22.21,8.82,2022.0
BAJFINANCE,Consumer Finance,net_profit_margin_pct,17.52,44.12,2016.0
BAJFINANCE,Consumer Finance,net_profit_margin_pct,18.42,38.24,2017.0
BAJFINANCE,Consumer Finance,net_profit_margin_pct,19.58,32.35,2018.0
BAJFINANCE,Consumer Finance,net_profit_margin_pct,21.61,11.76,2019.0
BAJFINANCE,Consumer Finance,net_profit_margin_pct,27.79,2.94,2023.0
BAJFINANCE,Consumer Finance,net_profit_margin_pct,26.29,5.88,2024.0
CHOLAFIN,Consumer Finance,net_profit_margin_pct,21.23,14.71,2022.0
CHOLAFIN,Consumer Finance,net_profit_margin_pct,12.1,82.35,2020.0
CHOLAFIN,Consumer Finance,net_profit_margin_pct,16.84,47.06,2019.0
CHOLAFIN,Consumer Finance,net_profit_margin_pct,13.64,79.41,2016.0
CHOLAFIN,Consumer Finance,net_profit_margin_pct,11.22,97.06,2014.0
CHOLAFIN,Consumer Finance,net_profit_margin_pct,15.87,64.71,2021.0
CHOLAFIN,Consumer Finance,net_profit_margin_pct,15.3,67.65,2017.0
CHOLAFIN,Consumer Finance,net_profit_margin_pct,16.51,58.82,2018.0
CHOLAFIN,Consumer Finance,net_profit_margin_pct,11.98,85.29,2013.0
CHOLAFIN,Consumer Finance,net_profit_margin_pct,11.95,88.24,2015.0
CHOLAFIN,Consumer Finance,net_profit_margin_pct,20.68,20.59,2023.0
CHOLAFIN,Consumer Finance,net_profit_margin_pct,17.85,41.18,2024.0
SHRIRAMFIN,Consumer Finance,net_profit_margin_pct,19.74,29.41,2023.0
SHRIRAMFIN,Consumer Finance,net_profit_margin_pct,15.17,70.59,2020.0
SHRIRAMFIN,Consumer Finance,net_profit_margin_pct,20.87,17.65,2013.0
SHRIRAMFIN,Consumer Finance,net_profit_margin_pct,16.58,52.94,2019.0
SHRIRAMFIN,Consumer Finance,net_profit_margin_pct,16.02,61.76,2014.0
SHRIRAMFIN,Consumer Finance,net_profit_margin_pct,14.34,73.53,2021.0
SHRIRAMFIN,Consumer Finance,net_profit_margin_pct,18.88,35.29,2018.0
SHRIRAMFIN,Consumer Finance,net_profit_margin_pct,11.61,91.18,2017.0
SHRIRAMFIN,Consumer Finance,net_profit_margin_pct,14.13,76.47,2022.0
SHRIRAMFIN,Consumer Finance,net_profit_margin_pct,11.43,94.12,2016.0
SHRIRAMFIN,Consumer Finance,net_profit_margin_pct,11.2,100.0,2015.0
SHRIRAMFIN,Consumer Finance,net_profit_margin_pct,20.33,23.53,2024.0
BAJFINANCE,Consumer Finance,operating_profit_margin_pct,40.64,2.94,2021.0
BAJFINANCE,Consumer Finance,operating_profit_margin_pct,34.73,8.82,2020.0
BAJFINANCE,Consumer Finance,operating_profit_margin_pct,32.49,14.71,2015.0
BAJFINANCE,Consumer Finance,operating_profit_margin_pct,37.55,5.88,2022.0
BAJFINANCE,Consumer Finance,operating_profit_margin_pct,32.25,20.59,2016.0
BAJFINANCE,Consumer Finance,operating_profit_margin_pct,32.6,11.76,2017.0
BAJFINANCE,Consumer Finance,operating_profit_margin_pct,32.28,17.65,2018.0
BAJFINANCE,Consumer Finance,operating_profit_margin_pct,29.5,35.29,2019.0
BAJFINANCE,Consumer Finance,operating_profit_margin_pct,30.65,26.47,2023.0
BAJFINANCE,Consumer Finance,operating_profit_margin_pct,29.29,38.24,2024.0
CHOLAFIN,Consumer Finance,operating_profit_margin_pct,28.83,47.06,2022.0
CHOLAFIN,Consumer Finance,operating_profit_margin_pct,27.79,67.65,2020.0
CHOLAFIN,Consumer Finance,operating_profit_margin_pct,22.96,82.35,2019.0
CHOLAFIN,Consumer Finance,operating_profit_margin_pct,30.04,32.35,2016.0
CHOLAFIN,Consumer Finance,operating_profit_margin_pct,28.42,52.94,2014.0
CHOLAFIN,Consumer Finance,operating_profit_margin_pct,30.4,29.41,2021.0
CHOLAFIN,Consumer Finance,operating_profit_margin_pct,28.16,58.82,2017.0
CHOLAFIN,Consumer Finance,operating_profit_margin_pct,26.1,73.53,2018.0
CHOLAFIN,Consumer Finance,operating_profit_margin_pct,26.77,70.59,2013.0
CHOLAFIN,Consumer Finance,operating_profit_margin_pct,28.56,50.0,2015.0
CHOLAFIN,Consumer Finance,operating_profit_margin_pct,28.1,63.24,2023.0
CHOLAFIN,Consumer Finance,operating_profit_margin_pct,28.1,63.24,2024.0
SHRIRAMFIN,Consumer Finance,operating_profit_margin_pct,28.86,44.12,2023.0
SHRIRAMFIN,Consumer Finance,operating_profit_margin_pct,21.53,85.29,2020.0
SHRIRAMFIN,Consumer Finance,operating_profit_margin_pct,31.09,23.53,2013.0
SHRIRAMFIN,Consumer Finance,operating_profit_margin_pct,24.47,76.47,2019.0
SHRIRAMFIN,Consumer Finance,operating_profit_margin_pct,23.58,79.41,2014.0
SHRIRAMFIN,Consumer Finance,operating_profit_margin_pct,19.53,88.24,2021.0
SHRIRAMFIN,Consumer Finance,operating_profit_margin_pct,28.18,55.88,2018.0
SHRIRAMFIN,Consumer Finance,operating_profit_margin_pct,18.09,97.06,2017.0
SHRIRAMFIN,Consumer Finance,operating_profit_margin_pct,19.04,91.18,2022.0
SHRIRAMFIN,Consumer Finance,operating_profit_margin_pct,17.61,100.0,2016.0
SHRIRAMFIN,Consumer Finance,operating_profit_margin_pct,18.43,94.12,2015.0
SHRIRAMFIN,Consumer Finance,operating_profit_margin_pct,28.92,41.18,2024.0
BAJFINANCE,Consumer Finance,debt_to_equity,3.57,2.94,2021.0
BAJFINANCE,Consumer Finance,debt_to_equity,4.02,20.59,2020.0
BAJFINANCE,Consumer Finance,debt_to_equity,5.55,61.76,2015.0
BAJFINANCE,Consumer Finance,debt_to_equity,3.78,8.82,2022.0
BAJFINANCE,Consumer Finance,debt_to_equity,4.99,44.12,2016.0
BAJFINANCE,Consumer Finance,debt_to_equity,5.13,50.0,2017.0
BAJFINANCE,Consumer Finance,debt_to_equity,4.2,23.53,2018.0
BAJFINANCE,Consumer Finance,debt_to_equity,5.16,52.94,2019.0
BAJFINANCE,Consumer Finance,debt_to_equity,3.99,16.18,2023.0
BAJFINANCE,Consumer Finance,debt_to_equity,3.82,11.76,2024.0
CHOLAFIN,Consumer Finance,debt_to_equity,5.88,67.65,2022.0
CHOLAFIN,Consumer Finance,debt_to_equity,6.71,79.41,2020.0
CHOLAFIN,Consumer Finance,debt_to_equity,8.15,100.0,2019.0
CHOLAFIN,Consumer Finance,debt_to_equity,6.14,73.53,2016.0
CHOLAFIN,Consumer Finance,debt_to_equity,7.9,97.06,2014.0
CHOLAFIN,Consumer Finance,debt_to_equity,6.64,76.47,2021.0
CHOLAFIN,Consumer Finance,debt_to_equity,5.6,64.71,2017.0
CHOLAFIN,Consumer Finance,debt_to_equity,7.48,91.18,2018.0
CHOLAFIN,Consumer Finance,debt_to_equity,7.82,94.12,2013.0
CHOLAFIN,Consumer Finance,debt_to_equity,7.46,88.24,2015.0
CHOLAFIN,Consumer Finance,debt_to_equity,6.79,82.35,2023.0
CHOLAFIN,Consumer Finance,debt_to_equity,6.86,85.29,2024.0
SHRIRAMFIN,Consumer Finance,debt_to_equity,3.77,5.88,2023.0
SHRIRAMFIN,Consumer Finance,debt_to_equity,5.22,55.88,2020.0
SHRIRAMFIN,Consumer Finance,debt_to_equity,4.55,32.35,2013.0
SHRIRAMFIN,Consumer Finance,debt_to_equity,5.51,58.82,2019.0
SHRIRAMFIN,Consumer Finance,debt_to_equity,4.54,29.41,2014.0
SHRIRAMFIN,Consumer Finance,debt_to_equity,4.91,41.18,2021.0
SHRIRAMFIN,Consumer Finance,debt_to_equity,6.0,70.59,2018.0
SHRIRAMFIN,Consumer Finance,debt_to_equity,4.68,35.29,2017.0
SHRIRAMFIN,Consumer Finance,debt_to_equity,4.4,26.47,2022.0
SHRIRAMFIN,Consumer Finance,debt_to_equity,4.89,38.24,2016.0
SHRIRAMFIN,Consumer Finance,debt_to_equity,5.04,47.06,2015.0
SHRIRAMFIN,Consumer Finance,debt_to_equity,3.99,16.18,2024.0
BAJFINANCE,Consumer Finance,free_cash_flow,-1236.0,2.94,2021.0
BAJFINANCE,Consumer Finance,free_cash_flow,-33170.0,88.24,2020.0
BAJFINANCE,Consumer Finance,free_cash_flow,-7424.0,44.12,2015.0
BAJFINANCE,Consumer Finance,free_cash_flow,-30743.0,82.35,2022.0
BAJFINANCE,Consumer Finance,free_cash_flow,-10557.0,61.76,2016.0
BAJFINANCE,Consumer Finance,free_cash_flow,-13486.0,73.53,2017.0
BAJFINANCE,Consumer Finance,free_cash_flow,-19491.0,76.47,2018.0
BAJFINANCE,Consumer Finance,free_cash_flow,-34441.0,91.18,2019.0
BAJFINANCE,Consumer Finance,free_cash_flow,-52506.0,97.06,2023.0
BAJFINANCE,Consumer Finance,free_cash_flow,-79931.0,100.0,2024.0
CHOLAFIN,Consumer Finance,free_cash_flow,-3931.0,29.41,2022.0
CHOLAFIN,Consumer Finance,free_cash_flow,-2129.0,8.82,2020.0
CHOLAFIN,Consumer Finance,free_cash_flow,-9328.0,55.88,2019.0
CHOLAFIN,Consumer Finance,free_cash_flow,-2946.0,23.53,2016.0
CHOLAFIN,Consumer Finance,free_cash_flow,-2530.0,17.65,2014.0
CHOLAFIN,Consumer Finance,free_cash_flow,-10594.0,64.71,2021.0
CHOLAFIN,Consumer Finance,free_cash_flow,-1690.0,5.88,2017.0
CHOLAFIN,Consumer Finance,free_cash_flow,-7986.0,47.06,2018.0
CHOLAFIN,Consumer Finance,free_cash_flow,-3749.0,26.47,2013.0
CHOLAFIN,Consumer Finance,free_cash_flow,-2304.0,11.76,2015.0
CHOLAFIN,Consumer Finance,free_cash_flow,-29253.0,79.41,2023.0
CHOLAFIN,Consumer Finance,free_cash_flow,-38538.0,94.12,2024.0
SHRIRAMFIN,Consumer Finance,free_cash_flow,-12549.0,67.65,2023.0
SHRIRAMFIN,Consumer Finance,free_cash_flow,-2519.0,14.71,2020.0
SHRIRAMFIN,Consumer Finance,free_cash_flow,-8400.0,50.0,2013.0
SHRIRAMFIN,Consumer Finance,free_cash_flow,-5611.0,41.18,2019.0
SHRIRAMFIN,Consumer Finance,free_cash_flow,-4167.0,32.35,2014.0
SHRIRAMFIN,Consumer Finance,free_cash_flow,-4264.0,35.29,2021.0
SHRIRAMFIN,Consumer Finance,free_cash_flow,-13056.0,70.59,2018.0
SHRIRAMFIN,Consumer Finance,free_cash_flow,-2679.0,20.59,2017.0
SHRIRAMFIN,Consumer Finance,free_cash_flow,-8893.0,52.94,2022.0
SHRIRAMFIN,Consumer Finance,free_cash_flow,-5543.0,38.24,2016.0
SHRIRAMFIN,Consumer Finance,free_cash_flow,-9656.0,58.82,2015.0
SHRIRAMFIN,Consumer Finance,free_cash_flow,-31359.0,85.29,2024.0
BAJFINANCE,Consumer Finance,revenue_cagr_5yr,29.58707889397152,10.53,2021.0
BAJFINANCE,Consumer Finance,revenue_cagr_5yr,37.36788880500222,5.26,2020.0
BAJFINANCE,Consumer Finance,revenue_cagr_5yr,,,2015.0
BAJFINANCE,Consumer Finance,revenue_cagr_5yr,25.982728075047355,21.05,2022.0
BAJFINANCE,Consumer Finance,revenue_cagr_5yr,,,2016.0
BAJFINANCE,Consumer Finance,revenue_cagr_5yr,,,2017.0
BAJFINANCE,Consumer Finance,revenue_cagr_5yr,,,2018.0
BAJFINANCE,Consumer Finance,revenue_cagr_5yr,,,2019.0
BAJFINANCE,Consumer Finance,revenue_cagr_5yr,26.57512378511282,15.79,2023.0
BAJFINANCE,Consumer Finance,revenue_cagr_5yr,24.352642739542006,26.32,2024.0
CHOLAFIN,Consumer Finance,revenue_cagr_5yr,16.672223519677342,73.68,2022.0
CHOLAFIN,Consumer Finance,revenue_cagr_5yr,18.58556025181821,36.84,2020.0
CHOLAFIN,Consumer Finance,revenue_cagr_5yr,16.735030332037514,63.16,2019.0
CHOLAFIN,Consumer Finance,revenue_cagr_5yr,,,2016.0
CHOLAFIN,Consumer Finance,revenue_cagr_5yr,,,2014.0
CHOLAFIN,Consumer Finance,revenue_cagr_5yr,17.858630778154506,52.63,2021.0
CHOLAFIN,Consumer Finance,revenue_cagr_5yr,,,2017.0
CHOLAFIN,Consumer Finance,revenue_cagr_5yr,16.68437656235511,68.42,2018.0
CHOLAFIN,Consumer Finance,revenue_cagr_5yr,,,2013.0
CHOLAFIN,Consumer Finance,revenue_cagr_5yr,,,2015.0
CHOLAFIN,Consumer Finance,revenue_cagr_5yr,18.30709988146173,47.37,2023.0
CHOLAFIN,Consumer Finance,revenue_cagr_5yr,21.939164804975263,31.58,2024.0
SHRIRAMFIN,Consumer Finance,revenue_cagr_5yr,17.694877574792244,57.89,2023.0
SHRIRAMFIN,Consumer Finance,revenue_cagr_5yr,12.532292167201753,89.47,2020.0
SHRIRAMFIN,Consumer Finance,revenue_cagr_5yr,,,2013.0
SHRIRAMFIN,Consumer Finance,revenue_cagr_5yr,12.88328854393026,84.21,2019.0
SHRIRAMFIN,Consumer Finance,revenue_cagr_5yr,,,2014.0
SHRIRAMFIN,Consumer Finance,revenue_cagr_5yr,10.957339615615979,100.0,2021.0
SHRIRAMFIN,Consumer Finance,revenue_cagr_5yr,14.011434159366654,78.95,2018.0
SHRIRAMFIN,Consumer Finance,revenue_cagr_5yr,,,2017.0
SHRIRAMFIN,Consumer Finance,revenue_cagr_5yr,12.046811444085236,94.74,2022.0
SHRIRAMFIN,Consumer Finance,revenue_cagr_5yr,,,2016.0
SHRIRAMFIN,Consumer Finance,revenue_cagr_5yr,,,2015.0
SHRIRAMFIN,Consumer Finance,revenue_cagr_5yr,18.556070052776754,42.11,2024.0
BAJFINANCE,Consumer Finance,pat_cagr_5yr,28.147561056594416,26.32,2021.0
BAJFINANCE,Consumer Finance,pat_cagr_5yr,42.432110255975644,5.26,2020.0
BAJFINANCE,Consumer Finance,pat_cagr_5yr,,,2015.0
BAJFINANCE,Consumer Finance,pat_cagr_5yr,30.795202682788812,15.79,2022.0
BAJFINANCE,Consumer Finance,pat_cagr_5yr,,,2016.0
BAJFINANCE,Consumer Finance,pat_cagr_5yr,,,2017.0
BAJFINANCE,Consumer Finance,pat_cagr_5yr,,,2018.0
BAJFINANCE,Consumer Finance,pat_cagr_5yr,,,2019.0
BAJFINANCE,Consumer Finance,pat_cagr_5yr,35.75350595334395,10.53,2023.0
BAJFINANCE,Consumer Finance,pat_cagr_5yr,29.323134825979015,21.05,2024.0
CHOLAFIN,Consumer Finance,pat_cagr_5yr,24.57309396155174,36.84,2022.0
CHOLAFIN,Consumer Finance,pat_cagr_5yr,18.875273229313038,73.68,2020.0
CHOLAFIN,Consumer Finance,pat_cagr_5yr,26.604536128351008,31.58,2019.0
CHOLAFIN,Consumer Finance,pat_cagr_5yr,,,2016.0
CHOLAFIN,Consumer Finance,pat_cagr_5yr,,,2014.0
CHOLAFIN,Consumer Finance,pat_cagr_5yr,21.476500952977506,63.16,2021.0
CHOLAFIN,Consumer Finance,pat_cagr_5yr,,,2017.0
CHOLAFIN,Consumer Finance,pat_cagr_5yr,24.410888861750912,42.11,2018.0
CHOLAFIN,Consumer Finance,pat_cagr_5yr,,,2013.0
CHOLAFIN,Consumer Finance,pat_cagr_5yr,,,2015.0
CHOLAFIN,Consumer Finance,pat_cagr_5yr,23.757322966390348,47.37,2023.0
CHOLAFIN,Consumer Finance,pat_cagr_5yr,23.363417251672082,57.89,2024.0
SHRIRAMFIN,Consumer Finance,pat_cagr_5yr,18.753202713907747,78.95,2023.0
SHRIRAMFIN,Consumer Finance,pat_cagr_5yr,19.56534025314376,68.42,2020.0
SHRIRAMFIN,Consumer Finance,pat_cagr_5yr,,,2013.0
SHRIRAMFIN,Consumer Finance,pat_cagr_5yr,13.660409851906241,94.74,2019.0
SHRIRAMFIN,Consumer Finance,pat_cagr_5yr,,,2014.0
SHRIRAMFIN,Consumer Finance,pat_cagr_5yr,16.113552024963205,89.47,2021.0
SHRIRAMFIN,Consumer Finance,pat_cagr_5yr,11.744228615295228,100.0,2018.0
SHRIRAMFIN,Consumer Finance,pat_cagr_5yr,,,2017.0
SHRIRAMFIN,Consumer Finance,pat_cagr_5yr,16.53569410007547,84.21,2022.0
SHRIRAMFIN,Consumer Finance,pat_cagr_5yr,,,2016.0
SHRIRAMFIN,Consumer Finance,pat_cagr_5yr,,,2015.0
SHRIRAMFIN,Consumer Finance,pat_cagr_5yr,23.49387942502037,52.63,2024.0
BAJFINANCE,Consumer Finance,eps_cagr_5yr,24.91722377545407,26.32,2021.0
BAJFINANCE,Consumer Finance,eps_cagr_5yr,37.0406309505932,5.26,2020.0
BAJFINANCE,Consumer Finance,eps_cagr_5yr,,,2015.0
BAJFINANCE,Consumer Finance,eps_cagr_5yr,28.584556081898803,15.79,2022.0
BAJFINANCE,Consumer Finance,eps_cagr_5yr,,,2016.0
BAJFINANCE,Consumer Finance,eps_cagr_5yr,,,2017.0
BAJFINANCE,Consumer Finance,eps_cagr_5yr,,,2018.0
BAJFINANCE,Consumer Finance,eps_cagr_5yr,,,2019.0
BAJFINANCE,Consumer Finance,eps_cagr_5yr,34.60370963665493,10.53,2023.0
BAJFINANCE,Consumer Finance,eps_cagr_5yr,27.5561392815338,21.05,2024.0
CHOLAFIN,Consumer Finance,eps_cagr_5yr,23.636347834823447,42.11,2022.0
CHOLAFIN,Consumer Finance,eps_cagr_5yr,16.723531932969316,68.42,2020.0
CHOLAFIN,Consumer Finance,eps_cagr_5yr,24.57309396155174,34.21,2019.0
CHOLAFIN,Consumer Finance,eps_cagr_5yr,,,2016.0
CHOLAFIN,Consumer Finance,eps_cagr_5yr,,,2014.0
CHOLAFIN,Consumer Finance,eps_cagr_5yr,22.104343283362393,52.63,2021.0
CHOLAFIN,Consumer Finance,eps_cagr_5yr,,,2017.0
CHOLAFIN,Consumer Finance,eps_cagr_5yr,24.57309396155174,34.21,2018.0
CHOLAFIN,Consumer Finance,eps_cagr_5yr,,,2013.0
CHOLAFIN,Consumer Finance,eps_cagr_5yr,,,2015.0
CHOLAFIN,Consumer Finance,eps_cagr_5yr,21.67286837864115,57.89,2023.0
CHOLAFIN,Consumer Finance,eps_cagr_5yr,22.275238764557947,47.37,2024.0
SHRIRAMFIN,Consumer Finance,eps_cagr_5yr,9.856054330611785,100.0,2023.0
SHRIRAMFIN,Consumer Finance,eps_cagr_5yr,20.11244339814313,63.16,2020.0
SHRIRAMFIN,Consumer Finance,eps_cagr_5yr,,,2013.0
SHRIRAMFIN,Consumer Finance,eps_cagr_5yr,12.700920209792542,89.47,2019.0
SHRIRAMFIN,Consumer Finance,eps_cagr_5yr,,,2014.0
SHRIRAMFIN,Consumer Finance,eps_cagr_5yr,14.869835499703509,76.32,2021.0
SHRIRAMFIN,Consumer Finance,eps_cagr_5yr,10.756634324829006,94.74,2018.0
SHRIRAMFIN,Consumer Finance,eps_cagr_5yr,,,2017.0
SHRIRAMFIN,Consumer Finance,eps_cagr_5yr,14.869835499703509,76.32,2022.0
SHRIRAMFIN,Consumer Finance,eps_cagr_5yr,,,2016.0
SHRIRAMFIN,Consumer Finance,eps_cagr_5yr,,,2015.0
SHRIRAMFIN,Consumer Finance,eps_cagr_5yr,14.289655141156077,84.21,2024.0
BAJFINANCE,Consumer Finance,interest_coverage,3621.0,3.23,2021.0
BAJFINANCE,Consumer Finance,interest_coverage,1020.89,12.9,2020.0
BAJFINANCE,Consumer Finance,interest_coverage,68.35,38.71,2015.0
BAJFINANCE,Consumer Finance,interest_coverage,-700.65,96.77,2022.0
BAJFINANCE,Consumer Finance,interest_coverage,68.03,41.94,2016.0
BAJFINANCE,Consumer Finance,interest_coverage,149.05,35.48,2017.0
BAJFINANCE,Consumer Finance,interest_coverage,414.6,32.26,2018.0
BAJFINANCE,Consumer Finance,interest_coverage,422.15,29.03,2019.0
BAJFINANCE,Consumer Finance,interest_coverage,-2546.4,100.0,2023.0
BAJFINANCE,Consumer Finance,interest_coverage,2689.17,6.45,2024.0
CHOLAFIN,Consumer Finance,interest_coverage,35.18,48.39,2022.0
CHOLAFIN,Consumer Finance,interest_coverage,,,2020.0
CHOLAFIN,Consumer Finance,interest_coverage,1659.0,9.68,2019.0
CHOLAFIN,Consumer Finance,interest_coverage,643.5,22.58,2016.0
CHOLAFIN,Consumer Finance,interest_coverage,950.0,16.13,2014.0
CHOLAFIN,Consumer Finance,interest_coverage,52.41,45.16,2021.0
CHOLAFIN,Consumer Finance,interest_coverage,448.67,25.81,2017.0
CHOLAFIN,Consumer Finance,interest_coverage,,,2018.0
CHOLAFIN,Consumer Finance,interest_coverage,706.0,19.35,2013.0
CHOLAFIN,Consumer Finance,interest_coverage,,,2015.0
CHOLAFIN,Consumer Finance,interest_coverage,16.58,54.84,2023.0
CHOLAFIN,Consumer Finance,interest_coverage,21.21,51.61,2024.0
SHRIRAMFIN,Consumer Finance,interest_coverage,0.68,62.9,2023.0
SHRIRAMFIN,Consumer Finance,interest_coverage,0.43,77.42,2020.0
SHRIRAMFIN,Consumer Finance,interest_coverage,0.71,58.06,2013.0
SHRIRAMFIN,Consumer Finance,interest_coverage,0.51,70.97,2019.0
SHRIRAMFIN,Consumer Finance,interest_coverage,0.47,74.19,2014.0
SHRIRAMFIN,Consumer Finance,interest_coverage,0.38,83.87,2021.0
SHRIRAMFIN,Consumer Finance,interest_coverage,0.61,67.74,2018.0
SHRIRAMFIN,Consumer Finance,interest_coverage,0.38,83.87,2017.0
SHRIRAMFIN,Consumer Finance,interest_coverage,0.38,83.87,2022.0
SHRIRAMFIN,Consumer Finance,interest_coverage,0.36,91.94,2016.0
SHRIRAMFIN,Consumer Finance,interest_coverage,0.36,91.94,2015.0
SHRIRAMFIN,Consumer Finance,interest_coverage,0.68,62.9,2024.0
BAJFINANCE,Consumer Finance,asset_turnover,0.16,11.76,2021.0
BAJFINANCE,Consumer Finance,asset_turnover,0.16,11.76,2020.0
BAJFINANCE,Consumer Finance,asset_turnover,0.16,11.76,2015.0
BAJFINANCE,Consumer Finance,asset_turnover,0.15,42.65,2022.0
BAJFINANCE,Consumer Finance,asset_turnover,0.16,11.76,2016.0
BAJFINANCE,Consumer Finance,asset_turnover,0.16,11.76,2017.0
BAJFINANCE,Consumer Finance,asset_turnover,0.15,42.65,2018.0
BAJFINANCE,Consumer Finance,asset_turnover,0.15,42.65,2019.0
BAJFINANCE,Consumer Finance,asset_turnover,0.15,42.65,2023.0
BAJFINANCE,Consumer Finance,asset_turnover,0.15,42.65,2024.0
CHOLAFIN,Consumer Finance,asset_turnover,0.12,94.12,2022.0
CHOLAFIN,Consumer Finance,asset_turnover,0.14,72.06,2020.0
CHOLAFIN,Consumer Finance,asset_turnover,0.12,94.12,2019.0
CHOLAFIN,Consumer Finance,asset_turnover,0.15,42.65,2016.0
CHOLAFIN,Consumer Finance,asset_turnover,0.15,42.65,2014.0
CHOLAFIN,Consumer Finance,asset_turnover,0.13,85.29,2021.0
CHOLAFIN,Consumer Finance,asset_turnover,0.15,42.65,2017.0
CHOLAFIN,Consumer Finance,asset_turnover,0.13,85.29,2018.0
CHOLAFIN,Consumer Finance,asset_turnover,0.14,72.06,2013.0
CHOLAFIN,Consumer Finance,asset_turnover,0.16,11.76,2015.0
CHOLAFIN,Consumer Finance,asset_turnover,0.11,100.0,2023.0
CHOLAFIN,Consumer Finance,asset_turnover,0.12,94.12,2024.0
SHRIRAMFIN,Consumer Finance,asset_turnover,0.14,72.06,2023.0
SHRIRAMFIN,Consumer Finance,asset_turnover,0.14,72.06,2020.0
SHRIRAMFIN,Consumer Finance,asset_turnover,0.15,42.65,2013.0
SHRIRAMFIN,Consumer Finance,asset_turnover,0.15,42.65,2019.0
SHRIRAMFIN,Consumer Finance,asset_turnover,0.16,11.76,2014.0
SHRIRAMFIN,Consumer Finance,asset_turnover,0.13,85.29,2021.0
SHRIRAMFIN,Consumer Finance,asset_turnover,0.14,72.06,2018.0
SHRIRAMFIN,Consumer Finance,asset_turnover,0.15,42.65,2017.0
SHRIRAMFIN,Consumer Finance,asset_turnover,0.14,72.06,2022.0
SHRIRAMFIN,Consumer Finance,asset_turnover,0.15,42.65,2016.0
SHRIRAMFIN,Consumer Finance,asset_turnover,0.15,42.65,2015.0
SHRIRAMFIN,Consumer Finance,asset_turnover,0.15,42.65,2024.0
